fecha_desaparicion;fecha_denuncia;fecha_conocimiento;zona;distrito;circuito;subcircuito;codigo_provincia;provincia;codigo_canton;canton;dias_solucion;latitud_desaparicion;longitud_desaparicion;sexo;nacionalidad;edad;rango_edad;etnia;fecha_localizacion;latitud_localizacion;longitud_localizacion;provincia_localizacion;situacion_actual;motivo_desaparicion;motivacion_desaparicion_observada;estado_desaparecido
31/12/2025;31/12/2025;31/12/2025;ZONA 9;EUGENIO ESPEJO;IÑAQUITO;IÑAQUITO 2;17;PICHINCHA;1701;QUITO;0;-0,173695;-78,487248;HOMBRE;ECUADOR;56;ADULTO;MESTIZO/A;31/12/2025;-0,18299;-78,485232;PICHINCHA;ENCONTRADO;CAUSAS PERSONALES;CIRCUNSTANCIAL;DESAPARICIÓN VOLUNTARIA
31/12/2025;2/1/2026;2/1/2026;ZONA 9;ELOY ALFARO - DMQ;ARGELIA;ARGELIA 4;17;PICHINCHA;1701;QUITO;172800;-0,291806;-78,526762;MUJER;ECUADOR;16;ADOLESCENTES;MESTIZO/A;2/1/2026;-0,305761;-78,554283;PICHINCHA;ENCONTRADO;CAUSAS PERSONALES;CIRCUNSTANCIAL;DESAPARICIÓN VOLUNTARIA
31/12/2025;31/12/2025;31/12/2025;ZONA 9;EUGENIO ESPEJO;UNIVERSITARIO;UNIVERSITARIO 1;17;PICHINCHA;1701;QUITO;259200;-0,197653;-78,497839;HOMBRE;ECUADOR;17;ADOLESCENTES;MESTIZO/A;3/1/2026;-0,108971;-78,457232;PICHINCHA;ENCONTRADO;CAUSAS PERSONALES;CIRCUNSTANCIAL;DESAPARICIÓN VOLUNTARIA
30/12/2025;7/1/2026;7/1/2026;ZONA 9;ELOY ALFARO - DMQ;MENA;MENA 5;17;PICHINCHA;1701;QUITO;777600;-0,270212;-78,557467;MUJER;ECUADOR;16;ADOLESCENTES;MESTIZO/A;8/1/2026;-0,126159;-78,477091;PICHINCHA;ENCONTRADO;CAUSAS FAMILIARES;NO RELACIONADOS A VIOLENCIA;DESAPARICIÓN VOLUNTARIA
30/12/2025;30/12/2025;30/12/2025;ZONA 9;EUGENIO ESPEJO;EL BOSQUE;EL BOSQUE 4;17;PICHINCHA;1701;QUITO;172800;-0,177566;-78,500961;HOMBRE;ECUADOR;29;ADULTO;MESTIZO/A;1/1/2026;-0,142208;-78,500101;PICHINCHA;ENCONTRADO;CAUSAS PERSONALES;CIRCUNSTANCIAL;DESAPARICIÓN VOLUNTARIA
30/12/2025;31/12/2025;31/12/2025;ZONA 9;ELOY ALFARO - DMQ;BARRIO NUEVO;BARRIO NUEVO 3;17;PICHINCHA;1701;QUITO;259200;-0,27995;-78,541583;MUJER;ECUADOR;15;ADOLESCENTES;MESTIZO/A;2/1/2026;-0,302907;-78,545627;PICHINCHA;ENCONTRADO;CAUSAS PERSONALES;CIRCUNSTANCIAL;DESAPARICIÓN VOLUNTARIA
30/12/2025;8/1/2026;8/1/2026;ZONA 9;QUITUMBE;GUAMANÍ;GUAMANÍ 4;17;PICHINCHA;1701;QUITO;1382400;-0,340792;-78,557679;HOMBRE;ECUADOR;22;ADULTO;MESTIZO/A;15/1/2026;-0,142177;-78,499755;PICHINCHA;ENCONTRADO;CAUSAS SOCIALES;DROGADICCIÓN;DESAPARICIÓN VOLUNTARIA
30/12/2025;16/1/2026;19/1/2026;ZONA 9;QUITUMBE;ECUATORIANA;ECUATORIANA 1;17;PICHINCHA;1701;QUITO;1987200;-0,2953;-78,567097;MUJER;ECUADOR;14;ADOLESCENTES;AFRO;22/1/2026;-0,244225;-78,540532;PICHINCHA;ENCONTRADO;VIOLENCIA;VIOLENCIA FÍSICA;DESAPARICIÓN VOLUNTARIA
30/12/2025;16/1/2026;19/1/2026;ZONA 9;QUITUMBE;ECUATORIANA;ECUATORIANA 1;17;PICHINCHA;1701;QUITO;2419200;-0,2953;-78,567097;HOMBRE;ECUADOR;13;ADOLESCENTES;AFRO;27/1/2026;-0,30532;-78,565491;PICHINCHA;ENCONTRADO;CAUSAS PERSONALES;CIRCUNSTANCIAL;DESAPARICIÓN VOLUNTARIA
29/12/2025;29/12/2025;29/12/2025;ZONA 9;EUGENIO ESPEJO;LAS CASAS;LAS CASAS 1;17;PICHINCHA;1701;QUITO;0;-0,190858;-78,501395;MUJER;ECUADOR;15;ADOLESCENTES;MESTIZO/A;29/12/2025;-0,216349;-78,396278;PICHINCHA;ENCONTRADO;CAUSAS PERSONALES;CIRCUNSTANCIAL;DESAPARICIÓN VOLUNTARIA
29/12/2025;30/12/2025;30/12/2025;ZONA 9;MANUELA SÁENZ;EL PLACER;EL PLACER 1;17;PICHINCHA;1701;QUITO;345600;-0,216506;-78,519335;HOMBRE;ECUADOR;35;ADULTO;MESTIZO/A;2/1/2026;-0,142626;-78,500134;PICHINCHA;ENCONTRADO;CAUSAS PERSONALES;CIRCUNSTANCIAL;DESAPARICIÓN VOLUNTARIA
29/12/2025;31/12/2025;31/12/2025;ZONA 9;ELOY ALFARO - DMQ;ARGELIA;ARGELIA 8;17;PICHINCHA;1701;QUITO;345600;-0,280435;-78,528521;MUJER;ECUADOR;13;ADOLESCENTES;MESTIZO/A;2/1/2026;-0,142219;-78,50025;PICHINCHA;ENCONTRADO;CAUSAS PERSONALES;CIRCUNSTANCIAL;DESAPARICIÓN VOLUNTARIA
28/12/2025;30/12/2025;30/12/2025;ZONA 9;QUITUMBE;CHILLOGALLO;CHILLOGALLO 3;17;PICHINCHA;1701;QUITO;172800;-0,284808;-78,566669;HOMBRE;ECUADOR;17;ADOLESCENTES;MESTIZO/A;30/12/2025;-0,30428;-78,552321;PICHINCHA;ENCONTRADO;CAUSAS PERSONALES;CIRCUNSTANCIAL;DESAPARICIÓN VOLUNTARIA
27/12/2025;28/12/2025;28/12/2025;ZONA 9;ELOY ALFARO - DMQ;CHILIBULO;CHILIBULO 4;17;PICHINCHA;1701;QUITO;172800;-0,238009;-78,544091;HOMBRE;ECUADOR;37;ADULTO;MESTIZO/A;29/12/2025;-0,231601;-78,530924;PICHINCHA;ENCONTRADO;POSIBLE VINCULACIÓN A DELITO;ROBO (ESCOPOLAMINA U OTRA DROGA ALUCINÓGENA ALTAMENTE TÓXICA);DESAPARICIÓN INVOLUNTARIA
27/12/2025;30/12/2025;30/12/2025;ZONA 9;TUMBACO;PIFO;PIFO 2;17;PICHINCHA;1701;QUITO;345600;-0,227165;-78,336626;HOMBRE;ECUADOR;41;ADULTO;MESTIZO/A;31/12/2025;0,136814;-79,408107;ESMERALDAS;FALLECIDO;FALLECIDO;SIN_DATO;DESAPARICIÓN INVOLUNTARIA
27/12/2025;30/12/2025;2/1/2026;ZONA 9;QUITUMBE;QUITUMBE;QUITUMBE 4;17;PICHINCHA;1701;QUITO;691200;-0,299851;-78,52361;MUJER;ECUADOR;17;ADOLESCENTES;MESTIZO/A;4/1/2026;-0,142136;-78,500002;PICHINCHA;ENCONTRADO;CAUSAS PERSONALES;CIRCUNSTANCIAL;DESAPARICIÓN VOLUNTARIA
26/12/2025;27/12/2025;27/12/2025;ZONA 9;ELOY ALFARO - DMQ;MENA;MENA 3;17;PICHINCHA;1701;QUITO;86400;-0,255746;-78,558364;MUJER;ECUADOR;13;ADOLESCENTES;MESTIZO/A;27/12/2025;-0,251053;-78,538431;PICHINCHA;ENCONTRADO;CAUSAS PERSONALES;CIRCUNSTANCIAL;DESAPARICIÓN VOLUNTARIA
26/12/2025;15/1/2026;17/1/2026;ZONA 9;MANUELA SÁENZ;MONJAS COLLACOTO;MONJAS COLLACOTO 1;17;PICHINCHA;1701;QUITO;2678400;-0,23538;-78,481756;MUJER;ECUADOR;14;ADOLESCENTES;MESTIZO/A;26/1/2026;-0,142262;-78,500155;PICHINCHA;ENCONTRADO;CAUSAS PERSONALES;RELACIÓN AFECTIVA;DESAPARICIÓN VOLUNTARIA
26/12/2025;27/12/2025;27/12/2025;ZONA 9;EUGENIO ESPEJO;IÑAQUITO;IÑAQUITO 2;17;PICHINCHA;1701;QUITO;86400;-0,180862;-78,489361;MUJER;ECUADOR;47;ADULTO;MESTIZO/A;27/12/2025;-0,180887;-78,489417;PICHINCHA;ENCONTRADO;CAUSAS PERSONALES;CIRCUNSTANCIAL;DESAPARICIÓN VOLUNTARIA
26/12/2025;27/12/2025;27/12/2025;ZONA 9;EUGENIO ESPEJO;COCHAPAMBA;COCHAPAMBA 4;17;PICHINCHA;1701;QUITO;86400;-0,128751;-78,514234;HOMBRE;ECUADOR;64;ADULTO;MESTIZO/A;27/12/2025;-0,143367;-78,505188;PICHINCHA;ENCONTRADO;CAUSAS PERSONALES;CIRCUNSTANCIAL;DESAPARICIÓN VOLUNTARIA
26/12/2025;27/12/2025;27/12/2025;ZONA 9;CALDERÓN;CARAPUNGO;CARAPUNGO 3;17;PICHINCHA;1701;QUITO;345600;-0,094921;-78,45306;MUJER;ECUADOR;14;ADOLESCENTES;MESTIZO/A;30/12/2025;-0,142655;-78,500109;PICHINCHA;ENCONTRADO;CAUSAS PERSONALES;CIRCUNSTANCIAL;DESAPARICIÓN VOLUNTARIA
25/12/2025;25/12/2025;25/12/2025;ZONA 9;MANUELA SÁENZ;SAN JUAN;SAN JUAN 4;17;PICHINCHA;1701;QUITO;172800;-0,215241;-78,516766;HOMBRE;ECUADOR;8;NIÑOS(AS);MESTIZO/A;27/12/2025;-0,109681;-78,467695;PICHINCHA;ENCONTRADO;CAUSAS PERSONALES;CIRCUNSTANCIAL;DESAPARICIÓN VOLUNTARIA
25/12/2025;26/12/2025;26/12/2025;ZONA 9;ELOY ALFARO - DMQ;BARRIO NUEVO;BARRIO NUEVO 2;17;PICHINCHA;1701;QUITO;864000;-0,28099;-78,545531;MUJER;ECUADOR;14;ADOLESCENTES;MESTIZO/A;4/1/2026;-0,331244;-78,566047;PICHINCHA;ENCONTRADO;CAUSAS PERSONALES;CIRCUNSTANCIAL;DESAPARICIÓN VOLUNTARIA
24/12/2025;25/12/2025;25/12/2025;ZONA 9;MANUELA SÁENZ;SAN JUAN;SAN JUAN 4;17;PICHINCHA;1701;QUITO;345600;-0,215294;-78,515037;HOMBRE;ECUADOR;39;ADULTO;MESTIZO/A;28/12/2025;-0,222892;-78,509522;PICHINCHA;ENCONTRADO;CAUSAS PERSONALES;CIRCUNSTANCIAL;DESAPARICIÓN VOLUNTARIA
24/12/2025;26/12/2025;26/12/2025;ZONA 9;LA DELICIA;LA ROLDÓS;LA ROLDÓS 3;17;PICHINCHA;1701;QUITO;259200;-0,092329;-78,521271;MUJER;ECUADOR;14;ADOLESCENTES;AFRO;27/12/2025;-0,142144;-78,500219;PICHINCHA;ENCONTRADO;CAUSAS PERSONALES;CIRCUNSTANCIAL;DESAPARICIÓN VOLUNTARIA
23/12/2025;26/12/2025;26/12/2025;ZONA 9;MANUELA SÁENZ;SAN JUAN;SAN JUAN 1;17;PICHINCHA;1701;QUITO;1036800;-0,211705;-78,504894;MUJER;ECUADOR;16;ADOLESCENTES;MESTIZO/A;4/1/2026;-0,2854;-78,519538;PICHINCHA;ENCONTRADO;CAUSAS PERSONALES;CIRCUNSTANCIAL;DESAPARICIÓN VOLUNTARIA
23/12/2025;29/12/2025;3/1/2026;ZONA 9;ELOY ALFARO - DMQ;MAGDALENA;MAGDALENA 3;17;PICHINCHA;1701;QUITO;1123200;-0,244885;-78,521992;MUJER;ECUADOR;13;ADOLESCENTES;MESTIZO/A;5/1/2026;-0,142294;-78,499864;PICHINCHA;ENCONTRADO;VIOLENCIA;VIOLENCIA FÍSICA;DESAPARICIÓN VOLUNTARIA
22/12/2025;23/12/2025;23/12/2025;ZONA 9;TUMBACO;YARUQUÍ;YARUQUÍ 1;17;PICHINCHA;1701;QUITO;950400;-0,160877;-78,323683;MUJER;ECUADOR;22;ADULTO;MESTIZO/A;2/1/2026;0,040491;-78,145012;PICHINCHA;ENCONTRADO;CAUSAS PERSONALES;CIRCUNSTANCIAL;DESAPARICIÓN VOLUNTARIA
22/12/2025;24/12/2025;25/12/2025;ZONA 9;LA DELICIA;MENA DEL HIERRO;MENA DEL HIERRO 1;17;PICHINCHA;1701;QUITO;1123200;-0,125469;-78,516668;HOMBRE;ECUADOR;45;ADULTO;MESTIZO/A;4/1/2026;-0,142353;-78,50273;PICHINCHA;ENCONTRADO;CAUSAS SOCIALES;ALCOHOLISMO;DESAPARICIÓN VOLUNTARIA
22/12/2025;22/12/2025;22/12/2025;ZONA 9;ELOY ALFARO - DMQ;MAGDALENA;MAGDALENA 3;17;PICHINCHA;1701;QUITO;3628800;-0,24102;-78,521248;MUJER;ECUADOR;18;ADULTO;MESTIZO/A;2/2/2026;-2,836248;-77,936244;MORONA SANTIAGO;ENCONTRADO;CAUSAS PERSONALES;RELACIÓN AFECTIVA;DESAPARICIÓN VOLUNTARIA
22/12/2025;30/12/2025;30/12/2025;ZONA 9;EUGENIO ESPEJO;KENNEDY;KENNEDY 4;17;PICHINCHA;1701;QUITO;2592000;-0,126747;-78,480759;HOMBRE;ECUADOR;38;ADULTO;MESTIZO/A;21/1/2026;-0,141983;-78,500229;PICHINCHA;ENCONTRADO;CAUSAS PERSONALES;CIRCUNSTANCIAL;DESAPARICIÓN VOLUNTARIA
21/12/2025;24/12/2025;24/12/2025;ZONA 9;MANUELA SÁENZ;EL PLACER;EL PLACER 2;17;PICHINCHA;1701;QUITO;518400;-0,208809;-78,527791;HOMBRE;ECUADOR;52;ADULTO;MESTIZO/A;27/12/2025;-0,181851;-78,50394;PICHINCHA;FALLECIDO;FALLECIDO;SIN_DATO;DESAPARICIÓN INVOLUNTARIA
20/12/2025;27/1/2026;28/1/2026;ZONA 9;EUGENIO ESPEJO;AEROPUERTO;AEROPUERTO 4;17;PICHINCHA;1701;QUITO;6566400;-0,148989;-78,492629;HOMBRE;COLOMBIA;31;ADULTO;MESTIZO/A;6/3/2026;-0,142389;-78,500325;PICHINCHA;ENCONTRADO;CAUSAS SOCIALES;MIGRACIÓN/MOVILIDAD HUMANA;DESAPARICIÓN VOLUNTARIA
20/12/2025;22/12/2025;22/12/2025;ZONA 9;LA DELICIA;EL MIRADOR;EL MIRADOR 3;17;PICHINCHA;1701;QUITO;1728000;-0,119571;-78,464663;MUJER;ECUADOR;15;ADOLESCENTES;MESTIZO/A;9/1/2026;-0,121841;-78,468728;PICHINCHA;ENCONTRADO;CAUSAS PERSONALES;RELACIÓN AFECTIVA;DESAPARICIÓN VOLUNTARIA
20/12/2025;21/12/2025;21/12/2025;ZONA 9;TUMBACO;PIFO;PIFO 2;17;PICHINCHA;1701;QUITO;259200;-0,240922;-78,330902;HOMBRE;ECUADOR;35;ADULTO;MESTIZO/A;23/12/2025;-0,165751;-78,326708;PICHINCHA;ENCONTRADO;POSIBLE VINCULACIÓN A DELITO;ROBO (ESCOPOLAMINA U OTRA DROGA ALUCINÓGENA ALTAMENTE TÓXICA);DESAPARICIÓN INVOLUNTARIA
20/12/2025;22/12/2025;26/12/2025;ZONA 9;ELOY ALFARO - DMQ;MAGDALENA;MAGDALENA 3;17;PICHINCHA;1701;QUITO;1641600;-0,23818;-78,516902;MUJER;ECUADOR;42;ADULTO;MESTIZO/A;8/1/2026;-0,23818;-78,516902;PICHINCHA;ENCONTRADO;CAUSAS PERSONALES;CIRCUNSTANCIAL;DESAPARICIÓN VOLUNTARIA
19/12/2025;20/12/2025;20/12/2025;ZONA 9;EUGENIO ESPEJO;EL BOSQUE;EL BOSQUE 4;17;PICHINCHA;1701;QUITO;86400;-0,178496;-78,489228;HOMBRE;ECUADOR;28;ADULTO;MESTIZO/A;20/12/2025;-0,182054;-78,503943;PICHINCHA;FALLECIDO;FALLECIDO;SIN_DATO;DESAPARICIÓN INVOLUNTARIA
19/12/2025;19/12/2025;19/12/2025;ZONA 9;EUGENIO ESPEJO;KENNEDY;KENNEDY 3;17;PICHINCHA;1701;QUITO;86400;-0,140101;-78,480451;HOMBRE;ECUADOR;82;ADULTO MAYOR;MESTIZO/A;20/12/2025;-0,114175;-78,499461;PICHINCHA;ENCONTRADO;EXTRAVIADO - DISCAPACIDAD / ENFERMEDADES / TRASTORNOS;DISCAPACIDAD INTELECTUAL;EXTRAVÍO
19/12/2025;20/12/2025;20/12/2025;ZONA 9;MANUELA SÁENZ;PUENGASÍ;PUENGASÍ 3;17;PICHINCHA;1701;QUITO;259200;-0,24824;-78,497597;MUJER;ECUADOR;16;ADOLESCENTES;SIN_DATO;22/12/2025;-0,14237;-78,50021;PICHINCHA;ENCONTRADO;CAUSAS PERSONALES;CIRCUNSTANCIAL;DESAPARICIÓN VOLUNTARIA
19/12/2025;20/12/2025;20/12/2025;ZONA 9;EUGENIO ESPEJO;EL BOSQUE;EL BOSQUE 3;17;PICHINCHA;1701;QUITO;86400;-0,170958;-78,496248;HOMBRE;ECUADOR;31;ADULTO;MESTIZO/A;20/12/2025;-0,184912;-78,481622;PICHINCHA;ENCONTRADO;CAUSAS PERSONALES;CIRCUNSTANCIAL;DESAPARICIÓN VOLUNTARIA
19/12/2025;22/12/2025;22/12/2025;ZONA 9;TUMBACO;VÍA LÁCTEA;VÍA LÁCTEA 1;17;PICHINCHA;1701;QUITO;345600;-0,197046;-78,438663;HOMBRE;ECUADOR;20;ADULTO;MESTIZO/A;23/12/2025;-0,14237;-78,50021;PICHINCHA;ENCONTRADO;CAUSAS PERSONALES;CIRCUNSTANCIAL;DESAPARICIÓN VOLUNTARIA
19/12/2025;20/12/2025;20/12/2025;ZONA 9;TUMBACO;PIFO;PIFO 2;17;PICHINCHA;1701;QUITO;172800;-0,232825;-78,345132;HOMBRE;ECUADOR;25;ADULTO;MESTIZO/A;21/12/2025;-0,244563;-78,541036;PICHINCHA;ENCONTRADO;CAUSAS SOCIALES;ALCOHOLISMO;DESAPARICIÓN VOLUNTARIA
18/12/2025;26/12/2025;27/12/2025;ZONA 9;QUITUMBE;CHILLOGALLO;CHILLOGALLO 3;17;PICHINCHA;1701;QUITO;1468800;-0,285821;-78,564524;HOMBRE;ECUADOR;16;ADOLESCENTES;MESTIZO/A;4/1/2026;-0,281207;-78,524752;PICHINCHA;ENCONTRADO;CAUSAS FAMILIARES;NO RELACIONADOS A VIOLENCIA;DESAPARICIÓN VOLUNTARIA
18/12/2025;19/12/2025;19/12/2025;ZONA 9;TUMBACO;CUMBAYÁ SUR;CUMBAYÁ SUR 1;17;PICHINCHA;1701;QUITO;86400;-0,20358;-78,438641;MUJER;ECUADOR;15;ADOLESCENTES;MESTIZO/A;19/12/2025;-0,206976;-78,497921;PICHINCHA;ENCONTRADO;CAUSAS FAMILIARES;NO RELACIONADOS A VIOLENCIA;DESAPARICIÓN VOLUNTARIA
18/12/2025;18/12/2025;18/12/2025;ZONA 9;EUGENIO ESPEJO;LA MARISCAL;LA MARISCAL 3;17;PICHINCHA;1701;QUITO;0;-0,204085;-78,489499;HOMBRE;ECUADOR;26;ADULTO;MESTIZO/A;18/12/2025;-0,091947;-78,470993;PICHINCHA;ENCONTRADO;POSIBLE VINCULACIÓN A DELITO;ROBO (ESCOPOLAMINA U OTRA DROGA ALUCINÓGENA ALTAMENTE TÓXICA);DESAPARICIÓN INVOLUNTARIA
17/12/2025;21/12/2025;21/12/2025;ZONA 9;QUITUMBE;GUAMANÍ;GUAMANÍ 4;17;PICHINCHA;1701;QUITO;345600;-0,354029;-78,552527;HOMBRE;ECUADOR;23;ADULTO;MESTIZO/A;21/12/2025;-0,353525;-78,554104;PICHINCHA;ENCONTRADO;CAUSAS PERSONALES;CIRCUNSTANCIAL;DESAPARICIÓN VOLUNTARIA
17/12/2025;19/12/2025;31/12/2025;ZONA 9;LOS CHILLOS;CONOCOTO NORTE;CONOCOTO NORTE 2;17;PICHINCHA;1701;QUITO;1555200;-0,290413;-78,488099;MUJER;ECUADOR;16;ADOLESCENTES;MESTIZO/A;4/1/2026;-0,289398;-78,488125;PICHINCHA;ENCONTRADO;CAUSAS FAMILIARES;NO RELACIONADOS A VIOLENCIA;DESAPARICIÓN VOLUNTARIA
17/12/2025;18/12/2025;4/2/2026;ZONA 9;LOS CHILLOS;CONOCOTO SUR;CONOCOTO SUR 1;17;PICHINCHA;1701;QUITO;4838400;-0,293093;-78,477827;HOMBRE;ECUADOR;15;ADOLESCENTES;MESTIZO/A;11/2/2026;-0,28273;-78,480529;PICHINCHA;ENCONTRADO;CAUSAS PERSONALES;CIRCUNSTANCIAL;DESAPARICIÓN VOLUNTARIA
16/12/2025;16/12/2025;16/12/2025;ZONA 9;EUGENIO ESPEJO;KENNEDY;KENNEDY 3;17;PICHINCHA;1701;QUITO;86400;-0,140304;-78,480912;MUJER;REPUBLICA DOMINICANA;75;ADULTO MAYOR;MESTIZO/A;17/12/2025;-0,089545;-78,424;PICHINCHA;ENCONTRADO;EXTRAVIADO - DISCAPACIDAD / ENFERMEDADES / TRASTORNOS;DISCAPACIDAD INTELECTUAL;EXTRAVÍO
16/12/2025;17/12/2025;17/12/2025;ZONA 9;QUITUMBE;LAS CUADRAS;LAS CUADRAS 3;17;PICHINCHA;1701;QUITO;86400;-0,285749;-78,545902;HOMBRE;ECUADOR;24;ADULTO;MESTIZO/A;17/12/2025;-0,142584;-78,500026;PICHINCHA;ENCONTRADO;CAUSAS PERSONALES;CIRCUNSTANCIAL;DESAPARICIÓN VOLUNTARIA
16/12/2025;16/12/2025;16/12/2025;ZONA 9;QUITUMBE;CHILLOGALLO;CHILLOGALLO 1;17;PICHINCHA;1701;QUITO;432000;-0,285769;-78,556752;HOMBRE;ECUADOR;80;ADULTO MAYOR;MESTIZO/A;21/12/2025;-0,285254;-78,557525;PICHINCHA;ENCONTRADO;CAUSAS PERSONALES;CIRCUNSTANCIAL;DESAPARICIÓN VOLUNTARIA
15/12/2025;16/12/2025;16/12/2025;ZONA 9;LA DELICIA;CARCELÉN;CARCELÉN 5;17;PICHINCHA;1701;QUITO;604800;-0,072971;-78,465686;HOMBRE;ECUADOR;15;ADOLESCENTES;MESTIZO/A;22/12/2025;-0,076597;-78,462939;PICHINCHA;ENCONTRADO;CAUSAS PERSONALES;CIRCUNSTANCIAL;DESAPARICIÓN VOLUNTARIA
15/12/2025;15/12/2025;15/12/2025;ZONA 9;MANUELA SÁENZ;EL PLACER;EL PLACER 3;17;PICHINCHA;1701;QUITO;345600;-0,207076;-78,520844;MUJER;ECUADOR;15;ADOLESCENTES;MESTIZO/A;19/12/2025;-0,299474;-78,534469;PICHINCHA;ENCONTRADO;CAUSAS PERSONALES;RELACIÓN AFECTIVA;DESAPARICIÓN VOLUNTARIA
15/12/2025;16/12/2025;16/12/2025;ZONA 9;ELOY ALFARO - DMQ;MAGDALENA;MAGDALENA 1;17;PICHINCHA;1701;QUITO;777600;-0,241074;-78,527285;HOMBRE;ECUADOR;16;ADOLESCENTES;MESTIZO/A;24/12/2025;-0,232193;-78,536873;PICHINCHA;ENCONTRADO;CAUSAS PERSONALES;CIRCUNSTANCIAL;DESAPARICIÓN VOLUNTARIA
15/12/2025;16/12/2025;16/12/2025;ZONA 9;EUGENIO ESPEJO;IÑAQUITO;IÑAQUITO 5;17;PICHINCHA;1701;QUITO;172800;-0,201179;-78,480915;HOMBRE;ECUADOR;59;ADULTO;MESTIZO/A;17/12/2025;-0,142272;-78,499865;PICHINCHA;ENCONTRADO;POSIBLE VINCULACIÓN A DELITO;ROBO (ESCOPOLAMINA U OTRA DROGA ALUCINÓGENA ALTAMENTE TÓXICA);DESAPARICIÓN INVOLUNTARIA
15/12/2025;23/12/2025;17/1/2026;ZONA 9;QUITUMBE;GUAMANÍ;GUAMANÍ 3;17;PICHINCHA;1701;QUITO;8121600;-0,328497;-78,560726;MUJER;ECUADOR;27;ADULTO;MESTIZO/A;19/3/2026;-2,276808;-79,895267;GUAYAS;ENCONTRADO;EXTRAVIADO - AUSENCIA TEMPORAL;HOSPITALIZADO;EXTRAVÍO
14/12/2025;22/4/2026;23/4/2026;ZONA 9;QUITUMBE;GUAMANÍ;GUAMANÍ 3;17;PICHINCHA;1701;QUITO;13132800;-0,333629;-78,557369;MUJER;PERU;1;NIÑOS(AS);MESTIZO/A;15/5/2026;-0,269986;-78,524777;PICHINCHA;ENCONTRADO;CAUSAS FAMILIARES;NO RELACIONADOS A VIOLENCIA;DESAPARICIÓN VOLUNTARIA
14/12/2025;16/12/2025;16/12/2025;ZONA 9;EUGENIO ESPEJO;EL BOSQUE;EL BOSQUE 2;17;PICHINCHA;1701;QUITO;259200;-0,161971;-78,487459;HOMBRE;ECUADOR;44;ADULTO;MESTIZO/A;17/12/2025;-0,259978;-78,529823;PICHINCHA;ENCONTRADO;CAUSAS PERSONALES;CIRCUNSTANCIAL;DESAPARICIÓN VOLUNTARIA
13/12/2025;15/12/2025;15/12/2025;ZONA 9;ELOY ALFARO - DMQ;FERROVIARIA;FERROVIARIA 1;17;PICHINCHA;1701;QUITO;864000;-0,262942;-78,523335;HOMBRE;ECUADOR;46;ADULTO;MESTIZO/A;23/12/2025;-0,142455;-78,500294;PICHINCHA;ENCONTRADO;CAUSAS FAMILIARES;NO RELACIONADOS A VIOLENCIA;DESAPARICIÓN VOLUNTARIA
13/12/2025;14/12/2025;14/12/2025;ZONA 9;CALDERÓN;SAN JUAN DE CALDERÓN;SAN JUAN DE CALDERÓN 1;17;PICHINCHA;1701;QUITO;86400;-0,059014;-78,429624;HOMBRE;ECUADOR;25;ADULTO;MESTIZO/A;14/12/2025;-0,082799;-78,436813;PICHINCHA;ENCONTRADO;CAUSAS PERSONALES;CIRCUNSTANCIAL;DESAPARICIÓN VOLUNTARIA
13/12/2025;13/12/2025;13/12/2025;ZONA 9;EUGENIO ESPEJO;NAYON;NAYON 2;17;PICHINCHA;1701;QUITO;0;-0,185337;-78,453171;MUJER;ECUADOR;26;ADULTO;MESTIZO/A;13/12/2025;-0,309507;-78,484619;PICHINCHA;ENCONTRADO;POSIBLE VINCULACIÓN A DELITO;ROBO (ESCOPOLAMINA U OTRA DROGA ALUCINÓGENA ALTAMENTE TÓXICA);DESAPARICIÓN INVOLUNTARIA
13/12/2025;14/12/2025;14/12/2025;ZONA 9;EUGENIO ESPEJO;SAN ISIDRO DEL INCA;SAN ISIDRO DEL INCA 2;17;PICHINCHA;1701;QUITO;86400;-0,133795;-78,46277;MUJER;ECUADOR;15;ADOLESCENTES;MESTIZO/A;14/12/2025;0,209083;-78,250294;IMBABURA;ENCONTRADO;CAUSAS PERSONALES;CIRCUNSTANCIAL;DESAPARICIÓN VOLUNTARIA
12/12/2025;26/12/2025;26/12/2025;ZONA 9;QUITUMBE;CHILLOGALLO;CHILLOGALLO 6;17;PICHINCHA;1701;QUITO;1296000;-0,284164;-78,591559;HOMBRE;ECUADOR;68;ADULTO MAYOR;OTROS;27/12/2025;-0,181704;-78,506957;PICHINCHA;FALLECIDO;FALLECIDO;ACCIDENTAL;DESAPARICIÓN INVOLUNTARIA
12/12/2025;12/12/2025;26/12/2025;ZONA 9;LOS CHILLOS;CONOCOTO SUR;CONOCOTO SUR 1;17;PICHINCHA;1701;QUITO;2073600;-0,292475;-78,478574;HOMBRE;ECUADOR;43;ADULTO;MESTIZO/A;5/1/2026;-0,330338;-78,46421;PICHINCHA;ENCONTRADO;CAUSAS PERSONALES;CIRCUNSTANCIAL;DESAPARICIÓN VOLUNTARIA
12/12/2025;12/12/2025;12/12/2025;ZONA 9;QUITUMBE;CHILLOGALLO;CHILLOGALLO 1;17;PICHINCHA;1701;QUITO;518400;-0,279911;-78,553168;HOMBRE;ECUADOR;73;ADULTO MAYOR;MESTIZO/A;18/12/2025;-0,275886;-78,526204;PICHINCHA;ENCONTRADO;CAUSAS PERSONALES;CIRCUNSTANCIAL;DESAPARICIÓN VOLUNTARIA
12/12/2025;12/12/2025;12/12/2025;ZONA 9;LA DELICIA;COTOCOLLAO;COTOCOLLAO 1;17;PICHINCHA;1701;QUITO;0;-0,121581;-78,496196;HOMBRE;ECUADOR;12;ADOLESCENTES;MESTIZO/A;12/12/2025;-0,142144;-78,499265;PICHINCHA;ENCONTRADO;CAUSAS PERSONALES;CIRCUNSTANCIAL;DESAPARICIÓN VOLUNTARIA
12/12/2025;15/12/2025;15/12/2025;ZONA 9;LA DELICIA;COLINAS DEL NORTE;COLINAS DEL NORTE 3;17;PICHINCHA;1701;QUITO;10108800;-0,094641;-78,507425;HOMBRE;ECUADOR;15;ADOLESCENTES;MESTIZO/A;8/4/2026;-0,14237;-78,50021;PICHINCHA;ENCONTRADO;CAUSAS PERSONALES;CIRCUNSTANCIAL;DESAPARICIÓN VOLUNTARIA
12/12/2025;14/12/2025;14/12/2025;ZONA 9;QUITUMBE;QUITUMBE;QUITUMBE 1;17;PICHINCHA;1701;QUITO;777600;-0,30119;-78,535241;MUJER;ECUADOR;43;ADULTO;MESTIZO/A;21/12/2025;-0,441607;-78,674073;PICHINCHA;FALLECIDO;FALLECIDO;SIN_DATO;DESAPARICIÓN INVOLUNTARIA
12/12/2025;15/12/2025;18/12/2025;ZONA 9;QUITUMBE;CHILLOGALLO;CHILLOGALLO 3;17;PICHINCHA;1701;QUITO;1728000;-0,280602;-78,560231;MUJER;ECUADOR;14;ADOLESCENTES;MESTIZO/A;1/1/2026;-0,279229;-78,567956;PICHINCHA;ENCONTRADO;CAUSAS PERSONALES;CIRCUNSTANCIAL;DESAPARICIÓN VOLUNTARIA
11/12/2025;11/12/2025;11/12/2025;ZONA 9;EUGENIO ESPEJO;JIPIJAPA;JIPIJAPA 1;17;PICHINCHA;1701;QUITO;0;-0,165112;-78,476438;HOMBRE;ECUADOR;16;ADOLESCENTES;MESTIZO/A;11/12/2025;-0,142272;-78,500134;PICHINCHA;ENCONTRADO;CAUSAS PERSONALES;CIRCUNSTANCIAL;DESAPARICIÓN VOLUNTARIA
11/12/2025;12/12/2025;12/12/2025;ZONA 9;ELOY ALFARO - DMQ;SOLANDA;SOLANDA 3;17;PICHINCHA;1701;QUITO;172800;-0,267453;-78,535262;MUJER;ECUADOR;14;ADOLESCENTES;MESTIZO/A;13/12/2025;-0,253876;-78,526625;PICHINCHA;ENCONTRADO;CAUSAS PERSONALES;CIRCUNSTANCIAL;DESAPARICIÓN VOLUNTARIA
11/12/2025;12/12/2025;12/12/2025;ZONA 9;LA DELICIA;CARCELÉN;CARCELÉN 1;17;PICHINCHA;1701;QUITO;259200;-0,084857;-78,471709;HOMBRE;ECUADOR;32;ADULTO;MESTIZO/A;14/12/2025;-0,087268;-78,462487;PICHINCHA;ENCONTRADO;EXTRAVIADO - DISCAPACIDAD / ENFERMEDADES / TRASTORNOS;DISCAPACIDAD INTELECTUAL;EXTRAVÍO
11/12/2025;13/12/2025;13/12/2025;ZONA 9;MANUELA SÁENZ;MONJAS COLLACOTO;MONJAS COLLACOTO 3;17;PICHINCHA;1701;QUITO;604800;-0,237795;-78,496534;HOMBRE;ECUADOR;17;ADOLESCENTES;MESTIZO/A;18/12/2025;-0,142033;-78,49951;PICHINCHA;ENCONTRADO;CAUSAS PERSONALES;RELACIÓN AFECTIVA;DESAPARICIÓN VOLUNTARIA
11/12/2025;15/12/2025;17/12/2025;ZONA 9;CALDERÓN;GUAYLLABAMBA;GUAYLLABAMBA 1;17;PICHINCHA;1701;QUITO;1382400;-0,06281;-78,349413;MUJER;ECUADOR;15;ADOLESCENTES;MESTIZO/A;27/12/2025;-0,111362;-78,438089;PICHINCHA;ENCONTRADO;CAUSAS FAMILIARES;NO RELACIONADOS A VIOLENCIA;DESAPARICIÓN VOLUNTARIA
10/12/2025;11/12/2025;11/12/2025;ZONA 9;LOS CHILLOS;AMAGUAÑA CENTRO;AMAGUAÑA CENTRO 1;17;PICHINCHA;1701;QUITO;432000;-0,378757;-78,505847;MUJER;ECUADOR;13;ADOLESCENTES;MESTIZO/A;15/12/2025;-0,377084;-78,507564;PICHINCHA;ENCONTRADO;CAUSAS PERSONALES;CIRCUNSTANCIAL;DESAPARICIÓN VOLUNTARIA
10/12/2025;10/12/2025;10/12/2025;ZONA 9;ELOY ALFARO - DMQ;BARRIO NUEVO;BARRIO NUEVO 2;17;PICHINCHA;1701;QUITO;86400;-0,277689;-78,546775;HOMBRE;ECUADOR;41;ADULTO;MESTIZO/A;11/12/2025;-0,27465;-78,540451;PICHINCHA;ENCONTRADO;EXTRAVIADO - DISCAPACIDAD / ENFERMEDADES / TRASTORNOS;DISCAPACIDAD INTELECTUAL;EXTRAVÍO
10/12/2025;16/12/2025;27/12/2025;ZONA 9;TUMBACO;TUMBACO SUR;TUMBACO SUR 1;17;PICHINCHA;1701;QUITO;1987200;-0,214834;-78,416913;HOMBRE;ECUADOR;25;ADULTO;MESTIZO/A;2/1/2026;-0,209598;-78,397343;PICHINCHA;ENCONTRADO;EXTRAVIADO - DISCAPACIDAD / ENFERMEDADES / TRASTORNOS;DISCAPACIDAD INTELECTUAL;EXTRAVÍO
9/12/2025;12/12/2025;12/12/2025;ZONA 9;ELOY ALFARO - DMQ;CHIMBACALLE;CHIMBACALLE 2;17;PICHINCHA;1701;QUITO;10281600;-0,240687;-78,516313;MUJER;ECUADOR;17;ADOLESCENTES;MESTIZO/A;7/4/2026;-0,14237;-78,50021;PICHINCHA;ENCONTRADO;CAUSAS PERSONALES;CIRCUNSTANCIAL;DESAPARICIÓN VOLUNTARIA
9/12/2025;10/12/2025;10/12/2025;ZONA 9;QUITUMBE;CHILLOGALLO;CHILLOGALLO 6;17;PICHINCHA;1701;QUITO;172800;-0,284164;-78,591559;HOMBRE;ECUADOR;17;ADOLESCENTES;OTROS;11/12/2025;-0,471604;-76,986851;ORELLANA;ENCONTRADO;CAUSAS PERSONALES;CIRCUNSTANCIAL;DESAPARICIÓN VOLUNTARIA
9/12/2025;12/12/2025;18/12/2025;ZONA 9;EUGENIO ESPEJO;JIPIJAPA;JIPIJAPA 2;17;PICHINCHA;1701;QUITO;777600;-0,15411;-78,469612;HOMBRE;ECUADOR;20;ADULTO;MESTIZO/A;18/12/2025;-0,142294;-78,499864;PICHINCHA;ENCONTRADO;CAUSAS PERSONALES;CIRCUNSTANCIAL;DESAPARICIÓN VOLUNTARIA
8/12/2025;9/12/2025;9/12/2025;ZONA 9;EUGENIO ESPEJO;UNIVERSITARIO;UNIVERSITARIO 2;17;PICHINCHA;1701;QUITO;259200;-0,200639;-78,507203;MUJER;ECUADOR;13;ADOLESCENTES;MESTIZO/A;11/12/2025;-0,142337;-78,50023;PICHINCHA;ENCONTRADO;CAUSAS SOCIALES;ALCOHOLISMO;DESAPARICIÓN VOLUNTARIA
8/12/2025;9/12/2025;9/12/2025;ZONA 9;QUITUMBE;TURUBAMBA;TURUBAMBA 3;17;PICHINCHA;1701;QUITO;259200;-0,328639;-78,546565;MUJER;ECUADOR;25;ADULTO;MESTIZO/A;11/12/2025;-0,328639;-78,546565;PICHINCHA;ENCONTRADO;CAUSAS PERSONALES;CIRCUNSTANCIAL;DESAPARICIÓN VOLUNTARIA
8/12/2025;12/12/2025;12/12/2025;ZONA 9;QUITUMBE;QUITUMBE;QUITUMBE 4;17;PICHINCHA;1701;QUITO;691200;-0,3312;-78,52555;HOMBRE;ECUADOR;67;ADULTO MAYOR;MESTIZO/A;16/12/2025;-0,244413;-78,541122;PICHINCHA;ENCONTRADO;EXTRAVIADO - AUSENCIA TEMPORAL;HOSPITALIZADO;EXTRAVÍO
7/12/2025;10/12/2025;11/12/2025;ZONA 9;CALDERÓN;CARAPUNGO;CARAPUNGO 3;17;PICHINCHA;1701;QUITO;691200;-0,094382;-78,453835;HOMBRE;ECUADOR;21;ADULTO;MESTIZO/A;15/12/2025;-0,142211;-78,500099;PICHINCHA;ENCONTRADO;CAUSAS PERSONALES;CIRCUNSTANCIAL;DESAPARICIÓN VOLUNTARIA
7/12/2025;8/12/2025;27/12/2025;ZONA 9;QUITUMBE;LAS CUADRAS;LAS CUADRAS 2;17;PICHINCHA;1701;QUITO;14169600;-0,290772;-78,545302;MUJER;ECUADOR;14;ADOLESCENTES;MESTIZO/A;20/5/2026;-0,886529;-77,794608;NAPO;ENCONTRADO;CAUSAS PERSONALES;CIRCUNSTANCIAL;DESAPARICIÓN VOLUNTARIA
6/12/2025;8/12/2025;8/12/2025;ZONA 9;EUGENIO ESPEJO;COCHAPAMBA;COCHAPAMBA 1;17;PICHINCHA;1701;QUITO;259200;-0,156962;-78,497051;MUJER;ECUADOR;16;ADOLESCENTES;MESTIZO/A;9/12/2025;-0,14237;-78,50021;PICHINCHA;ENCONTRADO;CAUSAS PERSONALES;CIRCUNSTANCIAL;DESAPARICIÓN VOLUNTARIA
6/12/2025;6/12/2025;6/12/2025;ZONA 9;EUGENIO ESPEJO;LA MARISCAL;LA MARISCAL 2;17;PICHINCHA;1701;QUITO;0;-0,202942;-78,495669;HOMBRE;ECUADOR;21;ADULTO;MESTIZO/A;6/12/2025;-0,092104;-78,43927;PICHINCHA;ENCONTRADO;CAUSAS SOCIALES;ALCOHOLISMO;DESAPARICIÓN VOLUNTARIA
6/12/2025;9/12/2025;9/12/2025;ZONA 9;EUGENIO ESPEJO;LA MARISCAL;LA MARISCAL 3;17;PICHINCHA;1701;QUITO;1123200;-0,203371;-78,490819;MUJER;ECUADOR;24;ADULTO;MESTIZO/A;19/12/2025;-0,08388;-78,430095;PICHINCHA;ENCONTRADO;CAUSAS FAMILIARES;NO RELACIONADOS A VIOLENCIA;DESAPARICIÓN VOLUNTARIA
6/12/2025;11/12/2025;12/12/2025;ZONA 9;CALDERÓN;BICENTENARIO;BICENTENARIO 2;17;PICHINCHA;1701;QUITO;4579200;-0,081911;-78,436645;MUJER;ECUADOR;22;ADULTO;MESTIZO/A;28/1/2026;-1,467431;-77,998094;PASTAZA;ENCONTRADO;CAUSAS PERSONALES;RELACIÓN AFECTIVA;DESAPARICIÓN VOLUNTARIA
5/12/2025;6/12/2025;6/12/2025;ZONA 9;LOS CHILLOS;ALANGASÍ;ALANGASÍ 2;17;PICHINCHA;1701;QUITO;86400;-0,29589;-78,441835;HOMBRE;ECUADOR;26;ADULTO;MESTIZO/A;6/12/2025;-0,284248;-78,443557;PICHINCHA;ENCONTRADO;CAUSAS PERSONALES;RELACIÓN AFECTIVA;DESAPARICIÓN VOLUNTARIA
5/12/2025;6/12/2025;6/12/2025;ZONA 9;EUGENIO ESPEJO;EL BOSQUE;EL BOSQUE 1;17;PICHINCHA;1701;QUITO;86400;-0,154677;-78,497119;HOMBRE;ECUADOR;26;ADULTO;MESTIZO/A;6/12/2025;-0,142298;-78,500297;PICHINCHA;ENCONTRADO;CAUSAS PERSONALES;CIRCUNSTANCIAL;DESAPARICIÓN VOLUNTARIA
5/12/2025;8/12/2025;8/12/2025;ZONA 9;CALDERÓN;BELLAVISTA DE CALDERÓN;BELLAVISTA DE CALDERÓN 1;17;PICHINCHA;1701;QUITO;518400;-0,058576;-78,424426;HOMBRE;ECUADOR;23;ADULTO;MESTIZO/A;11/12/2025;-0,142412;-78,500241;PICHINCHA;ENCONTRADO;CAUSAS SOCIALES;ALCOHOLISMO;DESAPARICIÓN VOLUNTARIA
5/12/2025;6/12/2025;6/12/2025;ZONA 9;EUGENIO ESPEJO;AEROPUERTO;AEROPUERTO 3;17;PICHINCHA;1701;QUITO;259200;-0,139848;-78,497134;HOMBRE;ECUADOR;29;ADULTO;MESTIZO/A;8/12/2025;-0,226994;-78,338772;PICHINCHA;ENCONTRADO;CAUSAS PERSONALES;CIRCUNSTANCIAL;DESAPARICIÓN VOLUNTARIA
5/12/2025;6/12/2025;6/12/2025;ZONA 9;CALDERÓN;LOS LLANOS;LOS LLANOS 2;17;PICHINCHA;1701;QUITO;4665600;-0,11413;-78,449548;MUJER;ECUADOR;17;ADOLESCENTES;MESTIZO/A;28/1/2026;-0,218908;-78,507168;PICHINCHA;ENCONTRADO;CAUSAS PERSONALES;RELACIÓN AFECTIVA;DESAPARICIÓN VOLUNTARIA
4/12/2025;5/12/2025;5/12/2025;ZONA 9;MANUELA SÁENZ;PUENGASÍ;PUENGASÍ 4;17;PICHINCHA;1701;QUITO;259200;-0,24329;-78,489959;HOMBRE;ECUADOR;26;ADULTO;MESTIZO/A;7/12/2025;-0,142251;-78,500241;PICHINCHA;ENCONTRADO;CAUSAS PERSONALES;CIRCUNSTANCIAL;DESAPARICIÓN VOLUNTARIA
4/12/2025;5/12/2025;5/12/2025;ZONA 9;QUITUMBE;ECUATORIANA;ECUATORIANA 2;17;PICHINCHA;1701;QUITO;2332800;-0,299903;-78,569311;HOMBRE;ECUADOR;27;ADULTO;MESTIZO/A;31/12/2025;-0,237534;-78,538648;PICHINCHA;ENCONTRADO;CAUSAS PERSONALES;CIRCUNSTANCIAL;DESAPARICIÓN VOLUNTARIA
4/12/2025;8/12/2025;9/12/2025;ZONA 9;EUGENIO ESPEJO;LA MARISCAL;LA MARISCAL 5;17;PICHINCHA;1701;QUITO;2764800;-0,204267;-78,489173;MUJER;ECUADOR;16;ADOLESCENTES;MESTIZO/A;5/1/2026;-0,141962;-78,500025;PICHINCHA;ENCONTRADO;CAUSAS PERSONALES;CIRCUNSTANCIAL;DESAPARICIÓN VOLUNTARIA
4/12/2025;5/12/2025;5/12/2025;ZONA 9;LOS CHILLOS;ALANGASÍ;ALANGASÍ 2;17;PICHINCHA;1701;QUITO;10627200;-0,2868;-78,441933;HOMBRE;ECUADOR;15;ADOLESCENTES;MESTIZO/A;6/4/2026;-0,226134;-78,518773;PICHINCHA;ENCONTRADO;CAUSAS FAMILIARES;NO RELACIONADOS A VIOLENCIA;DESAPARICIÓN VOLUNTARIA
3/12/2025;10/12/2025;12/12/2025;ZONA 9;LOS CHILLOS;ALANGASÍ;ALANGASÍ 1;17;PICHINCHA;1701;QUITO;864000;-0,29151;-78,425377;HOMBRE;ECUADOR;15;ADOLESCENTES;MESTIZO/A;13/12/2025;-0,290346;-78,420113;PICHINCHA;ENCONTRADO;VIOLENCIA;VIOLENCIA FÍSICA;DESAPARICIÓN VOLUNTARIA
3/12/2025;4/12/2025;4/12/2025;ZONA 9;ELOY ALFARO - DMQ;MENA;MENA 5;17;PICHINCHA;1701;QUITO;86400;-0,268756;-78,555066;MUJER;ECUADOR;16;ADOLESCENTES;MESTIZO/A;4/12/2025;-0,404405;-78,541568;PICHINCHA;ENCONTRADO;CAUSAS PERSONALES;RELACIÓN AFECTIVA;DESAPARICIÓN VOLUNTARIA
3/12/2025;4/12/2025;4/12/2025;ZONA 9;ELOY ALFARO - DMQ;BARRIO NUEVO;BARRIO NUEVO 1;17;PICHINCHA;1701;QUITO;86400;-0,27054;-78,547645;HOMBRE;ECUADOR;22;ADULTO;MESTIZO/A;4/12/2025;-0,338711;-78,607761;PICHINCHA;ENCONTRADO;CAUSAS PERSONALES;CIRCUNSTANCIAL;DESAPARICIÓN VOLUNTARIA
3/12/2025;5/12/2025;5/12/2025;ZONA 9;LA DELICIA;COLINAS DEL NORTE;COLINAS DEL NORTE 1;17;PICHINCHA;1701;QUITO;172800;-0,131531;-78,558208;HOMBRE;ECUADOR;19;ADULTO;MESTIZO/A;5/12/2025;-0,139024;-78,501208;PICHINCHA;ENCONTRADO;CAUSAS PERSONALES;CIRCUNSTANCIAL;DESAPARICIÓN VOLUNTARIA
3/12/2025;21/1/2026;26/1/2026;ZONA 9;QUITUMBE;ECUATORIANA;ECUATORIANA 3;17;PICHINCHA;1701;QUITO;7344000;-0,310134;-78,56405;HOMBRE;ECUADOR;26;ADULTO;MESTIZO/A;26/2/2026;-0,28986;-78,564578;PICHINCHA;ENCONTRADO;CAUSAS FAMILIARES;NO RELACIONADOS A VIOLENCIA;DESAPARICIÓN VOLUNTARIA
2/12/2025;3/12/2025;3/12/2025;ZONA 9;MANUELA SÁENZ;CENTRO HISTÓRICO;CENTRO HISTÓRICO 5;17;PICHINCHA;1701;QUITO;172800;-0,227196;-78,506271;MUJER;ECUADOR;15;ADOLESCENTES;MESTIZO/A;4/12/2025;-0,208787;-78,502536;PICHINCHA;ENCONTRADO;CAUSAS PERSONALES;CIRCUNSTANCIAL;DESAPARICIÓN VOLUNTARIA
2/12/2025;3/12/2025;3/12/2025;ZONA 9;ELOY ALFARO - DMQ;SOLANDA;SOLANDA 3;17;PICHINCHA;1701;QUITO;259200;-0,269492;-78,536624;HOMBRE;ECUADOR;55;ADULTO;MESTIZO/A;5/12/2025;-0,269464;-78,550937;PICHINCHA;ENCONTRADO;CAUSAS PERSONALES;CIRCUNSTANCIAL;DESAPARICIÓN VOLUNTARIA
2/12/2025;3/12/2025;3/12/2025;ZONA 9;ELOY ALFARO - DMQ;CHILIBULO;CHILIBULO 2;17;PICHINCHA;1701;QUITO;3024000;-0,250014;-78,540698;MUJER;ECUADOR;14;ADOLESCENTES;MESTIZO/A;6/1/2026;-0,239387;-78,54798;PICHINCHA;ENCONTRADO;CAUSAS PERSONALES;RELACIÓN AFECTIVA;DESAPARICIÓN VOLUNTARIA
2/12/2025;4/12/2025;4/12/2025;ZONA 9;LA DELICIA;POMASQUI;POMASQUI 1;17;PICHINCHA;1701;QUITO;259200;-0,054998;-78,45538;HOMBRE;ECUADOR;84;ADULTO MAYOR;MESTIZO/A;5/12/2025;-0,340308;-79,477017;MANABI;ENCONTRADO;CAUSAS PERSONALES;CIRCUNSTANCIAL;DESAPARICIÓN VOLUNTARIA
2/12/2025;16/12/2025;16/12/2025;ZONA 9;EUGENIO ESPEJO;COCHAPAMBA;COCHAPAMBA 2;17;PICHINCHA;1701;QUITO;2160000;-0,149418;-78,506219;MUJER;ECUADOR;15;ADOLESCENTES;MESTIZO/A;27/12/2025;-0,147187;-78,501585;PICHINCHA;ENCONTRADO;CAUSAS PERSONALES;CIRCUNSTANCIAL;DESAPARICIÓN VOLUNTARIA
1/12/2025;1/12/2025;1/12/2025;ZONA 9;MANUELA SÁENZ;SAN JUAN;SAN JUAN 3;17;PICHINCHA;1701;QUITO;0;-0,21228;-78,512506;MUJER;ECUADOR;7;NIÑOS(AS);MESTIZO/A;1/12/2025;-0,21436;-78,509716;PICHINCHA;ENCONTRADO;CAUSAS FAMILIARES;NO RELACIONADOS A VIOLENCIA;DESAPARICIÓN VOLUNTARIA
1/12/2025;2/12/2025;2/12/2025;ZONA 9;ELOY ALFARO - DMQ;FERROVIARIA;FERROVIARIA 3;17;PICHINCHA;1701;QUITO;691200;-0,256536;-78,510651;HOMBRE;ECUADOR;41;ADULTO;MESTIZO/A;9/12/2025;-0,444041;-77,034031;ORELLANA;ENCONTRADO;CAUSAS PERSONALES;CIRCUNSTANCIAL;DESAPARICIÓN VOLUNTARIA
1/12/2025;1/12/2025;3/12/2025;ZONA 9;TUMBACO;TUMBACO;TUMBACO 1;17;PICHINCHA;1701;QUITO;86400;-0,199114;-78,413425;HOMBRE;ECUADOR;57;ADULTO;MESTIZO/A;2/12/2025;-0,293339;-78,535216;PICHINCHA;ENCONTRADO;CAUSAS PERSONALES;CIRCUNSTANCIAL;DESAPARICIÓN VOLUNTARIA
1/12/2025;2/12/2025;2/12/2025;ZONA 9;QUITUMBE;ECUATORIANA;ECUATORIANA 3;17;PICHINCHA;1701;QUITO;86400;-0,310113;-78,564994;MUJER;ECUADOR;89;ADULTO MAYOR;MESTIZO/A;2/12/2025;-0,309757;-78,562728;PICHINCHA;ENCONTRADO;EXTRAVIADO - DISCAPACIDAD / ENFERMEDADES / TRASTORNOS;DISCAPACIDAD INTELECTUAL;EXTRAVÍO
1/12/2025;1/12/2025;1/12/2025;ZONA 9;MANUELA SÁENZ;SAN JUAN;SAN JUAN 2;17;PICHINCHA;1701;QUITO;0;-0,214746;-78,508493;MUJER;ECUADOR;7;NIÑOS(AS);MESTIZO/A;1/12/2025;-0,214618;-78,507849;PICHINCHA;ENCONTRADO;CAUSAS FAMILIARES;NO RELACIONADOS A VIOLENCIA;DESAPARICIÓN VOLUNTARIA
30/11/2025;30/11/2025;30/11/2025;ZONA 9;LA DELICIA;COTOCOLLAO;COTOCOLLAO 4;17;PICHINCHA;1701;QUITO;0;-0,107528;-78,500397;HOMBRE;ECUADOR;60;ADULTO;MESTIZO/A;30/11/2025;-0,142353;-78,50273;PICHINCHA;ENCONTRADO;EXTRAVIADO - DISCAPACIDAD / ENFERMEDADES / TRASTORNOS;DISCAPACIDAD PSICOSOCIAL;EXTRAVÍO
30/11/2025;30/11/2025;30/11/2025;ZONA 9;QUITUMBE;GUAMANÍ;GUAMANÍ 1;17;PICHINCHA;1701;QUITO;86400;-0,318933;-78,54957;HOMBRE;ECUADOR;12;ADOLESCENTES;MESTIZO/A;1/12/2025;-0,314953;-78,556834;PICHINCHA;ENCONTRADO;CAUSAS PERSONALES;CIRCUNSTANCIAL;DESAPARICIÓN VOLUNTARIA
30/11/2025;30/11/2025;30/11/2025;ZONA 9;ELOY ALFARO - DMQ;SOLANDA;SOLANDA 3;17;PICHINCHA;1701;QUITO;86400;-0,264563;-78,538393;HOMBRE;ECUADOR;27;ADULTO;MESTIZO/A;1/12/2025;-0,142353;-78,50273;PICHINCHA;ENCONTRADO;CAUSAS PERSONALES;CIRCUNSTANCIAL;DESAPARICIÓN VOLUNTARIA
30/11/2025;4/12/2025;9/12/2025;ZONA 9;QUITUMBE;CHILLOGALLO;CHILLOGALLO 5;17;PICHINCHA;1701;QUITO;3196800;-0,294636;-78,573077;HOMBRE;ECUADOR;47;ADULTO;MESTIZO/A;6/1/2026;-0,294636;-78,573109;PICHINCHA;ENCONTRADO;CAUSAS SOCIALES;ALCOHOLISMO;DESAPARICIÓN VOLUNTARIA
30/11/2025;3/12/2025;3/12/2025;ZONA 9;CALDERÓN;SAN JUAN DE CALDERÓN;SAN JUAN DE CALDERÓN 1;17;PICHINCHA;1701;QUITO;13046400;-0,063676;-78,429917;MUJER;ECUADOR;15;ADOLESCENTES;MESTIZO/A;30/4/2026;-0,067753;-78,4287;PICHINCHA;ENCONTRADO;CAUSAS PERSONALES;CIRCUNSTANCIAL;DESAPARICIÓN VOLUNTARIA
29/11/2025;1/12/2025;1/12/2025;ZONA 9;LA DELICIA;LA BOTA;LA BOTA 2;17;PICHINCHA;1701;QUITO;777600;-0,116697;-78,459534;HOMBRE;ECUADOR;14;ADOLESCENTES;AFRO;8/12/2025;-0,117098;-78,457281;PICHINCHA;ENCONTRADO;CAUSAS SOCIALES;GRUPOS DELICTIVOS ORGANIZADOS/GDOS/PANDILLAS/MAFIAS/CARTELES;DESAPARICIÓN INVOLUNTARIA
29/11/2025;21/4/2026;21/4/2026;ZONA 9;ELOY ALFARO - DMQ;CHIMBACALLE;CHIMBACALLE 3;17;PICHINCHA;1701;QUITO;12355200;-0,247396;-78,507274;MUJER;ECUADOR;15;ADOLESCENTES;MESTIZO/A;21/4/2026;-0,14209;-78,500219;PICHINCHA;ENCONTRADO;CAUSAS PERSONALES;CIRCUNSTANCIAL;DESAPARICIÓN VOLUNTARIA
29/11/2025;1/12/2025;1/12/2025;ZONA 9;ELOY ALFARO - DMQ;MAGDALENA;MAGDALENA 3;17;PICHINCHA;1701;QUITO;864000;-0,237823;-78,516499;MUJER;ECUADOR;15;ADOLESCENTES;MESTIZO/A;9/12/2025;-0,142337;-78,500423;PICHINCHA;ENCONTRADO;CAUSAS PERSONALES;CIRCUNSTANCIAL;DESAPARICIÓN VOLUNTARIA
29/11/2025;11/12/2025;12/12/2025;ZONA 9;MANUELA SÁENZ;SAN JUAN;SAN JUAN 4;17;PICHINCHA;1701;QUITO;1555200;-0,216019;-78,517007;MUJER;ECUADOR;14;ADOLESCENTES;MESTIZO/A;17/12/2025;-0,296963;-78,46415;PICHINCHA;ENCONTRADO;CAUSAS PERSONALES;CIRCUNSTANCIAL;DESAPARICIÓN VOLUNTARIA
29/11/2025;2/12/2025;9/12/2025;ZONA 9;CALDERÓN;BICENTENARIO;BICENTENARIO 2;17;PICHINCHA;1701;QUITO;864000;-0,064042;-78,45143;HOMBRE;ECUADOR;40;ADULTO;MESTIZO/A;9/12/2025;-0,142292;-78,500341;PICHINCHA;ENCONTRADO;CAUSAS PERSONALES;CIRCUNSTANCIAL;DESAPARICIÓN VOLUNTARIA
29/11/2025;1/12/2025;29/4/2026;ZONA 9;CALDERÓN;BICENTENARIO;BICENTENARIO 1;17;PICHINCHA;1701;QUITO;13219200;-0,061251;-78,452703;HOMBRE;ECUADOR;40;ADULTO;MESTIZO/A;1/5/2026;-0,142129;-78,49991;PICHINCHA;ENCONTRADO;CAUSAS PERSONALES;CIRCUNSTANCIAL;DESAPARICIÓN VOLUNTARIA
28/11/2025;29/11/2025;29/11/2025;ZONA 9;TUMBACO;VÍA LÁCTEA;VÍA LÁCTEA 1;17;PICHINCHA;1701;QUITO;86400;-0,201657;-78,431197;HOMBRE;ECUADOR;55;ADULTO;MESTIZO/A;29/11/2025;-0,177794;-78,511492;PICHINCHA;ENCONTRADO;CAUSAS PERSONALES;CIRCUNSTANCIAL;DESAPARICIÓN VOLUNTARIA
28/11/2025;8/12/2025;9/12/2025;ZONA 9;QUITUMBE;CHILLOGALLO;CHILLOGALLO 5;17;PICHINCHA;1701;QUITO;5097600;-0,285975;-78,564429;MUJER;ECUADOR;15;ADOLESCENTES;MESTIZO/A;26/1/2026;-3,559901;-80,4531;PICHINCHA;ENCONTRADO;CAUSAS FAMILIARES;NO RELACIONADOS A VIOLENCIA;DESAPARICIÓN VOLUNTARIA
28/11/2025;28/11/2025;28/11/2025;ZONA 9;EUGENIO ESPEJO;AEROPUERTO;AEROPUERTO 2;17;PICHINCHA;1701;QUITO;86400;-0,135802;-78,492818;HOMBRE;ECUADOR;14;ADOLESCENTES;MESTIZO/A;29/11/2025;-0,098366;-78,519641;PICHINCHA;ENCONTRADO;CAUSAS ACADÉMICAS;ACADÉMICO/ESCOLAR (RENDIMIENTO);DESAPARICIÓN VOLUNTARIA
27/11/2025;2/12/2025;3/12/2025;ZONA 9;LA DELICIA;NONO;NONO 1;17;PICHINCHA;1701;QUITO;12182400;-0,078883;-78,575686;MUJER;COLOMBIA;14;ADOLESCENTES;MESTIZO/A;17/4/2026;-0,067361;-78,578444;PICHINCHA;ENCONTRADO;CAUSAS SOCIALES;GRUPOS DELICTIVOS ORGANIZADOS/GDOS/PANDILLAS/MAFIAS/CARTELES;DESAPARICIÓN INVOLUNTARIA
27/11/2025;27/11/2025;27/11/2025;ZONA 9;QUITUMBE;CHILLOGALLO;CHILLOGALLO 6;17;PICHINCHA;1701;QUITO;259200;-0,284164;-78,591559;MUJER;ECUADOR;18;ADULTO;MESTIZO/A;30/11/2025;-0,142455;-78,500176;PICHINCHA;ENCONTRADO;CAUSAS SOCIALES;ALCOHOLISMO;DESAPARICIÓN VOLUNTARIA
27/11/2025;27/11/2025;27/11/2025;ZONA 9;QUITUMBE;ECUATORIANA;ECUATORIANA 2;17;PICHINCHA;1701;QUITO;172800;-0,292144;-78,582603;MUJER;ECUADOR;12;ADOLESCENTES;MESTIZO/A;29/11/2025;-0,142353;-78,50273;PICHINCHA;ENCONTRADO;CAUSAS PERSONALES;CIRCUNSTANCIAL;DESAPARICIÓN VOLUNTARIA
26/11/2025;27/11/2025;27/11/2025;ZONA 9;LA DELICIA;LA ROLDÓS;LA ROLDÓS 2;17;PICHINCHA;1701;QUITO;172800;-0,093201;-78,507479;HOMBRE;ECUADOR;84;ADULTO MAYOR;MESTIZO/A;28/11/2025;-0,206755;-78,498399;PICHINCHA;ENCONTRADO;EXTRAVIADO - DISCAPACIDAD / ENFERMEDADES / TRASTORNOS;DISCAPACIDAD PSICOSOCIAL;EXTRAVÍO
26/11/2025;26/11/2025;26/11/2025;ZONA 9;MANUELA SÁENZ;PANECILLO;PANECILLO 1;17;PICHINCHA;1701;QUITO;3024000;-0,222387;-78,521553;HOMBRE;ECUADOR;41;ADULTO;MESTIZO/A;31/12/2025;-0,219018;-78,535222;PICHINCHA;ENCONTRADO;CAUSAS PERSONALES;CIRCUNSTANCIAL;DESAPARICIÓN VOLUNTARIA
26/11/2025;27/11/2025;27/11/2025;ZONA 9;EUGENIO ESPEJO;EL BOSQUE;EL BOSQUE 2;17;PICHINCHA;1701;QUITO;86400;-0,160481;-78,490016;MUJER;ECUADOR;50;ADULTO;MESTIZO/A;27/11/2025;-0,142412;-78,499962;PICHINCHA;ENCONTRADO;CAUSAS FAMILIARES;NO RELACIONADOS A VIOLENCIA;DESAPARICIÓN VOLUNTARIA
26/11/2025;27/11/2025;28/11/2025;ZONA 9;MANUELA SÁENZ;CENTRO HISTÓRICO;CENTRO HISTÓRICO 4;17;PICHINCHA;1701;QUITO;2160000;-0,222209;-78,505003;MUJER;ECUADOR;15;ADOLESCENTES;MESTIZO/A;21/12/2025;-0,269379;-78,546747;PICHINCHA;ENCONTRADO;CAUSAS FAMILIARES;NO RELACIONADOS A VIOLENCIA;DESAPARICIÓN VOLUNTARIA
26/11/2025;26/11/2025;26/11/2025;ZONA 9;QUITUMBE;GUAMANÍ;GUAMANÍ 5;17;PICHINCHA;1701;QUITO;691200;-0,336737;-78,565361;MUJER;ECUADOR;15;ADOLESCENTES;MESTIZO/A;4/12/2025;-0,142139;-78,503147;PICHINCHA;ENCONTRADO;CAUSAS PERSONALES;RELACIÓN AFECTIVA;DESAPARICIÓN VOLUNTARIA
25/11/2025;25/11/2025;25/11/2025;ZONA 9;LA DELICIA;EL MIRADOR;EL MIRADOR 2;17;PICHINCHA;1701;QUITO;0;-0,121754;-78,470776;HOMBRE;ECUADOR;91;ADULTO MAYOR;MESTIZO/A;25/11/2025;-0,095622;-78,453096;PICHINCHA;ENCONTRADO;EXTRAVIADO - DISCAPACIDAD / ENFERMEDADES / TRASTORNOS;DISCAPACIDAD PSICOSOCIAL;EXTRAVÍO
25/11/2025;27/11/2025;27/11/2025;ZONA 9;QUITUMBE;ECUATORIANA;ECUATORIANA 3;17;PICHINCHA;1701;QUITO;259200;-0,306881;-78,561885;MUJER;ECUADOR;15;ADOLESCENTES;MESTIZO/A;28/11/2025;-0,206951;-78,497954;PICHINCHA;ENCONTRADO;CAUSAS PERSONALES;CIRCUNSTANCIAL;DESAPARICIÓN VOLUNTARIA
24/11/2025;25/11/2025;25/11/2025;ZONA 9;QUITUMBE;LAS CUADRAS;LAS CUADRAS 2;17;PICHINCHA;1701;QUITO;1036800;-0,301652;-78,550741;MUJER;ECUADOR;15;ADOLESCENTES;MESTIZO/A;6/12/2025;-0,306722;-78,552999;PICHINCHA;ENCONTRADO;CAUSAS PERSONALES;CIRCUNSTANCIAL;DESAPARICIÓN VOLUNTARIA
24/11/2025;26/11/2025;2/12/2025;ZONA 9;EUGENIO ESPEJO;LA MARISCAL;LA MARISCAL 3;17;PICHINCHA;1701;QUITO;1468800;-0,204615;-78,490679;MUJER;ECUADOR;17;ADOLESCENTES;MESTIZO/A;11/12/2025;-0,142353;-78,50273;PICHINCHA;ENCONTRADO;CAUSAS PERSONALES;CIRCUNSTANCIAL;DESAPARICIÓN VOLUNTARIA
24/11/2025;24/11/2025;24/11/2025;ZONA 9;QUITUMBE;GUAMANÍ;GUAMANÍ 4;17;PICHINCHA;1701;QUITO;259200;-0,34237;-78,560154;MUJER;ECUADOR;14;ADOLESCENTES;MESTIZO/A;27/11/2025;-1,233896;-78,616253;TUNGURAHUA;ENCONTRADO;CAUSAS PERSONALES;CIRCUNSTANCIAL;DESAPARICIÓN VOLUNTARIA
24/11/2025;25/11/2025;25/11/2025;ZONA 9;EUGENIO ESPEJO;LA MARISCAL;LA MARISCAL 4;17;PICHINCHA;1701;QUITO;172800;-0,204654;-78,498752;HOMBRE;ECUADOR;20;ADULTO;INDIGENA;26/11/2025;-0,142353;-78,50273;PICHINCHA;ENCONTRADO;CAUSAS PERSONALES;CIRCUNSTANCIAL;DESAPARICIÓN VOLUNTARIA
23/11/2025;26/11/2025;27/11/2025;ZONA 9;LA DELICIA;COTOCOLLAO;COTOCOLLAO 1;17;PICHINCHA;1701;QUITO;777600;-0,119997;-78,497271;MUJER;ECUADOR;15;ADOLESCENTES;MESTIZO/A;2/12/2025;-0,081232;-78,512072;PICHINCHA;ENCONTRADO;CAUSAS PERSONALES;CIRCUNSTANCIAL;DESAPARICIÓN VOLUNTARIA
23/11/2025;26/11/2025;1/12/2025;ZONA 9;LA DELICIA;PONCIANO;PONCIANO 1;17;PICHINCHA;1701;QUITO;1382400;-0,120061;-78,493837;MUJER;ECUADOR;14;ADOLESCENTES;MESTIZO/A;9/12/2025;-0,142326;-78,499737;PICHINCHA;ENCONTRADO;CAUSAS PERSONALES;RELACIÓN AFECTIVA;DESAPARICIÓN VOLUNTARIA
22/11/2025;22/11/2025;22/11/2025;ZONA 9;TUMBACO;TUMBACO SUR;TUMBACO SUR 1;17;PICHINCHA;1701;QUITO;86400;-0,218273;-78,411064;HOMBRE;ECUADOR;78;ADULTO MAYOR;MESTIZO/A;23/11/2025;-0,165772;-78,326687;PICHINCHA;ENCONTRADO;CAUSAS PERSONALES;CIRCUNSTANCIAL;DESAPARICIÓN VOLUNTARIA
22/11/2025;25/11/2025;25/11/2025;ZONA 9;CALDERÓN;BICENTENARIO;BICENTENARIO 2;17;PICHINCHA;1701;QUITO;864000;-0,081597;-78,443522;MUJER;ECUADOR;16;ADOLESCENTES;MESTIZO/A;2/12/2025;-0,14237;-78,50021;PICHINCHA;ENCONTRADO;CAUSAS PERSONALES;CIRCUNSTANCIAL;DESAPARICIÓN VOLUNTARIA
22/11/2025;24/11/2025;24/11/2025;ZONA 9;LA DELICIA;COLINAS DEL NORTE;COLINAS DEL NORTE 3;17;PICHINCHA;1701;QUITO;8726400;-0,093804;-78,506282;MUJER;ECUADOR;16;ADOLESCENTES;AFRO;3/3/2026;-0,143294;-78,500071;PICHINCHA;ENCONTRADO;CAUSAS FAMILIARES;NO RELACIONADOS A VIOLENCIA;DESAPARICIÓN VOLUNTARIA
22/11/2025;22/11/2025;22/11/2025;ZONA 9;MANUELA SÁENZ;SAN JUAN;SAN JUAN 3;17;PICHINCHA;1701;QUITO;86400;-0,211506;-78,51405;MUJER;ECUADOR;20;ADULTO;MESTIZO/A;23/11/2025;-0,173175;-78,477003;PICHINCHA;ENCONTRADO;EXTRAVIADO - DISCAPACIDAD / ENFERMEDADES / TRASTORNOS;DISCAPACIDAD PSICOSOCIAL;EXTRAVÍO
22/11/2025;22/11/2025;22/11/2025;ZONA 9;QUITUMBE;QUITUMBE;QUITUMBE 3;17;PICHINCHA;1701;QUITO;604800;-0,309927;-78,54561;MUJER;ECUADOR;15;ADOLESCENTES;MESTIZO/A;29/11/2025;-3,998778;-79,205633;LOJA;ENCONTRADO;CAUSAS FAMILIARES;NO RELACIONADOS A VIOLENCIA;DESAPARICIÓN VOLUNTARIA
22/11/2025;23/11/2025;23/11/2025;ZONA 9;EUGENIO ESPEJO;IÑAQUITO;IÑAQUITO 3;17;PICHINCHA;1701;QUITO;86400;-0,183292;-78,479057;HOMBRE;ECUADOR;23;ADULTO;MESTIZO/A;23/11/2025;-0,218787;-78,517383;PICHINCHA;ENCONTRADO;CAUSAS PERSONALES;CIRCUNSTANCIAL;DESAPARICIÓN VOLUNTARIA
21/11/2025;22/11/2025;22/11/2025;ZONA 9;QUITUMBE;QUITUMBE;QUITUMBE 4;17;PICHINCHA;1701;QUITO;172800;-0,299763;-78,524737;MUJER;ECUADOR;15;ADOLESCENTES;MESTIZO/A;23/11/2025;-0,286862;-78,542936;PICHINCHA;ENCONTRADO;CAUSAS FAMILIARES;NO RELACIONADOS A VIOLENCIA;DESAPARICIÓN VOLUNTARIA
21/11/2025;21/11/2025;21/11/2025;ZONA 9;TUMBACO;TUMBACO SUR;TUMBACO SUR 2;17;PICHINCHA;1701;QUITO;86400;-0,211106;-78,382198;MUJER;ECUADOR;15;ADOLESCENTES;MESTIZO/A;22/11/2025;-0,125469;-78,516668;PICHINCHA;ENCONTRADO;CAUSAS FAMILIARES;NO RELACIONADOS A VIOLENCIA;DESAPARICIÓN VOLUNTARIA
21/11/2025;21/11/2025;21/11/2025;ZONA 9;TUMBACO;TUMBACO SUR;TUMBACO SUR 2;17;PICHINCHA;1701;QUITO;86400;-0,211106;-78,382198;MUJER;ECUADOR;15;ADOLESCENTES;MESTIZO/A;22/11/2025;-0,125469;-78,516668;PICHINCHA;ENCONTRADO;CAUSAS FAMILIARES;NO RELACIONADOS A VIOLENCIA;DESAPARICIÓN VOLUNTARIA
21/11/2025;21/11/2025;21/11/2025;ZONA 9;TUMBACO;TUMBACO SUR;TUMBACO SUR 2;17;PICHINCHA;1701;QUITO;86400;-0,211106;-78,382198;MUJER;ECUADOR;14;ADOLESCENTES;MESTIZO/A;22/11/2025;-0,125469;-78,516668;PICHINCHA;ENCONTRADO;CAUSAS FAMILIARES;NO RELACIONADOS A VIOLENCIA;DESAPARICIÓN VOLUNTARIA
21/11/2025;22/11/2025;22/11/2025;ZONA 9;QUITUMBE;QUITUMBE;QUITUMBE 4;17;PICHINCHA;1701;QUITO;172800;-0,299785;-78,524845;MUJER;ECUADOR;14;ADOLESCENTES;MESTIZO/A;23/11/2025;-0,285572;-78,543311;PICHINCHA;ENCONTRADO;CAUSAS PERSONALES;CIRCUNSTANCIAL;DESAPARICIÓN VOLUNTARIA
21/11/2025;28/11/2025;1/12/2025;ZONA 9;ELOY ALFARO - DMQ;MENA;MENA 1;17;PICHINCHA;1701;QUITO;3715200;-0,256681;-78,550854;MUJER;ECUADOR;18;ADULTO;MESTIZO/A;3/1/2026;-0,142133;-78,500101;PICHINCHA;ENCONTRADO;CAUSAS PERSONALES;CIRCUNSTANCIAL;DESAPARICIÓN VOLUNTARIA
21/11/2025;22/11/2025;22/11/2025;ZONA 9;LA DELICIA;COLINAS DEL NORTE;COLINAS DEL NORTE 2;17;PICHINCHA;1701;QUITO;259200;-0,09597;-78,51696;HOMBRE;ECUADOR;12;ADOLESCENTES;MESTIZO/A;24/11/2025;-0,096104;-78,519868;PICHINCHA;ENCONTRADO;CAUSAS PERSONALES;CIRCUNSTANCIAL;DESAPARICIÓN VOLUNTARIA
21/11/2025;21/11/2025;21/11/2025;ZONA 9;LA DELICIA;COTOCOLLAO;COTOCOLLAO 4;17;PICHINCHA;1701;QUITO;0;-0,112365;-78,497678;MUJER;ECUADOR;40;ADULTO;MESTIZO/A;21/11/2025;-0,142291;-78,50027;PICHINCHA;ENCONTRADO;EXTRAVIADO - DISCAPACIDAD / ENFERMEDADES / TRASTORNOS;DISCAPACIDAD INTELECTUAL;EXTRAVÍO
21/11/2025;21/11/2025;21/11/2025;ZONA 9;LA DELICIA;COTOCOLLAO;COTOCOLLAO 4;17;PICHINCHA;1701;QUITO;0;-0,112365;-78,497678;MUJER;ECUADOR;67;ADULTO MAYOR;MESTIZO/A;21/11/2025;-0,142291;-78,50027;PICHINCHA;ENCONTRADO;EXTRAVIADO - DISCAPACIDAD / ENFERMEDADES / TRASTORNOS;DISCAPACIDAD INTELECTUAL;EXTRAVÍO
21/11/2025;25/11/2025;26/11/2025;ZONA 9;CALDERÓN;BELLAVISTA DE CALDERÓN;BELLAVISTA DE CALDERÓN 1;17;PICHINCHA;1701;QUITO;950400;-0,081163;-78,411039;MUJER;SIN_DATO;19;ADULTO;MESTIZO/A;2/12/2025;-0,142133;-78,499779;PICHINCHA;ENCONTRADO;CAUSAS PERSONALES;CIRCUNSTANCIAL;DESAPARICIÓN VOLUNTARIA
20/11/2025;20/11/2025;20/11/2025;ZONA 9;EUGENIO ESPEJO;IÑAQUITO;IÑAQUITO 3;17;PICHINCHA;1701;QUITO;0;-0,190568;-78,485633;HOMBRE;ECUADOR;26;ADULTO;MESTIZO/A;20/11/2025;-0,183219;-78,484574;PICHINCHA;ENCONTRADO;CAUSAS PERSONALES;CIRCUNSTANCIAL;DESAPARICIÓN VOLUNTARIA
20/11/2025;20/11/2025;20/11/2025;ZONA 9;EUGENIO ESPEJO;DAMMER;DAMMER 2;17;PICHINCHA;1701;QUITO;604800;-0,146252;-78,474854;MUJER;ECUADOR;14;ADOLESCENTES;MESTIZO/A;27/11/2025;-0,142213;-78,500147;PICHINCHA;ENCONTRADO;CAUSAS PERSONALES;CIRCUNSTANCIAL;DESAPARICIÓN VOLUNTARIA
19/11/2025;20/11/2025;20/11/2025;ZONA 9;CALDERÓN;CALDERÓN;CALDERÓN 3;17;PICHINCHA;1701;QUITO;86400;-0,093503;-78,435607;MUJER;ECUADOR;14;ADOLESCENTES;MESTIZO/A;20/11/2025;-0,142139;-78,503147;PICHINCHA;ENCONTRADO;CAUSAS PERSONALES;CIRCUNSTANCIAL;DESAPARICIÓN VOLUNTARIA
19/11/2025;19/11/2025;19/11/2025;ZONA 9;QUITUMBE;LAS CUADRAS;LAS CUADRAS 2;17;PICHINCHA;1701;QUITO;432000;-0,29984;-78,545573;HOMBRE;ECUADOR;38;ADULTO;MESTIZO/A;24/11/2025;-0,287799;-78,550374;PICHINCHA;ENCONTRADO;CAUSAS SOCIALES;ALCOHOLISMO;DESAPARICIÓN VOLUNTARIA
19/11/2025;19/11/2025;19/11/2025;ZONA 9;LA DELICIA;CARCELÉN;CARCELÉN 1;17;PICHINCHA;1701;QUITO;86400;-0,091471;-78,48029;HOMBRE;ECUADOR;47;ADULTO;MESTIZO/A;20/11/2025;-0,113625;-78,487521;PICHINCHA;ENCONTRADO;CAUSAS PERSONALES;CIRCUNSTANCIAL;DESAPARICIÓN VOLUNTARIA
19/11/2025;10/12/2025;11/12/2025;ZONA 9;LA DELICIA;LA PAMPA;LA PAMPA 1;17;PICHINCHA;1701;QUITO;10281600;-0,048434;-78,453638;MUJER;ECUADOR;16;ADOLESCENTES;ASIATICO/A;18/3/2026;-0,067576;-78,452152;PICHINCHA;ENCONTRADO;CAUSAS PERSONALES;CIRCUNSTANCIAL;DESAPARICIÓN VOLUNTARIA
18/11/2025;25/11/2025;27/11/2025;ZONA 9;LA DELICIA;LA ROLDÓS;LA ROLDÓS 1;17;PICHINCHA;1701;QUITO;1641600;-0,089586;-78,49142;HOMBRE;ECUADOR;67;ADULTO MAYOR;MESTIZO/A;7/12/2025;-0,075213;-78,467488;PICHINCHA;ENCONTRADO;CAUSAS PERSONALES;CIRCUNSTANCIAL;DESAPARICIÓN VOLUNTARIA
18/11/2025;19/11/2025;19/11/2025;ZONA 9;LA DELICIA;EL MIRADOR;EL MIRADOR 2;17;PICHINCHA;1701;QUITO;86400;-0,120649;-78,465769;HOMBRE;ECUADOR;13;ADOLESCENTES;MESTIZO/A;19/11/2025;-0,116569;-78,461877;PICHINCHA;ENCONTRADO;CAUSAS ACADÉMICAS;ACADÉMICO/ESCOLAR (RENDIMIENTO);DESAPARICIÓN VOLUNTARIA
18/11/2025;18/11/2025;18/11/2025;ZONA 9;QUITUMBE;ECUATORIANA;ECUATORIANA 1;17;PICHINCHA;1701;QUITO;604800;-0,298399;-78,565155;HOMBRE;ECUADOR;17;ADOLESCENTES;MESTIZO/A;25/11/2025;-0,142401;-78,500058;PICHINCHA;ENCONTRADO;CAUSAS FAMILIARES;NO RELACIONADOS A VIOLENCIA;DESAPARICIÓN VOLUNTARIA
18/11/2025;19/11/2025;19/11/2025;ZONA 9;LA DELICIA;COTOCOLLAO;COTOCOLLAO 3;17;PICHINCHA;1701;QUITO;86400;-0,114842;-78,499682;HOMBRE;ECUADOR;78;ADULTO MAYOR;MESTIZO/A;19/11/2025;-0,122443;-78,501648;PICHINCHA;ENCONTRADO;CAUSAS PERSONALES;CIRCUNSTANCIAL;DESAPARICIÓN VOLUNTARIA
18/11/2025;19/11/2025;20/11/2025;ZONA 9;ELOY ALFARO - DMQ;FERROVIARIA;FERROVIARIA 3;17;PICHINCHA;1701;QUITO;172800;-0,255075;-78,518633;MUJER;ECUADOR;16;ADOLESCENTES;MESTIZO/A;20/11/2025;-0,142294;-78,500209;PICHINCHA;ENCONTRADO;CAUSAS FAMILIARES;NO RELACIONADOS A VIOLENCIA;DESAPARICIÓN VOLUNTARIA
17/11/2025;20/11/2025;20/11/2025;ZONA 9;ELOY ALFARO - DMQ;MENA;MENA 1;17;PICHINCHA;1701;QUITO;259200;-0,252973;-78,547651;MUJER;ECUADOR;20;ADULTO;MESTIZO/A;20/11/2025;-0,252234;-78,547943;PICHINCHA;ENCONTRADO;CAUSAS PERSONALES;CIRCUNSTANCIAL;DESAPARICIÓN VOLUNTARIA
17/11/2025;18/11/2025;18/11/2025;ZONA 9;CALDERÓN;BICENTENARIO;BICENTENARIO 2;17;PICHINCHA;1701;QUITO;3110400;-0,082805;-78,437027;MUJER;ECUADOR;20;ADULTO;MESTIZO/A;23/12/2025;-0,142584;-78,499962;PICHINCHA;ENCONTRADO;EXTRAVIADO - DISCAPACIDAD / ENFERMEDADES / TRASTORNOS;DISCAPACIDAD PSICOSOCIAL;EXTRAVÍO
17/11/2025;18/11/2025;18/11/2025;ZONA 9;LA DELICIA;LA ROLDÓS;LA ROLDÓS 2;17;PICHINCHA;1701;QUITO;6825600;-0,083114;-78,512569;MUJER;ECUADOR;16;ADOLESCENTES;MESTIZO/A;4/2/2026;-0,141794;-78,500104;PICHINCHA;ENCONTRADO;CAUSAS PERSONALES;CIRCUNSTANCIAL;DESAPARICIÓN VOLUNTARIA
17/11/2025;18/11/2025;18/11/2025;ZONA 9;QUITUMBE;GUAMANÍ;GUAMANÍ 4;17;PICHINCHA;1701;QUITO;604800;-0,348646;-78,554876;HOMBRE;ECUADOR;47;ADULTO;MESTIZO/A;24/11/2025;-0,262419;-78,516228;PICHINCHA;ENCONTRADO;CAUSAS PERSONALES;CIRCUNSTANCIAL;DESAPARICIÓN VOLUNTARIA
17/11/2025;19/11/2025;19/11/2025;ZONA 9;ELOY ALFARO - DMQ;MENA;MENA 1;17;PICHINCHA;1701;QUITO;259200;-0,254956;-78,546523;MUJER;ECUADOR;19;ADULTO;MESTIZO/A;20/11/2025;-0,14219;-78,500079;PICHINCHA;ENCONTRADO;CAUSAS FAMILIARES;NO RELACIONADOS A VIOLENCIA;DESAPARICIÓN VOLUNTARIA
17/11/2025;19/11/2025;20/11/2025;ZONA 9;EUGENIO ESPEJO;UNIVERSITARIO;UNIVERSITARIO 1;17;PICHINCHA;1701;QUITO;432000;-0,19697;-78,495545;HOMBRE;ECUADOR;25;ADULTO;MESTIZO/A;22/11/2025;-0,309577;-78,56405;PICHINCHA;ENCONTRADO;CAUSAS PERSONALES;CIRCUNSTANCIAL;DESAPARICIÓN VOLUNTARIA
17/11/2025;18/11/2025;20/11/2025;ZONA 9;ELOY ALFARO - DMQ;FERROVIARIA;FERROVIARIA 1;17;PICHINCHA;1701;QUITO;432000;-0,271356;-78,520469;MUJER;ECUADOR;18;ADULTO;MESTIZO/A;22/11/2025;-0,142148;-78,500265;PICHINCHA;ENCONTRADO;CAUSAS FAMILIARES;NO RELACIONADOS A VIOLENCIA;DESAPARICIÓN VOLUNTARIA
16/11/2025;1/12/2025;1/12/2025;ZONA 9;ELOY ALFARO - DMQ;SOLANDA;SOLANDA 4;17;PICHINCHA;1701;QUITO;2073600;-0,269652;-78,5458;HOMBRE;ECUADOR;52;ADULTO;MESTIZO/A;10/12/2025;-0,225138;-78,522202;PICHINCHA;ENCONTRADO;CAUSAS SOCIALES;ALCOHOLISMO;DESAPARICIÓN VOLUNTARIA
15/11/2025;28/11/2025;1/12/2025;ZONA 9;QUITUMBE;QUITUMBE;QUITUMBE 4;17;PICHINCHA;1701;QUITO;6912000;-0,33404;-78,526638;MUJER;ECUADOR;31;ADULTO;MESTIZO/A;3/2/2026;0,658319;-79,542369;ESMERALDAS;ENCONTRADO;CAUSAS FAMILIARES;NO RELACIONADOS A VIOLENCIA;DESAPARICIÓN VOLUNTARIA
14/11/2025;21/11/2025;21/11/2025;ZONA 9;ELOY ALFARO - DMQ;CHILIBULO;CHILIBULO 5;17;PICHINCHA;1701;QUITO;1296000;-0,232676;-78,533755;HOMBRE;ECUADOR;73;ADULTO MAYOR;MESTIZO/A;29/11/2025;-0,230023;-78,537021;PICHINCHA;ENCONTRADO;CAUSAS SOCIALES;ALCOHOLISMO;DESAPARICIÓN VOLUNTARIA
14/11/2025;18/11/2025;18/11/2025;ZONA 9;QUITUMBE;GUAMANÍ;GUAMANÍ 1;17;PICHINCHA;1701;QUITO;604800;-0,317977;-78,551921;HOMBRE;ECUADOR;15;ADOLESCENTES;MESTIZO/A;21/11/2025;-0,333508;-78,555712;PICHINCHA;ENCONTRADO;CAUSAS PERSONALES;CIRCUNSTANCIAL;DESAPARICIÓN VOLUNTARIA
14/11/2025;17/11/2025;17/11/2025;ZONA 9;ELOY ALFARO - DMQ;SANTA ANITA;SANTA ANITA 2;17;PICHINCHA;1701;QUITO;1209600;-0,259701;-78,539033;MUJER;ECUADOR;14;ADOLESCENTES;MESTIZO/A;28/11/2025;-0,34079;-78,55475;PICHINCHA;ENCONTRADO;CAUSAS PERSONALES;CIRCUNSTANCIAL;DESAPARICIÓN VOLUNTARIA
14/11/2025;16/11/2025;16/11/2025;ZONA 9;LA DELICIA;LA ROLDÓS;LA ROLDÓS 2;17;PICHINCHA;1701;QUITO;172800;-0,083785;-78,512083;MUJER;ECUADOR;31;ADULTO;MESTIZO/A;16/11/2025;-0,142174;-78,500127;PICHINCHA;ENCONTRADO;CAUSAS PERSONALES;CIRCUNSTANCIAL;DESAPARICIÓN VOLUNTARIA
14/11/2025;15/11/2025;15/11/2025;ZONA 9;LOS CHILLOS;CONOCOTO NORTE;CONOCOTO NORTE 2;17;PICHINCHA;1701;QUITO;172800;-0,278524;-78,481344;HOMBRE;ECUADOR;16;ADOLESCENTES;MESTIZO/A;16/11/2025;-0,263657;-78,487574;PICHINCHA;ENCONTRADO;CAUSAS PERSONALES;CIRCUNSTANCIAL;DESAPARICIÓN VOLUNTARIA
13/11/2025;14/11/2025;14/11/2025;ZONA 9;ELOY ALFARO - DMQ;ARGELIA;ARGELIA 8;17;PICHINCHA;1701;QUITO;950400;-0,285697;-78,524363;HOMBRE;ECUADOR;16;ADOLESCENTES;MESTIZO/A;24/11/2025;-0,14237;-78,50021;PICHINCHA;ENCONTRADO;CAUSAS PERSONALES;CIRCUNSTANCIAL;DESAPARICIÓN VOLUNTARIA
13/11/2025;13/11/2025;13/11/2025;ZONA 9;EUGENIO ESPEJO;LAS CASAS;LAS CASAS 2;17;PICHINCHA;1701;QUITO;518400;-0,181163;-78,507226;HOMBRE;ECUADOR;17;ADOLESCENTES;MESTIZO/A;19/11/2025;-0,14214;-78,499926;PICHINCHA;ENCONTRADO;CAUSAS FAMILIARES;NO RELACIONADOS A VIOLENCIA;DESAPARICIÓN VOLUNTARIA
13/11/2025;15/11/2025;15/11/2025;ZONA 9;ELOY ALFARO - DMQ;CHILIBULO;CHILIBULO 4;17;PICHINCHA;1701;QUITO;432000;-0,238989;-78,536301;HOMBRE;ECUADOR;14;ADOLESCENTES;INDIGENA;18/11/2025;-0,241645;-78,543606;PICHINCHA;ENCONTRADO;CAUSAS FAMILIARES;NO RELACIONADOS A VIOLENCIA;DESAPARICIÓN VOLUNTARIA
13/11/2025;15/11/2025;15/11/2025;ZONA 9;ELOY ALFARO - DMQ;CHILIBULO;CHILIBULO 1;17;PICHINCHA;1701;QUITO;345600;-0,244499;-78,547072;MUJER;ECUADOR;51;ADULTO;MESTIZO/A;17/11/2025;-0,244509;-78,541143;PICHINCHA;FALLECIDO;FALLECIDO;SIN_DATO;DESAPARICIÓN INVOLUNTARIA
13/11/2025;14/11/2025;14/11/2025;ZONA 9;LA DELICIA;SAN ANTONIO BAJO;SAN ANTONIO BAJO 1;17;PICHINCHA;1701;QUITO;86400;-0,002734;-78,455989;MUJER;ECUADOR;21;ADULTO;MESTIZO/A;14/11/2025;-0,220656;-78,520433;PICHINCHA;ENCONTRADO;CAUSAS PERSONALES;CIRCUNSTANCIAL;DESAPARICIÓN VOLUNTARIA
13/11/2025;14/11/2025;14/11/2025;ZONA 9;ELOY ALFARO - DMQ;LLOA;LLOA 1;17;PICHINCHA;1701;QUITO;86400;-0,250129;-78,583548;MUJER;ECUADOR;13;ADOLESCENTES;MESTIZO/A;14/11/2025;-0,186955;-78,51514;PICHINCHA;ENCONTRADO;CAUSAS PERSONALES;CIRCUNSTANCIAL;DESAPARICIÓN VOLUNTARIA
13/11/2025;16/11/2025;16/11/2025;ZONA 9;CALDERÓN;BICENTENARIO;BICENTENARIO 2;17;PICHINCHA;1701;QUITO;259200;-0,079588;-78,448426;MUJER;ECUADOR;24;ADULTO;MESTIZO/A;16/11/2025;-0,250939;-78,54338;PICHINCHA;ENCONTRADO;CAUSAS PERSONALES;CIRCUNSTANCIAL;DESAPARICIÓN VOLUNTARIA
13/11/2025;13/11/2025;13/11/2025;ZONA 9;LA DELICIA;POMASQUI;POMASQUI 3;17;PICHINCHA;1701;QUITO;86400;-0,068695;-78,465777;MUJER;ECUADOR;16;ADOLESCENTES;MESTIZO/A;14/11/2025;-0,256508;-78,556277;PICHINCHA;ENCONTRADO;CAUSAS FAMILIARES;NO RELACIONADOS A VIOLENCIA;DESAPARICIÓN VOLUNTARIA
13/11/2025;14/11/2025;14/11/2025;ZONA 9;LA DELICIA;MENA DEL HIERRO;MENA DEL HIERRO 1;17;PICHINCHA;1701;QUITO;172800;-0,11192;-78,506901;HOMBRE;ECUADOR;39;ADULTO;MESTIZO/A;15/11/2025;-0,142111;-78,500112;PICHINCHA;ENCONTRADO;CAUSAS PERSONALES;CIRCUNSTANCIAL;DESAPARICIÓN VOLUNTARIA
12/11/2025;18/11/2025;25/11/2025;ZONA 9;TUMBACO;PUEMBO;PUEMBO 1;17;PICHINCHA;1701;QUITO;1555200;-0,160267;-78,373773;MUJER;ECUADOR;7;NIÑOS(AS);MESTIZO/A;30/11/2025;-0,14239;-78,500198;PICHINCHA;ENCONTRADO;CAUSAS FAMILIARES;NO RELACIONADOS A VIOLENCIA;DESAPARICIÓN VOLUNTARIA
12/11/2025;13/11/2025;13/11/2025;ZONA 9;MANUELA SÁENZ;PANECILLO;PANECILLO 2;17;PICHINCHA;1701;QUITO;172800;-0,225236;-78,522382;HOMBRE;ECUADOR;18;ADULTO;MESTIZO/A;14/11/2025;-0,220792;-78,523681;PICHINCHA;ENCONTRADO;POSIBLE VINCULACIÓN A DELITO;ROBO (ESCOPOLAMINA U OTRA DROGA ALUCINÓGENA ALTAMENTE TÓXICA);DESAPARICIÓN INVOLUNTARIA
12/11/2025;13/11/2025;13/11/2025;ZONA 9;LA DELICIA;COLINAS DEL NORTE;COLINAS DEL NORTE 2;17;PICHINCHA;1701;QUITO;345600;-0,099632;-78,53812;MUJER;ECUADOR;14;ADOLESCENTES;MESTIZO/A;16/11/2025;-0,10693;-78,498509;PICHINCHA;ENCONTRADO;CAUSAS PERSONALES;CIRCUNSTANCIAL;DESAPARICIÓN VOLUNTARIA
12/11/2025;13/11/2025;13/11/2025;ZONA 9;CALDERÓN;CARAPUNGO;CARAPUNGO 3;17;PICHINCHA;1701;QUITO;86400;-0,094944;-78,45028;MUJER;ECUADOR;10;NIÑOS(AS);MESTIZO/A;13/11/2025;-0,092189;-78,457272;PICHINCHA;ENCONTRADO;VIOLENCIA;VIOLENCIA FÍSICA;DESAPARICIÓN VOLUNTARIA
12/11/2025;13/11/2025;13/11/2025;ZONA 9;LOS CHILLOS;CONOCOTO SUR;CONOCOTO SUR 1;17;PICHINCHA;1701;QUITO;86400;-0,294168;-78,475209;HOMBRE;ECUADOR;23;ADULTO;MESTIZO/A;13/11/2025;-0,087555;-78,474277;PICHINCHA;ENCONTRADO;CAUSAS PERSONALES;CIRCUNSTANCIAL;DESAPARICIÓN VOLUNTARIA
12/11/2025;13/11/2025;13/11/2025;ZONA 9;QUITUMBE;CHILLOGALLO;CHILLOGALLO 1;17;PICHINCHA;1701;QUITO;259200;-0,279231;-78,55369;HOMBRE;ECUADOR;25;ADULTO;MESTIZO/A;15/11/2025;-0,181699;-78,506952;PICHINCHA;FALLECIDO;FALLECIDO;ACCIDENTAL;DESAPARICIÓN INVOLUNTARIA
11/11/2025;11/11/2025;11/11/2025;ZONA 9;EUGENIO ESPEJO;LAS CASAS;LAS CASAS 1;17;PICHINCHA;1701;QUITO;0;-0,192943;-78,494131;HOMBRE;ECUADOR;83;ADULTO MAYOR;MESTIZO/A;11/11/2025;-0,153399;-78,494685;PICHINCHA;ENCONTRADO;EXTRAVIADO - DISCAPACIDAD / ENFERMEDADES / TRASTORNOS;DISCAPACIDAD INTELECTUAL;EXTRAVÍO
11/11/2025;12/11/2025;12/11/2025;ZONA 9;QUITUMBE;CHILLOGALLO;CHILLOGALLO 2;17;PICHINCHA;1701;QUITO;86400;-0,270595;-78,565764;HOMBRE;ECUADOR;17;ADOLESCENTES;MESTIZO/A;12/11/2025;-0,142508;-78,500112;PICHINCHA;ENCONTRADO;CAUSAS SOCIALES;ALCOHOLISMO;DESAPARICIÓN VOLUNTARIA
11/11/2025;13/11/2025;14/11/2025;ZONA 9;ELOY ALFARO - DMQ;CHILIBULO;CHILIBULO 1;17;PICHINCHA;1701;QUITO;1036800;-0,253946;-78,543928;HOMBRE;ECUADOR;13;ADOLESCENTES;MESTIZO/A;23/11/2025;-0,24785;-78,533588;PICHINCHA;ENCONTRADO;CAUSAS PERSONALES;CIRCUNSTANCIAL;DESAPARICIÓN VOLUNTARIA
11/11/2025;3/12/2025;8/12/2025;ZONA 9;QUITUMBE;TURUBAMBA;TURUBAMBA 3;17;PICHINCHA;1701;QUITO;7171200;-0,328639;-78,546565;MUJER;ECUADOR;13;ADOLESCENTES;MESTIZO/A;2/2/2026;-0,32566;-78,551081;PICHINCHA;ENCONTRADO;CAUSAS PERSONALES;CIRCUNSTANCIAL;DESAPARICIÓN VOLUNTARIA
10/11/2025;10/11/2025;10/11/2025;ZONA 9;CALDERÓN;LOS LLANOS;LOS LLANOS 2;17;PICHINCHA;1701;QUITO;86400;-0,116551;-78,446043;HOMBRE;ECUADOR;15;ADOLESCENTES;MESTIZO/A;11/11/2025;-0,142144;-78,500219;PICHINCHA;ENCONTRADO;CAUSAS PERSONALES;CIRCUNSTANCIAL;DESAPARICIÓN VOLUNTARIA
10/11/2025;11/11/2025;11/11/2025;ZONA 9;QUITUMBE;GUAMANÍ;GUAMANÍ 1;17;PICHINCHA;1701;QUITO;5356800;-0,317891;-78,550913;MUJER;ECUADOR;18;ADULTO;MESTIZO/A;11/1/2026;-0,312269;-78,550677;PICHINCHA;ENCONTRADO;CAUSAS PERSONALES;CIRCUNSTANCIAL;DESAPARICIÓN VOLUNTARIA
10/11/2025;11/11/2025;11/11/2025;ZONA 9;QUITUMBE;GUAMANÍ;GUAMANÍ 1;17;PICHINCHA;1701;QUITO;5356800;-0,317891;-78,550913;MUJER;ECUADOR;2;NIÑOS(AS);MESTIZO/A;11/1/2026;-0,312269;-78,550677;PICHINCHA;ENCONTRADO;CAUSAS PERSONALES;CIRCUNSTANCIAL;DESAPARICIÓN VOLUNTARIA
9/11/2025;11/11/2025;13/11/2025;ZONA 9;TUMBACO;YARUQUÍ;YARUQUÍ 1;17;PICHINCHA;1701;QUITO;3283200;-0,165751;-78,326708;MUJER;ECUADOR;29;ADULTO;MESTIZO/A;17/12/2025;-0,165772;-78,336987;PICHINCHA;ENCONTRADO;CAUSAS PERSONALES;CIRCUNSTANCIAL;DESAPARICIÓN VOLUNTARIA
8/11/2025;8/11/2025;8/11/2025;ZONA 9;EUGENIO ESPEJO;LA MARISCAL;LA MARISCAL 6;17;PICHINCHA;1701;QUITO;0;-0,208616;-78,487449;HOMBRE;ECUADOR;41;ADULTO;MESTIZO/A;8/11/2025;-0,257975;-78,525009;PICHINCHA;ENCONTRADO;POSIBLE VINCULACIÓN A DELITO;ROBO (ESCOPOLAMINA U OTRA DROGA ALUCINÓGENA ALTAMENTE TÓXICA);DESAPARICIÓN INVOLUNTARIA
8/11/2025;10/11/2025;11/11/2025;ZONA 9;LOS CHILLOS;SANTA ISABEL;SANTA ISABEL 1;17;PICHINCHA;1701;QUITO;259200;-0,324758;-78,504515;MUJER;ECUADOR;15;ADOLESCENTES;MESTIZO/A;11/11/2025;-0,324758;-78,504515;PICHINCHA;ENCONTRADO;CAUSAS PERSONALES;CIRCUNSTANCIAL;DESAPARICIÓN VOLUNTARIA
7/11/2025;8/11/2025;8/11/2025;ZONA 9;MANUELA SÁENZ;PUENGASÍ;PUENGASÍ 3;17;PICHINCHA;1701;QUITO;86400;-0,248377;-78,500911;HOMBRE;ECUADOR;28;ADULTO;MESTIZO/A;8/11/2025;-0,257588;-78,525384;PICHINCHA;ENCONTRADO;CAUSAS PERSONALES;CIRCUNSTANCIAL;DESAPARICIÓN VOLUNTARIA
7/11/2025;10/11/2025;10/11/2025;ZONA 9;TUMBACO;TUMBACO;TUMBACO 2;17;PICHINCHA;1701;QUITO;777600;-0,212087;-78,399232;MUJER;ECUADOR;16;ADOLESCENTES;MESTIZO/A;16/11/2025;-0,215368;-78,404451;PICHINCHA;ENCONTRADO;CAUSAS PERSONALES;RELACIÓN AFECTIVA;DESAPARICIÓN VOLUNTARIA
7/11/2025;12/11/2025;13/11/2025;ZONA 9;ELOY ALFARO - DMQ;MAGDALENA;MAGDALENA 1;17;PICHINCHA;1701;QUITO;1036800;-0,241299;-78,528589;MUJER;ECUADOR;15;ADOLESCENTES;MESTIZO/A;19/11/2025;-0,22299;-78,516551;PICHINCHA;ENCONTRADO;CAUSAS FAMILIARES;NO RELACIONADOS A VIOLENCIA;DESAPARICIÓN VOLUNTARIA
6/11/2025;7/11/2025;7/11/2025;ZONA 9;MANUELA SÁENZ;MONJAS COLLACOTO;MONJAS COLLACOTO 3;17;PICHINCHA;1701;QUITO;259200;-0,230028;-78,491781;MUJER;ECUADOR;16;ADOLESCENTES;MESTIZO/A;9/11/2025;-0,141951;-78,500518;PICHINCHA;ENCONTRADO;CAUSAS SOCIALES;ALCOHOLISMO;DESAPARICIÓN VOLUNTARIA
6/11/2025;7/11/2025;7/11/2025;ZONA 9;QUITUMBE;ECUATORIANA;ECUATORIANA 1;17;PICHINCHA;1701;QUITO;172800;-0,294656;-78,560892;HOMBRE;ECUADOR;24;ADULTO;MESTIZO/A;8/11/2025;-0,335984;-78,448853;PICHINCHA;ENCONTRADO;CAUSAS PERSONALES;CIRCUNSTANCIAL;DESAPARICIÓN VOLUNTARIA
6/11/2025;7/11/2025;7/11/2025;ZONA 9;LA DELICIA;LA PAMPA;LA PAMPA 1;17;PICHINCHA;1701;QUITO;86400;-0,053947;-78,466191;HOMBRE;ECUADOR;35;ADULTO;MESTIZO/A;7/11/2025;-0,056991;-78,451396;PICHINCHA;ENCONTRADO;CAUSAS PERSONALES;CIRCUNSTANCIAL;DESAPARICIÓN VOLUNTARIA
6/11/2025;6/11/2025;6/11/2025;ZONA 9;QUITUMBE;ECUATORIANA;ECUATORIANA 1;17;PICHINCHA;1701;QUITO;86400;-0,297035;-78,567315;MUJER;ECUADOR;16;ADOLESCENTES;MESTIZO/A;7/11/2025;-1,073567;-78,595483;COTOPAXI;ENCONTRADO;CAUSAS PERSONALES;CIRCUNSTANCIAL;DESAPARICIÓN VOLUNTARIA
6/11/2025;9/11/2025;9/11/2025;ZONA 9;EUGENIO ESPEJO;LA MARISCAL;LA MARISCAL 2;17;PICHINCHA;1701;QUITO;259200;-0,201264;-78,492134;HOMBRE;ECUADOR;30;ADULTO;MESTIZO/A;9/11/2025;0,042379;-78,147759;PICHINCHA;ENCONTRADO;CAUSAS PERSONALES;CIRCUNSTANCIAL;DESAPARICIÓN VOLUNTARIA
6/11/2025;7/11/2025;7/11/2025;ZONA 9;CALDERÓN;LOS LLANOS;LOS LLANOS 2;17;PICHINCHA;1701;QUITO;15379200;-0,115193;-78,445942;HOMBRE;ECUADOR;15;ADOLESCENTES;MESTIZO/A;3/5/2026;-0,116696;-78,425305;PICHINCHA;ENCONTRADO;CAUSAS PERSONALES;CIRCUNSTANCIAL;DESAPARICIÓN VOLUNTARIA
5/11/2025;5/11/2025;5/11/2025;ZONA 9;LA DELICIA;PONCIANO;PONCIANO 1;17;PICHINCHA;1701;QUITO;86400;-0,115697;-78,489028;HOMBRE;ECUADOR;12;ADOLESCENTES;MESTIZO/A;6/11/2025;-0,103629;-78,493339;PICHINCHA;ENCONTRADO;CAUSAS PERSONALES;CIRCUNSTANCIAL;DESAPARICIÓN VOLUNTARIA
5/11/2025;5/11/2025;5/11/2025;ZONA 9;EUGENIO ESPEJO;JIPIJAPA;JIPIJAPA 2;17;PICHINCHA;1701;QUITO;86400;-0,154652;-78,469783;HOMBRE;ECUADOR;36;ADULTO;MESTIZO/A;6/11/2025;-0,068665;-78,451138;PICHINCHA;ENCONTRADO;POSIBLE VINCULACIÓN A DELITO;ROBO (ESCOPOLAMINA U OTRA DROGA ALUCINÓGENA ALTAMENTE TÓXICA);DESAPARICIÓN INVOLUNTARIA
5/11/2025;6/11/2025;6/11/2025;ZONA 9;CALDERÓN;CARAPUNGO;CARAPUNGO 3;17;PICHINCHA;1701;QUITO;86400;-0,093017;-78,451219;MUJER;ECUADOR;14;ADOLESCENTES;MESTIZO/A;6/11/2025;-0,1236;-78,426925;PICHINCHA;ENCONTRADO;CAUSAS PERSONALES;CIRCUNSTANCIAL;DESAPARICIÓN VOLUNTARIA
4/11/2025;5/11/2025;5/11/2025;ZONA 9;EUGENIO ESPEJO;IÑAQUITO;IÑAQUITO 1;17;PICHINCHA;1701;QUITO;172800;-0,176053;-78,479222;HOMBRE;ECUADOR;24;ADULTO;MESTIZO/A;6/11/2025;-0,200887;-78,496313;PICHINCHA;ENCONTRADO;POSIBLE VINCULACIÓN A DELITO;ROBO (ESCOPOLAMINA U OTRA DROGA ALUCINÓGENA ALTAMENTE TÓXICA);DESAPARICIÓN INVOLUNTARIA
3/11/2025;4/11/2025;4/11/2025;ZONA 9;LA DELICIA;EL MIRADOR;EL MIRADOR 2;17;PICHINCHA;1701;QUITO;86400;-0,121754;-78,470776;MUJER;ECUADOR;15;ADOLESCENTES;MESTIZO/A;4/11/2025;-0,14232;-78,500224;PICHINCHA;ENCONTRADO;CAUSAS PERSONALES;CIRCUNSTANCIAL;DESAPARICIÓN VOLUNTARIA
2/11/2025;3/11/2025;2/11/2025;ZONA 9;CALDERÓN;SAN JUAN DE CALDERÓN;SAN JUAN DE CALDERÓN 1;17;PICHINCHA;1701;QUITO;86400;-0,064042;-78,43405;HOMBRE;ECUADOR;7;NIÑOS(AS);MESTIZO/A;3/11/2025;-0,065739;-78,436779;PICHINCHA;ENCONTRADO;CAUSAS PERSONALES;CIRCUNSTANCIAL;DESAPARICIÓN VOLUNTARIA
1/11/2025;1/11/2025;1/11/2025;ZONA 9;EUGENIO ESPEJO;IÑAQUITO;IÑAQUITO 2;17;PICHINCHA;1701;QUITO;345600;-0,175699;-78,4882;HOMBRE;ECUADOR;60;ADULTO;MESTIZO/A;5/11/2025;-0,162131;-78,47491;PICHINCHA;ENCONTRADO;EXTRAVIADO - AUSENCIA TEMPORAL;HOSPITALIZADO;EXTRAVÍO
1/11/2025;2/11/2025;2/11/2025;ZONA 9;ELOY ALFARO - DMQ;FERROVIARIA;FERROVIARIA 5;17;PICHINCHA;1701;QUITO;777600;-0,243674;-78,503337;MUJER;ECUADOR;16;ADOLESCENTES;MESTIZO/A;10/11/2025;-0,242007;-78,502403;PICHINCHA;ENCONTRADO;CAUSAS FAMILIARES;NO RELACIONADOS A VIOLENCIA;DESAPARICIÓN VOLUNTARIA
1/11/2025;1/11/2025;1/11/2025;ZONA 9;EUGENIO ESPEJO;LA MARISCAL;LA MARISCAL 5;17;PICHINCHA;1701;QUITO;432000;-0,208453;-78,49515;MUJER;ECUADOR;21;ADULTO;MESTIZO/A;6/11/2025;-0,303302;-78,417807;PICHINCHA;ENCONTRADO;CAUSAS PERSONALES;CIRCUNSTANCIAL;DESAPARICIÓN VOLUNTARIA
1/11/2025;3/11/2025;3/11/2025;ZONA 9;QUITUMBE;ECUATORIANA;ECUATORIANA 4;17;PICHINCHA;1701;QUITO;518400;-0,338711;-78,607761;HOMBRE;ECUADOR;15;ADOLESCENTES;MESTIZO/A;7/11/2025;-0,298831;-78,523124;PICHINCHA;ENCONTRADO;CAUSAS PERSONALES;CIRCUNSTANCIAL;DESAPARICIÓN VOLUNTARIA
1/11/2025;7/11/2025;7/11/2025;ZONA 9;QUITUMBE;LAS CUADRAS;LAS CUADRAS 1;17;PICHINCHA;1701;QUITO;1036800;-0,305921;-78,551871;MUJER;ECUADOR;34;ADULTO;MESTIZO/A;13/11/2025;0,066154;-78,402347;PICHINCHA;ENCONTRADO;CAUSAS PERSONALES;CIRCUNSTANCIAL;DESAPARICIÓN VOLUNTARIA
31/10/2025;2/11/2025;2/11/2025;ZONA 9;QUITUMBE;QUITUMBE;QUITUMBE 1;17;PICHINCHA;1701;QUITO;518400;-0,298308;-78,539523;MUJER;ECUADOR;15;ADOLESCENTES;MESTIZO/A;6/11/2025;-0,293208;-78,54451;PICHINCHA;ENCONTRADO;CAUSAS PERSONALES;CIRCUNSTANCIAL;DESAPARICIÓN VOLUNTARIA
31/10/2025;3/11/2025;3/11/2025;ZONA 9;CALDERÓN;SAN JUAN DE CALDERÓN;SAN JUAN DE CALDERÓN 2;17;PICHINCHA;1701;QUITO;777600;-0,089408;-78,438383;HOMBRE;ECUADOR;55;ADULTO;MESTIZO/A;9/11/2025;-0,08275;-78,416086;PICHINCHA;ENCONTRADO;CAUSAS PERSONALES;CIRCUNSTANCIAL;DESAPARICIÓN VOLUNTARIA
31/10/2025;4/11/2025;4/11/2025;ZONA 9;QUITUMBE;ECUATORIANA;ECUATORIANA 2;17;PICHINCHA;1701;QUITO;7084800;-0,305009;-78,565613;MUJER;ECUADOR;16;ADOLESCENTES;OTROS;21/1/2026;-0,142213;-78,500275;PICHINCHA;ENCONTRADO;CAUSAS PERSONALES;CIRCUNSTANCIAL;DESAPARICIÓN VOLUNTARIA
31/10/2025;2/11/2025;2/11/2025;ZONA 9;QUITUMBE;CHILLOGALLO;CHILLOGALLO 5;17;PICHINCHA;1701;QUITO;172800;-0,286945;-78,565054;MUJER;ECUADOR;14;ADOLESCENTES;MESTIZO/A;2/11/2025;-0,142015;-78,500561;PICHINCHA;ENCONTRADO;CAUSAS PERSONALES;CIRCUNSTANCIAL;DESAPARICIÓN VOLUNTARIA
31/10/2025;4/11/2025;4/11/2025;ZONA 9;QUITUMBE;LAS CUADRAS;LAS CUADRAS 1;17;PICHINCHA;1701;QUITO;345600;-0,304392;-78,547737;HOMBRE;ECUADOR;32;ADULTO;MESTIZO/A;4/11/2025;-1,32943;-78,543437;TUNGURAHUA;ENCONTRADO;CAUSAS PERSONALES;CIRCUNSTANCIAL;DESAPARICIÓN VOLUNTARIA
31/10/2025;5/11/2025;5/11/2025;ZONA 9;QUITUMBE;GUAMANÍ;GUAMANÍ 3;17;PICHINCHA;1701;QUITO;518400;-0,325064;-78,558666;HOMBRE;ECUADOR;23;ADULTO;MESTIZO/A;6/11/2025;-0,116382;-78,498099;PICHINCHA;ENCONTRADO;CAUSAS PERSONALES;CIRCUNSTANCIAL;DESAPARICIÓN VOLUNTARIA
30/10/2025;31/10/2025;31/10/2025;ZONA 9;EUGENIO ESPEJO;COCHAPAMBA;COCHAPAMBA 4;17;PICHINCHA;1701;QUITO;86400;-0,125069;-78,508294;HOMBRE;ECUADOR;88;ADULTO MAYOR;MESTIZO/A;31/10/2025;-0,143281;-78,507634;PICHINCHA;FALLECIDO;FALLECIDO;SIN_DATO;DESAPARICIÓN INVOLUNTARIA
30/10/2025;3/11/2025;3/11/2025;ZONA 9;ELOY ALFARO - DMQ;MENA;MENA 4;17;PICHINCHA;1701;QUITO;432000;-0,256865;-78,566593;MUJER;ECUADOR;12;ADOLESCENTES;MESTIZO/A;4/11/2025;-0,266628;-78,537867;PICHINCHA;ENCONTRADO;CAUSAS FAMILIARES;NO RELACIONADOS A VIOLENCIA;DESAPARICIÓN VOLUNTARIA
29/10/2025;5/11/2025;5/11/2025;ZONA 9;QUITUMBE;GUAMANÍ;GUAMANÍ 3;17;PICHINCHA;1701;QUITO;604800;-0,336308;-78,557291;HOMBRE;ECUADOR;43;ADULTO;MESTIZO/A;5/11/2025;-0,214285;-78,498296;PICHINCHA;ENCONTRADO;EXTRAVIADO - AUSENCIA TEMPORAL;HOSPITALIZADO;EXTRAVÍO
29/10/2025;31/10/2025;31/10/2025;ZONA 9;CALDERÓN;CARAPUNGO;CARAPUNGO 1;17;PICHINCHA;1701;QUITO;1382400;-0,091758;-78,442927;HOMBRE;ECUADOR;23;ADULTO;MESTIZO/A;14/11/2025;-0,089586;-78,49142;PICHINCHA;ENCONTRADO;CAUSAS PERSONALES;CIRCUNSTANCIAL;DESAPARICIÓN VOLUNTARIA
29/10/2025;29/10/2025;29/10/2025;ZONA 9;MANUELA SÁENZ;ITCHIMBIA;ITCHIMBIA 2;17;PICHINCHA;1701;QUITO;86400;-0,214133;-78,488083;HOMBRE;ECUADOR;12;ADOLESCENTES;MESTIZO/A;30/10/2025;-0,295286;-78,55657;PICHINCHA;ENCONTRADO;EXTRAVIADO - DISCAPACIDAD / ENFERMEDADES / TRASTORNOS;DISCAPACIDAD PSICOSOCIAL;EXTRAVÍO
29/10/2025;30/10/2025;30/10/2025;ZONA 9;TUMBACO;TUMBACO SUR;TUMBACO SUR 2;17;PICHINCHA;1701;QUITO;86400;-0,219081;-78,371412;MUJER;ECUADOR;15;ADOLESCENTES;INDIGENA;30/10/2025;-0,21449;-78,418458;PICHINCHA;ENCONTRADO;CAUSAS PERSONALES;CIRCUNSTANCIAL;DESAPARICIÓN VOLUNTARIA
29/10/2025;5/11/2025;12/11/2025;ZONA 9;QUITUMBE;ECUATORIANA;ECUATORIANA 3;17;PICHINCHA;1701;QUITO;2851200;-0,313852;-78,566374;MUJER;ECUADOR;13;ADOLESCENTES;MESTIZO/A;1/12/2025;-0,313852;-78,566374;PICHINCHA;ENCONTRADO;CAUSAS PERSONALES;CIRCUNSTANCIAL;DESAPARICIÓN VOLUNTARIA
29/10/2025;29/10/2025;29/10/2025;ZONA 9;MANUELA SÁENZ;CENTRO HISTÓRICO;CENTRO HISTÓRICO 4;17;PICHINCHA;1701;QUITO;86400;-0,215674;-78,506637;HOMBRE;ECUADOR;15;ADOLESCENTES;MESTIZO/A;30/10/2025;-0,210509;-78,506726;PICHINCHA;ENCONTRADO;CAUSAS PERSONALES;RELACIÓN AFECTIVA;DESAPARICIÓN VOLUNTARIA
29/10/2025;30/10/2025;30/10/2025;ZONA 9;MANUELA SÁENZ;CENTRO HISTÓRICO;CENTRO HISTÓRICO 3;17;PICHINCHA;1701;QUITO;86400;-0,218369;-78,513306;MUJER;ECUADOR;15;ADOLESCENTES;MESTIZO/A;30/10/2025;-0,264792;-78,536004;PICHINCHA;ENCONTRADO;CAUSAS PERSONALES;CIRCUNSTANCIAL;DESAPARICIÓN VOLUNTARIA
28/10/2025;29/10/2025;31/3/2026;ZONA 9;EUGENIO ESPEJO;AEROPUERTO;AEROPUERTO 3;17;PICHINCHA;1701;QUITO;13824000;-0,14217;-78,500125;HOMBRE;ECUADOR;18;ADULTO;MESTIZO/A;6/4/2026;-0,142084;-78,500275;PICHINCHA;ENCONTRADO;CAUSAS PERSONALES;CIRCUNSTANCIAL;DESAPARICIÓN VOLUNTARIA
28/10/2025;6/11/2025;13/11/2025;ZONA 9;MANUELA SÁENZ;ITCHIMBIA;ITCHIMBIA 2;17;PICHINCHA;1701;QUITO;1814400;-0,217119;-78,488916;HOMBRE;ECUADOR;7;NIÑOS(AS);MESTIZO/A;18/11/2025;-0,218196;-78,511779;PICHINCHA;ENCONTRADO;VIOLENCIA;VIOLENCIA PSICOLÓGICA;DESAPARICIÓN VOLUNTARIA
28/10/2025;6/11/2025;13/11/2025;ZONA 9;MANUELA SÁENZ;ITCHIMBIA;ITCHIMBIA 2;17;PICHINCHA;1701;QUITO;1814400;-0,217119;-78,488916;HOMBRE;ECUADOR;11;NIÑOS(AS);MESTIZO/A;18/11/2025;-0,218196;-78,511779;PICHINCHA;ENCONTRADO;VIOLENCIA;VIOLENCIA PSICOLÓGICA;DESAPARICIÓN VOLUNTARIA
28/10/2025;6/11/2025;13/11/2025;ZONA 9;MANUELA SÁENZ;ITCHIMBIA;ITCHIMBIA 2;17;PICHINCHA;1701;QUITO;1814400;-0,217119;-78,488916;MUJER;ECUADOR;50;ADULTO;MESTIZO/A;18/11/2025;-0,218196;-78,511779;PICHINCHA;ENCONTRADO;VIOLENCIA;VIOLENCIA PSICOLÓGICA;DESAPARICIÓN VOLUNTARIA
28/10/2025;12/11/2025;11/11/2025;ZONA 9;QUITUMBE;ECUATORIANA;ECUATORIANA 1;17;PICHINCHA;1701;QUITO;1987200;-0,296104;-78,559746;HOMBRE;ECUADOR;9;NIÑOS(AS);MESTIZO/A;20/11/2025;-1,799706;-79,538901;LOS RIOS;ENCONTRADO;CAUSAS FAMILIARES;NO RELACIONADOS A VIOLENCIA;DESAPARICIÓN VOLUNTARIA
28/10/2025;12/11/2025;11/11/2025;ZONA 9;QUITUMBE;ECUATORIANA;ECUATORIANA 1;17;PICHINCHA;1701;QUITO;1987200;-0,296104;-78,559746;MUJER;ECUADOR;25;ADULTO;MESTIZO/A;20/11/2025;-1,799706;-79,538901;LOS RIOS;ENCONTRADO;CAUSAS FAMILIARES;NO RELACIONADOS A VIOLENCIA;DESAPARICIÓN VOLUNTARIA
27/10/2025;29/10/2025;29/10/2025;ZONA 9;QUITUMBE;LAS CUADRAS;LAS CUADRAS 1;17;PICHINCHA;1701;QUITO;172800;-0,308276;-78,549733;HOMBRE;ECUADOR;17;ADOLESCENTES;MESTIZO/A;29/10/2025;-0,310069;-78,546983;PICHINCHA;ENCONTRADO;CAUSAS PERSONALES;CIRCUNSTANCIAL;DESAPARICIÓN VOLUNTARIA
27/10/2025;28/10/2025;29/10/2025;ZONA 9;CALDERÓN;LLANO CHICO;LLANO CHICO 1;17;PICHINCHA;1701;QUITO;345600;-0,129596;-78,443709;HOMBRE;ECUADOR;18;ADULTO;MESTIZO/A;31/10/2025;-0,129596;-78,443709;PICHINCHA;ENCONTRADO;CAUSAS PERSONALES;CIRCUNSTANCIAL;DESAPARICIÓN VOLUNTARIA
27/10/2025;31/10/2025;4/11/2025;ZONA 9;QUITUMBE;ECUATORIANA;ECUATORIANA 4;17;PICHINCHA;1701;QUITO;777600;-0,326211;-78,576469;HOMBRE;ECUADOR;23;ADULTO;MESTIZO/A;5/11/2025;-0,333373;-78,580232;PICHINCHA;ENCONTRADO;EXTRAVIADO - DISCAPACIDAD / ENFERMEDADES / TRASTORNOS;DISCAPACIDAD INTELECTUAL;EXTRAVÍO
27/10/2025;30/10/2025;30/10/2025;ZONA 9;QUITUMBE;LAS CUADRAS;LAS CUADRAS 3;17;PICHINCHA;1701;QUITO;345600;-0,296101;-78,556799;HOMBRE;ECUADOR;26;ADULTO;MESTIZO/A;31/10/2025;-0,214833;-78,502285;PICHINCHA;ENCONTRADO;CAUSAS PERSONALES;CIRCUNSTANCIAL;DESAPARICIÓN VOLUNTARIA
25/10/2025;27/10/2025;27/10/2025;ZONA 9;ELOY ALFARO - DMQ;SOLANDA;SOLANDA 2;17;PICHINCHA;1701;QUITO;7689600;-0,26889;-78,53922;MUJER;VENEZUELA;18;ADULTO;MESTIZO/A;22/1/2026;-0,269464;-78,550937;PICHINCHA;ENCONTRADO;CAUSAS FAMILIARES;NO RELACIONADOS A VIOLENCIA;DESAPARICIÓN VOLUNTARIA
25/10/2025;25/10/2025;25/10/2025;ZONA 9;MANUELA SÁENZ;SAN JUAN;SAN JUAN 2;17;PICHINCHA;1701;QUITO;0;-0,216453;-78,509955;HOMBRE;ECUADOR;65;ADULTO MAYOR;MESTIZO/A;25/10/2025;-0,208069;-78,400514;PICHINCHA;ENCONTRADO;CAUSAS PERSONALES;CIRCUNSTANCIAL;DESAPARICIÓN VOLUNTARIA
25/10/2025;25/10/2025;25/10/2025;ZONA 9;MANUELA SÁENZ;SAN JUAN;SAN JUAN 1;17;PICHINCHA;1701;QUITO;172800;-0,207111;-78,504225;HOMBRE;ECUADOR;54;ADULTO;MESTIZO/A;27/10/2025;-0,182103;-78,504162;PICHINCHA;ENCONTRADO;CAUSAS SOCIALES;GRUPOS DELICTIVOS ORGANIZADOS/GDOS/PANDILLAS/MAFIAS/CARTELES;DESAPARICIÓN INVOLUNTARIA
25/10/2025;25/10/2025;25/10/2025;ZONA 9;QUITUMBE;ECUATORIANA;ECUATORIANA 4;17;PICHINCHA;1701;QUITO;86400;-0,308986;-78,567998;MUJER;ECUADOR;16;ADOLESCENTES;MESTIZO/A;26/10/2025;-0,308826;-78,56317;PICHINCHA;ENCONTRADO;CAUSAS PERSONALES;CIRCUNSTANCIAL;DESAPARICIÓN VOLUNTARIA
25/10/2025;27/10/2025;27/10/2025;ZONA 9;EUGENIO ESPEJO;COCHAPAMBA;COCHAPAMBA 1;17;PICHINCHA;1701;QUITO;345600;-0,155925;-78,507151;HOMBRE;ECUADOR;28;ADULTO;MESTIZO/A;29/10/2025;-0,127278;-78,497521;PICHINCHA;ENCONTRADO;CAUSAS PERSONALES;CIRCUNSTANCIAL;DESAPARICIÓN VOLUNTARIA
25/10/2025;27/10/2025;27/10/2025;ZONA 9;QUITUMBE;GUAMANÍ;GUAMANÍ 2;17;PICHINCHA;1701;QUITO;3542400;-0,32475;-78,565281;MUJER;ECUADOR;13;ADOLESCENTES;MESTIZO/A;5/12/2025;-0,295276;-78,555362;PICHINCHA;ENCONTRADO;CAUSAS PERSONALES;RELACIÓN AFECTIVA;DESAPARICIÓN VOLUNTARIA
25/10/2025;26/10/2025;26/10/2025;ZONA 9;ELOY ALFARO - DMQ;SOLANDA;SOLANDA 4;17;PICHINCHA;1701;QUITO;86400;-0,26886;-78,54113;MUJER;ECUADOR;17;ADOLESCENTES;MESTIZO/A;26/10/2025;-0,142223;-78,50019;PICHINCHA;ENCONTRADO;CAUSAS PERSONALES;CIRCUNSTANCIAL;DESAPARICIÓN VOLUNTARIA
24/10/2025;27/10/2025;28/10/2025;ZONA 9;CALDERÓN;BICENTENARIO;BICENTENARIO 2;17;PICHINCHA;1701;QUITO;604800;-0,082383;-78,437038;MUJER;ECUADOR;13;ADOLESCENTES;MESTIZO/A;31/10/2025;-0,108231;-78,464218;PICHINCHA;ENCONTRADO;VIOLENCIA;VIOLENCIA PSICOLÓGICA;DESAPARICIÓN VOLUNTARIA
24/10/2025;25/10/2025;25/10/2025;ZONA 9;LOS CHILLOS;CONOCOTO SUR;CONOCOTO SUR 1;17;PICHINCHA;1701;QUITO;86400;-0,297863;-78,480138;HOMBRE;ECUADOR;22;ADULTO;MESTIZO/A;25/10/2025;-0,142626;-78,500112;PICHINCHA;ENCONTRADO;CAUSAS PERSONALES;CIRCUNSTANCIAL;DESAPARICIÓN VOLUNTARIA
24/10/2025;25/10/2025;25/10/2025;ZONA 9;EUGENIO ESPEJO;LA MARISCAL;LA MARISCAL 3;17;PICHINCHA;1701;QUITO;172800;-0,203413;-78,490497;MUJER;ECUADOR;19;ADULTO;MESTIZO/A;26/10/2025;-0,14238;-78,500134;PICHINCHA;ENCONTRADO;CAUSAS PERSONALES;CIRCUNSTANCIAL;DESAPARICIÓN VOLUNTARIA
24/10/2025;25/10/2025;25/10/2025;ZONA 9;ELOY ALFARO - DMQ;CHILIBULO;CHILIBULO 3;17;PICHINCHA;1701;QUITO;259200;-0,2416;-78,532521;MUJER;ECUADOR;14;ADOLESCENTES;MESTIZO/A;27/10/2025;-0,247561;-79,164073;PICHINCHA;ENCONTRADO;VIOLENCIA;VIOLENCIA FÍSICA;DESAPARICIÓN VOLUNTARIA
24/10/2025;27/10/2025;27/10/2025;ZONA 9;QUITUMBE;ECUATORIANA;ECUATORIANA 1;17;PICHINCHA;1701;QUITO;1987200;-0,29465;-78,563263;MUJER;ECUADOR;14;ADOLESCENTES;MESTIZO/A;16/11/2025;-0,142858;-78,500157;PICHINCHA;ENCONTRADO;CAUSAS PERSONALES;CIRCUNSTANCIAL;DESAPARICIÓN VOLUNTARIA
24/10/2025;28/10/2025;29/10/2025;ZONA 9;QUITUMBE;CHILLOGALLO;CHILLOGALLO 6;17;PICHINCHA;1701;QUITO;1036800;-0,284207;-78,591559;MUJER;ECUADOR;14;ADOLESCENTES;MESTIZO/A;5/11/2025;-0,299401;-78,530235;PICHINCHA;ENCONTRADO;CAUSAS PERSONALES;CIRCUNSTANCIAL;DESAPARICIÓN VOLUNTARIA
23/10/2025;23/10/2025;28/10/2025;ZONA 9;TUMBACO;YARUQUÍ;YARUQUÍ 1;17;PICHINCHA;1701;QUITO;9417600;-0,163111;-78,318962;MUJER;ECUADOR;15;ADOLESCENTES;MESTIZO/A;9/2/2026;-0,164742;-78,318275;PICHINCHA;ENCONTRADO;CAUSAS PERSONALES;CIRCUNSTANCIAL;DESAPARICIÓN VOLUNTARIA
23/10/2025;28/10/2025;28/10/2025;ZONA 9;ELOY ALFARO - DMQ;FERROVIARIA;FERROVIARIA 4;17;PICHINCHA;1701;QUITO;1209600;-0,259178;-78,504203;MUJER;ECUADOR;28;ADULTO;MESTIZO/A;6/11/2025;-0,300107;-78,456234;PICHINCHA;ENCONTRADO;EXTRAVIADO - DISCAPACIDAD / ENFERMEDADES / TRASTORNOS;DISCAPACIDAD INTELECTUAL;EXTRAVÍO
23/10/2025;10/11/2025;11/11/2025;ZONA 9;MANUELA SÁENZ;EL PLACER;EL PLACER 3;17;PICHINCHA;1701;QUITO;1900800;-0,211824;-78,521891;MUJER;ECUADOR;15;ADOLESCENTES;MESTIZO/A;14/11/2025;-0,252512;-78,539987;PICHINCHA;ENCONTRADO;CAUSAS PERSONALES;CIRCUNSTANCIAL;DESAPARICIÓN VOLUNTARIA
23/10/2025;24/10/2025;24/10/2025;ZONA 9;EUGENIO ESPEJO;UNIVERSITARIO;UNIVERSITARIO 1;17;PICHINCHA;1701;QUITO;259200;-0,196547;-78,50814;HOMBRE;ECUADOR;89;ADULTO MAYOR;MESTIZO/A;26/10/2025;-0,191847;-78,50681;PICHINCHA;ENCONTRADO;EXTRAVIADO - DISCAPACIDAD / ENFERMEDADES / TRASTORNOS;DISCAPACIDAD PSICOSOCIAL;EXTRAVÍO
23/10/2025;24/10/2025;24/10/2025;ZONA 9;EUGENIO ESPEJO;COCHAPAMBA;COCHAPAMBA 1;17;PICHINCHA;1701;QUITO;86400;-0,15932;-78,508258;HOMBRE;ECUADOR;26;ADULTO;INDIGENA;24/10/2025;-0,258443;-78,547775;PICHINCHA;ENCONTRADO;POSIBLE VINCULACIÓN A DELITO;ROBO (ESCOPOLAMINA U OTRA DROGA ALUCINÓGENA ALTAMENTE TÓXICA);DESAPARICIÓN INVOLUNTARIA
23/10/2025;24/10/2025;24/10/2025;ZONA 9;LA DELICIA;PONCIANO;PONCIANO 2;17;PICHINCHA;1701;QUITO;259200;-0,108637;-78,488407;HOMBRE;ECUADOR;45;ADULTO;MESTIZO/A;26/10/2025;-0,142369;-78,500144;PICHINCHA;ENCONTRADO;CAUSAS PERSONALES;CIRCUNSTANCIAL;DESAPARICIÓN VOLUNTARIA
23/10/2025;26/10/2025;26/10/2025;ZONA 9;EUGENIO ESPEJO;COCHAPAMBA;COCHAPAMBA 5;17;PICHINCHA;1701;QUITO;345600;-0,120431;-78,509198;MUJER;ECUADOR;15;ADOLESCENTES;MESTIZO/A;27/10/2025;-0,142406;-78,500136;PICHINCHA;ENCONTRADO;CAUSAS PERSONALES;CIRCUNSTANCIAL;DESAPARICIÓN VOLUNTARIA
22/10/2025;24/10/2025;24/10/2025;ZONA 9;LA DELICIA;LA ROLDÓS;LA ROLDÓS 2;17;PICHINCHA;1701;QUITO;1814400;-0,08582;-78,509738;MUJER;COLOMBIA;14;ADOLESCENTES;MESTIZO/A;12/11/2025;-0,142122;-78,500123;PICHINCHA;ENCONTRADO;CAUSAS PERSONALES;RELACIÓN AFECTIVA;DESAPARICIÓN VOLUNTARIA
22/10/2025;22/10/2025;22/10/2025;ZONA 9;LA DELICIA;COLINAS DEL NORTE;COLINAS DEL NORTE 1;17;PICHINCHA;1701;QUITO;864000;-0,125104;-78,53727;MUJER;ECUADOR;15;ADOLESCENTES;MESTIZO/A;1/11/2025;-0,136953;-78,518458;PICHINCHA;ENCONTRADO;CAUSAS PERSONALES;CIRCUNSTANCIAL;DESAPARICIÓN VOLUNTARIA
22/10/2025;22/10/2025;22/10/2025;ZONA 9;ELOY ALFARO - DMQ;MAGDALENA;MAGDALENA 3;17;PICHINCHA;1701;QUITO;345600;-0,24102;-78,521248;MUJER;ECUADOR;17;ADOLESCENTES;MESTIZO/A;26/10/2025;-0,142353;-78,50273;PICHINCHA;ENCONTRADO;CAUSAS PERSONALES;CIRCUNSTANCIAL;DESAPARICIÓN VOLUNTARIA
22/10/2025;23/10/2025;23/10/2025;ZONA 9;TUMBACO;PIFO;PIFO 2;17;PICHINCHA;1701;QUITO;1641600;-0,214471;-78,338963;HOMBRE;ECUADOR;16;ADOLESCENTES;MESTIZO/A;10/11/2025;-0,161967;-78,500191;PICHINCHA;ENCONTRADO;CAUSAS PERSONALES;CIRCUNSTANCIAL;DESAPARICIÓN VOLUNTARIA
22/10/2025;24/10/2025;24/10/2025;ZONA 9;EUGENIO ESPEJO;NAYON;NAYON 1;17;PICHINCHA;1701;QUITO;345600;-0,157949;-78,440787;MUJER;ECUADOR;14;ADOLESCENTES;INDIGENA;26/10/2025;-0,142358;-78,50023;PICHINCHA;ENCONTRADO;CAUSAS PERSONALES;CIRCUNSTANCIAL;DESAPARICIÓN VOLUNTARIA
21/10/2025;31/10/2025;31/10/2025;ZONA 9;QUITUMBE;ECUATORIANA;ECUATORIANA 3;17;PICHINCHA;1701;QUITO;1468800;-0,30904;-78,562805;MUJER;ECUADOR;16;ADOLESCENTES;MESTIZO/A;7/11/2025;-0,309319;-78,561711;PICHINCHA;ENCONTRADO;CAUSAS PERSONALES;CIRCUNSTANCIAL;DESAPARICIÓN VOLUNTARIA
21/10/2025;21/10/2025;21/10/2025;ZONA 9;ELOY ALFARO - DMQ;FERROVIARIA;FERROVIARIA 4;17;PICHINCHA;1701;QUITO;172800;-0,258629;-78,511809;MUJER;ECUADOR;18;ADULTO;MESTIZO/A;23/10/2025;-0,259884;-78,52533;PICHINCHA;ENCONTRADO;EXTRAVIADO - DISCAPACIDAD / ENFERMEDADES / TRASTORNOS;DISCAPACIDAD INTELECTUAL;EXTRAVÍO
21/10/2025;22/10/2025;22/10/2025;ZONA 9;QUITUMBE;ECUATORIANA;ECUATORIANA 1;17;PICHINCHA;1701;QUITO;86400;-0,302038;-78,563022;MUJER;ECUADOR;14;ADOLESCENTES;MESTIZO/A;22/10/2025;-0,310893;-78,564058;PICHINCHA;ENCONTRADO;CAUSAS PERSONALES;CIRCUNSTANCIAL;DESAPARICIÓN VOLUNTARIA
21/10/2025;24/10/2025;24/10/2025;ZONA 9;QUITUMBE;ECUATORIANA;ECUATORIANA 3;17;PICHINCHA;1701;QUITO;345600;-0,309298;-78,562119;HOMBRE;ECUADOR;32;ADULTO;MESTIZO/A;25/10/2025;-0,295544;-78,561062;PICHINCHA;ENCONTRADO;CAUSAS PERSONALES;CIRCUNSTANCIAL;DESAPARICIÓN VOLUNTARIA
20/10/2025;23/10/2025;22/10/2025;ZONA 9;LOS CHILLOS;CONOCOTO NORTE;CONOCOTO NORTE 4;17;PICHINCHA;1701;QUITO;1296000;-0,273925;-78,480209;HOMBRE;VENEZUELA;25;ADULTO;MESTIZO/A;4/11/2025;-0,142358;-78,50273;PICHINCHA;ENCONTRADO;EXTRAVIADO - DISCAPACIDAD / ENFERMEDADES / TRASTORNOS;DISCAPACIDAD PSICOSOCIAL;EXTRAVÍO
20/10/2025;20/10/2025;20/10/2025;ZONA 9;LA DELICIA;LA ROLDÓS;LA ROLDÓS 4;17;PICHINCHA;1701;QUITO;604800;-0,098644;-78,53327;MUJER;ECUADOR;14;ADOLESCENTES;MESTIZO/A;27/10/2025;-0,142412;-78,500166;PICHINCHA;ENCONTRADO;CAUSAS PERSONALES;CIRCUNSTANCIAL;DESAPARICIÓN VOLUNTARIA
20/10/2025;20/10/2025;20/10/2025;ZONA 9;MANUELA SÁENZ;PANECILLO;PANECILLO 3;17;PICHINCHA;1701;QUITO;345600;-0,22837;-78,511879;MUJER;ECUADOR;71;ADULTO MAYOR;MESTIZO/A;24/10/2025;-0,183042;-78,502507;PICHINCHA;FALLECIDO;FALLECIDO;ACCIDENTAL;DESAPARICIÓN INVOLUNTARIA
20/10/2025;20/10/2025;20/10/2025;ZONA 9;TUMBACO;VÍA LÁCTEA;VÍA LÁCTEA 1;17;PICHINCHA;1701;QUITO;86400;-0,196929;-78,439521;HOMBRE;ECUADOR;22;ADULTO;MESTIZO/A;21/10/2025;-0,142569;-78,499824;PICHINCHA;ENCONTRADO;CAUSAS PERSONALES;CIRCUNSTANCIAL;DESAPARICIÓN VOLUNTARIA
20/10/2025;20/10/2025;20/10/2025;ZONA 9;QUITUMBE;CHILLOGALLO;CHILLOGALLO 6;17;PICHINCHA;1701;QUITO;0;-0,284164;-78,591559;MUJER;ECUADOR;61;ADULTO;MESTIZO/A;20/10/2025;-0,280991;-78,564088;PICHINCHA;ENCONTRADO;EXTRAVIADO - DISCAPACIDAD / ENFERMEDADES / TRASTORNOS;DISCAPACIDAD PSICOSOCIAL;EXTRAVÍO
20/10/2025;21/10/2025;21/10/2025;ZONA 9;QUITUMBE;ECUATORIANA;ECUATORIANA 3;17;PICHINCHA;1701;QUITO;1900800;-0,309298;-78,5642;MUJER;ECUADOR;16;ADOLESCENTES;MESTIZO/A;11/11/2025;-0,07081;-78,45341;PICHINCHA;ENCONTRADO;CAUSAS PERSONALES;CIRCUNSTANCIAL;DESAPARICIÓN VOLUNTARIA
20/10/2025;22/10/2025;22/10/2025;ZONA 9;LA DELICIA;POMASQUI;POMASQUI 1;17;PICHINCHA;1701;QUITO;518400;-0,054346;-78,4565;MUJER;ECUADOR;21;ADULTO;MESTIZO/A;26/10/2025;-0,142353;-78,50273;PICHINCHA;ENCONTRADO;CAUSAS PERSONALES;CIRCUNSTANCIAL;DESAPARICIÓN VOLUNTARIA
19/10/2025;19/10/2025;19/10/2025;ZONA 9;CALDERÓN;CARAPUNGO;CARAPUNGO 2;17;PICHINCHA;1701;QUITO;0;-0,089314;-78,452854;MUJER;ECUADOR;8;NIÑOS(AS);MESTIZO/A;19/10/2025;-0,093176;-78,450478;PICHINCHA;ENCONTRADO;CAUSAS PERSONALES;CIRCUNSTANCIAL;DESAPARICIÓN VOLUNTARIA
19/10/2025;20/10/2025;21/10/2025;ZONA 9;TUMBACO;PUEMBO;PUEMBO 1;17;PICHINCHA;1701;QUITO;3110400;-0,162842;-78,371198;MUJER;ECUADOR;18;ADULTO;MESTIZO/A;24/11/2025;-0,153744;-78,382013;PICHINCHA;ENCONTRADO;CAUSAS PERSONALES;CIRCUNSTANCIAL;DESAPARICIÓN VOLUNTARIA
19/10/2025;23/10/2025;23/10/2025;ZONA 9;LA DELICIA;EL MIRADOR;EL MIRADOR 1;17;PICHINCHA;1701;QUITO;518400;-0,119897;-78,47832;HOMBRE;ECUADOR;36;ADULTO;MESTIZO/A;25/10/2025;-0,142144;-78,499898;PICHINCHA;ENCONTRADO;CAUSAS PERSONALES;CIRCUNSTANCIAL;DESAPARICIÓN VOLUNTARIA
19/10/2025;22/10/2025;22/10/2025;ZONA 9;QUITUMBE;ECUATORIANA;ECUATORIANA 2;17;PICHINCHA;1701;QUITO;1382400;-0,302315;-78,565209;HOMBRE;ECUADOR;19;ADULTO;MESTIZO/A;4/11/2025;-0,297996;-78,56098;PICHINCHA;ENCONTRADO;CAUSAS SOCIALES;DROGADICCIÓN;DESAPARICIÓN VOLUNTARIA
18/10/2025;19/10/2025;19/10/2025;ZONA 9;CALDERÓN;CARAPUNGO;CARAPUNGO 3;17;PICHINCHA;1701;QUITO;6912000;-0,098392;-78,448134;MUJER;ECUADOR;24;ADULTO;MESTIZO/A;6/1/2026;-0,094816;-78,401764;PICHINCHA;ENCONTRADO;CAUSAS PERSONALES;RELACIÓN AFECTIVA;DESAPARICIÓN VOLUNTARIA
18/10/2025;19/10/2025;19/10/2025;ZONA 9;EUGENIO ESPEJO;JIPIJAPA;JIPIJAPA 1;17;PICHINCHA;1701;QUITO;86400;-0,165719;-78,483942;HOMBRE;ECUADOR;27;ADULTO;MESTIZO/A;19/10/2025;-0,14237;-78,50021;PICHINCHA;ENCONTRADO;CAUSAS PERSONALES;CIRCUNSTANCIAL;DESAPARICIÓN VOLUNTARIA
17/10/2025;17/10/2025;17/10/2025;ZONA 9;EUGENIO ESPEJO;COCHAPAMBA;COCHAPAMBA 4;17;PICHINCHA;1701;QUITO;86400;-0,128606;-78,513628;MUJER;ECUADOR;16;ADOLESCENTES;MESTIZO/A;18/10/2025;-0,14237;-78,50021;PICHINCHA;ENCONTRADO;CAUSAS PERSONALES;CIRCUNSTANCIAL;DESAPARICIÓN VOLUNTARIA
17/10/2025;17/10/2025;17/10/2025;ZONA 9;EUGENIO ESPEJO;KENNEDY;KENNEDY 2;17;PICHINCHA;1701;QUITO;86400;-0,130129;-78,484582;MUJER;ECUADOR;15;ADOLESCENTES;MESTIZO/A;18/10/2025;-0,140329;-78,500829;PICHINCHA;ENCONTRADO;CAUSAS PERSONALES;CIRCUNSTANCIAL;DESAPARICIÓN VOLUNTARIA
17/10/2025;18/10/2025;18/10/2025;ZONA 9;EUGENIO ESPEJO;SAN ISIDRO DEL INCA;SAN ISIDRO DEL INCA 2;17;PICHINCHA;1701;QUITO;172800;-0,136291;-78,470021;MUJER;ECUADOR;45;ADULTO;MESTIZO/A;19/10/2025;-0,93348;-78,614829;COTOPAXI;ENCONTRADO;POSIBLE VINCULACIÓN A DELITO;ROBO (ESCOPOLAMINA U OTRA DROGA ALUCINÓGENA ALTAMENTE TÓXICA);DESAPARICIÓN INVOLUNTARIA
17/10/2025;18/10/2025;18/10/2025;ZONA 9;EUGENIO ESPEJO;SAN ISIDRO DEL INCA;SAN ISIDRO DEL INCA 2;17;PICHINCHA;1701;QUITO;172800;-0,136291;-78,470021;HOMBRE;ECUADOR;55;ADULTO;MESTIZO/A;19/10/2025;-0,3181;-78,549419;PICHINCHA;ENCONTRADO;POSIBLE VINCULACIÓN A DELITO;ROBO (ESCOPOLAMINA U OTRA DROGA ALUCINÓGENA ALTAMENTE TÓXICA);DESAPARICIÓN INVOLUNTARIA
17/10/2025;18/10/2025;18/10/2025;ZONA 9;LA DELICIA;POMASQUI;POMASQUI 3;17;PICHINCHA;1701;QUITO;86400;-0,066923;-78,466677;HOMBRE;ECUADOR;18;ADULTO;MESTIZO/A;18/10/2025;-0,038538;-78,532685;PICHINCHA;ENCONTRADO;CAUSAS FAMILIARES;NO RELACIONADOS A VIOLENCIA;DESAPARICIÓN VOLUNTARIA
17/10/2025;18/10/2025;18/10/2025;ZONA 9;LA DELICIA;LA BOTA;LA BOTA 1;17;PICHINCHA;1701;QUITO;86400;-0,111778;-78,474829;HOMBRE;ECUADOR;26;ADULTO;INDIGENA;18/10/2025;-0,095435;-78,450242;PICHINCHA;ENCONTRADO;POSIBLE VINCULACIÓN A DELITO;ROBO (ESCOPOLAMINA U OTRA DROGA ALUCINÓGENA ALTAMENTE TÓXICA);DESAPARICIÓN INVOLUNTARIA
17/10/2025;18/10/2025;18/10/2025;ZONA 9;EUGENIO ESPEJO;LA MARISCAL;LA MARISCAL 1;17;PICHINCHA;1701;QUITO;86400;-0,197035;-78,495461;HOMBRE;ECUADOR;22;ADULTO;MESTIZO/A;18/10/2025;-0,205301;-78,507249;PICHINCHA;ENCONTRADO;POSIBLE VINCULACIÓN A DELITO;ROBO (ESCOPOLAMINA U OTRA DROGA ALUCINÓGENA ALTAMENTE TÓXICA);DESAPARICIÓN INVOLUNTARIA
17/10/2025;18/10/2025;18/10/2025;ZONA 9;EUGENIO ESPEJO;JIPIJAPA;JIPIJAPA 1;17;PICHINCHA;1701;QUITO;86400;-0,163711;-78,479971;MUJER;ECUADOR;21;ADULTO;MESTIZO/A;18/10/2025;-0,348986;-78,555329;PICHINCHA;ENCONTRADO;VIOLENCIA;ACOSO/VIOLENCIA SEXUAL;DESAPARICIÓN VOLUNTARIA
17/10/2025;19/10/2025;19/10/2025;ZONA 9;LOS CHILLOS;CONOCOTO NORTE;CONOCOTO NORTE 2;17;PICHINCHA;1701;QUITO;345600;-0,28376;-78,476746;MUJER;ECUADOR;20;ADULTO;MESTIZO/A;21/10/2025;-0,40227;-78,546224;PICHINCHA;ENCONTRADO;CAUSAS SOCIALES;ALCOHOLISMO;DESAPARICIÓN VOLUNTARIA
17/10/2025;20/10/2025;20/10/2025;ZONA 9;QUITUMBE;CHILLOGALLO;CHILLOGALLO 6;17;PICHINCHA;1701;QUITO;518400;-0,284164;-78,591559;HOMBRE;ECUADOR;58;ADULTO;MESTIZO/A;23/10/2025;-0,305797;-78,568184;PICHINCHA;ENCONTRADO;CAUSAS PERSONALES;CIRCUNSTANCIAL;DESAPARICIÓN VOLUNTARIA
17/10/2025;21/10/2025;21/10/2025;ZONA 9;QUITUMBE;CHILLOGALLO;CHILLOGALLO 3;17;PICHINCHA;1701;QUITO;691200;-0,278192;-78,562539;MUJER;ECUADOR;13;ADOLESCENTES;MESTIZO/A;25/10/2025;-0,141145;78,499435;PICHINCHA;ENCONTRADO;CAUSAS PERSONALES;CIRCUNSTANCIAL;DESAPARICIÓN VOLUNTARIA
17/10/2025;21/10/2025;22/10/2025;ZONA 9;EUGENIO ESPEJO;IÑAQUITO;IÑAQUITO 5;17;PICHINCHA;1701;QUITO;691200;-0,197555;-78,48069;MUJER;ECUADOR;15;ADOLESCENTES;MESTIZO/A;25/10/2025;-0,142187;-78,500134;PICHINCHA;ENCONTRADO;CAUSAS FAMILIARES;NO RELACIONADOS A VIOLENCIA;DESAPARICIÓN VOLUNTARIA
16/10/2025;17/10/2025;17/10/2025;ZONA 9;EUGENIO ESPEJO;COCHAPAMBA;COCHAPAMBA 4;17;PICHINCHA;1701;QUITO;172800;-0,124069;-78,509124;MUJER;ECUADOR;31;ADULTO;MESTIZO/A;18/10/2025;-0,123663;-78,509963;PICHINCHA;ENCONTRADO;CAUSAS SOCIALES;ALCOHOLISMO;DESAPARICIÓN VOLUNTARIA
16/10/2025;20/10/2025;23/10/2025;ZONA 9;CALDERÓN;CALDERÓN;CALDERÓN 3;17;PICHINCHA;1701;QUITO;604800;-0,102699;-78,425678;MUJER;ECUADOR;14;ADOLESCENTES;MESTIZO/A;23/10/2025;-0,142443;-78,502764;PICHINCHA;ENCONTRADO;CAUSAS PERSONALES;CIRCUNSTANCIAL;DESAPARICIÓN VOLUNTARIA
15/10/2025;21/10/2025;23/10/2025;ZONA 9;LA DELICIA;PONCIANO;PONCIANO 1;17;PICHINCHA;1701;QUITO;2246400;-0,113369;-78,482893;MUJER;ECUADOR;17;ADOLESCENTES;MESTIZO/A;10/11/2025;-0,142445;-78,500201;PICHINCHA;ENCONTRADO;CAUSAS FAMILIARES;NO RELACIONADOS A VIOLENCIA;DESAPARICIÓN VOLUNTARIA
15/10/2025;15/10/2025;15/10/2025;ZONA 9;QUITUMBE;QUITUMBE;QUITUMBE 4;17;PICHINCHA;1701;QUITO;86400;-0,305933;-78,525349;MUJER;ECUADOR;13;ADOLESCENTES;MULATO/A;16/10/2025;-0,093665;-78,440393;PICHINCHA;ENCONTRADO;CAUSAS FAMILIARES;NO RELACIONADOS A VIOLENCIA;DESAPARICIÓN VOLUNTARIA
15/10/2025;15/10/2025;15/10/2025;ZONA 9;EUGENIO ESPEJO;IÑAQUITO;IÑAQUITO 4;17;PICHINCHA;1701;QUITO;86400;-0,189497;-78,489432;MUJER;ECUADOR;16;ADOLESCENTES;MESTIZO/A;16/10/2025;-0,1403;-78,50039;PICHINCHA;ENCONTRADO;CAUSAS PERSONALES;CIRCUNSTANCIAL;DESAPARICIÓN VOLUNTARIA
15/10/2025;16/10/2025;16/10/2025;ZONA 9;QUITUMBE;TURUBAMBA;TURUBAMBA 3;17;PICHINCHA;1701;QUITO;86400;-0,329539;-78,546807;MUJER;ECUADOR;16;ADOLESCENTES;MESTIZO/A;16/10/2025;-0,272396;-78,523651;PICHINCHA;ENCONTRADO;CAUSAS PERSONALES;CIRCUNSTANCIAL;DESAPARICIÓN VOLUNTARIA
15/10/2025;16/10/2025;16/10/2025;ZONA 9;EUGENIO ESPEJO;NAYON;NAYON 1;17;PICHINCHA;1701;QUITO;518400;-0,156131;-78,435906;HOMBRE;ECUADOR;43;ADULTO;MESTIZO/A;21/10/2025;-0,15912;-78,437564;PICHINCHA;ENCONTRADO;EXTRAVIADO - DISCAPACIDAD / ENFERMEDADES / TRASTORNOS;DISCAPACIDAD SENSORIAL;EXTRAVÍO
15/10/2025;16/10/2025;16/10/2025;ZONA 9;CALDERÓN;BICENTENARIO;BICENTENARIO 2;17;PICHINCHA;1701;QUITO;518400;-0,082299;-78,436882;MUJER;ECUADOR;13;ADOLESCENTES;MESTIZO/A;21/10/2025;-0,099184;-78,453289;PICHINCHA;ENCONTRADO;CAUSAS PERSONALES;CIRCUNSTANCIAL;DESAPARICIÓN VOLUNTARIA
15/10/2025;16/10/2025;17/10/2025;ZONA 9;ELOY ALFARO - DMQ;ARGELIA;ARGELIA 2;17;PICHINCHA;1701;QUITO;345600;-0,273441;-78,528779;MUJER;ECUADOR;15;ADOLESCENTES;MESTIZO/A;19/10/2025;-0,22862;-78,512774;PICHINCHA;ENCONTRADO;CAUSAS PERSONALES;CIRCUNSTANCIAL;DESAPARICIÓN VOLUNTARIA
15/10/2025;16/10/2025;21/10/2025;ZONA 9;QUITUMBE;QUITUMBE;QUITUMBE 3;17;PICHINCHA;1701;QUITO;3628800;-0,311356;-78,542199;MUJER;ECUADOR;17;ADOLESCENTES;MESTIZO/A;26/11/2025;-0,29215;-78,523102;PICHINCHA;ENCONTRADO;CAUSAS PERSONALES;RELACIÓN AFECTIVA;DESAPARICIÓN VOLUNTARIA
15/10/2025;17/10/2025;20/10/2025;ZONA 9;MANUELA SÁENZ;ITCHIMBIA;ITCHIMBIA 3;17;PICHINCHA;1701;QUITO;1209600;-0,215271;-78,501149;MUJER;ECUADOR;15;ADOLESCENTES;MESTIZO/A;29/10/2025;-0,195973;-78,494742;PICHINCHA;ENCONTRADO;CAUSAS PERSONALES;RELACIÓN AFECTIVA;DESAPARICIÓN VOLUNTARIA
13/10/2025;14/10/2025;14/10/2025;ZONA 9;EUGENIO ESPEJO;DAMMER;DAMMER 1;17;PICHINCHA;1701;QUITO;259200;-0,146442;-78,47475;HOMBRE;ECUADOR;62;ADULTO;MESTIZO/A;16/10/2025;-0,1815;-78,504356;PICHINCHA;FALLECIDO;FALLECIDO;ASESINATO;DESAPARICIÓN INVOLUNTARIA
13/10/2025;17/10/2025;17/10/2025;ZONA 9;LA DELICIA;PONCIANO;PONCIANO 2;17;PICHINCHA;1701;QUITO;518400;-0,106649;-78,480026;MUJER;ECUADOR;17;ADOLESCENTES;MESTIZO/A;19/10/2025;-0,14237;-78,50021;PICHINCHA;ENCONTRADO;CAUSAS PERSONALES;CIRCUNSTANCIAL;DESAPARICIÓN VOLUNTARIA
13/10/2025;24/10/2025;30/10/2025;ZONA 9;ELOY ALFARO - DMQ;FERROVIARIA;FERROVIARIA 1;17;PICHINCHA;1701;QUITO;2851200;-0,260062;-78,521423;HOMBRE;ECUADOR;22;ADULTO;MESTIZO/A;15/11/2025;-0,316485;-78,537004;PICHINCHA;ENCONTRADO;CAUSAS PERSONALES;CIRCUNSTANCIAL;DESAPARICIÓN VOLUNTARIA
13/10/2025;15/10/2025;23/10/2025;ZONA 9;ELOY ALFARO - DMQ;FERROVIARIA;FERROVIARIA 1;17;PICHINCHA;1701;QUITO;1296000;-0,259471;-78,520794;MUJER;ECUADOR;24;ADULTO;MESTIZO/A;28/10/2025;-0,142384;-78,500093;PICHINCHA;ENCONTRADO;CAUSAS FAMILIARES;NO RELACIONADOS A VIOLENCIA;DESAPARICIÓN VOLUNTARIA
12/10/2025;17/11/2025;17/11/2025;ZONA 9;TUMBACO;TUMBACO;TUMBACO 1;17;PICHINCHA;1701;QUITO;3715200;-0,213812;-78,397434;HOMBRE;ECUADOR;39;ADULTO;MESTIZO/A;24/11/2025;-0,14237;-78,50021;PICHINCHA;ENCONTRADO;CAUSAS PERSONALES;CIRCUNSTANCIAL;DESAPARICIÓN VOLUNTARIA
12/10/2025;14/10/2025;14/10/2025;ZONA 9;LA DELICIA;COLINAS DEL NORTE;COLINAS DEL NORTE 2;17;PICHINCHA;1701;QUITO;172800;-0,096874;-78,520301;HOMBRE;ECUADOR;26;ADULTO;MESTIZO/A;14/10/2025;-0,069094;-78,459892;PICHINCHA;ENCONTRADO;CAUSAS PERSONALES;CIRCUNSTANCIAL;DESAPARICIÓN VOLUNTARIA
11/10/2025;11/10/2025;11/10/2025;ZONA 9;CALDERÓN;LLANO CHICO;LLANO CHICO 1;17;PICHINCHA;1701;QUITO;0;-0,128426;-78,451875;HOMBRE;ECUADOR;86;ADULTO MAYOR;MESTIZO/A;11/10/2025;-0,218842;-78,508983;PICHINCHA;ENCONTRADO;CAUSAS PERSONALES;CIRCUNSTANCIAL;DESAPARICIÓN VOLUNTARIA
11/10/2025;12/10/2025;12/10/2025;ZONA 9;LOS CHILLOS;PINTAG;PINTAG 2;17;PICHINCHA;1701;QUITO;172800;-0,333661;-78,372742;HOMBRE;ECUADOR;62;ADULTO;MESTIZO/A;13/10/2025;-0,287008;-78,534803;PICHINCHA;ENCONTRADO;CAUSAS PERSONALES;CIRCUNSTANCIAL;DESAPARICIÓN VOLUNTARIA
11/10/2025;12/10/2025;12/10/2025;ZONA 9;EUGENIO ESPEJO;COCHAPAMBA;COCHAPAMBA 4;17;PICHINCHA;1701;QUITO;259200;-0,128333;-78,513896;MUJER;ECUADOR;11;NIÑOS(AS);MESTIZO/A;14/10/2025;-0,142398;-78,500224;PICHINCHA;ENCONTRADO;CAUSAS FAMILIARES;NO RELACIONADOS A VIOLENCIA;DESAPARICIÓN VOLUNTARIA
10/10/2025;10/10/2025;10/10/2025;ZONA 9;ELOY ALFARO - DMQ;SOLANDA;SOLANDA 2;17;PICHINCHA;1701;QUITO;259200;-0,27107;-78,540226;HOMBRE;ECUADOR;62;ADULTO;MESTIZO/A;13/10/2025;-0,270889;-78,539333;PICHINCHA;ENCONTRADO;CAUSAS PERSONALES;CIRCUNSTANCIAL;DESAPARICIÓN VOLUNTARIA
10/10/2025;11/10/2025;11/10/2025;ZONA 9;LA DELICIA;SAN ANTONIO ALTO;SAN ANTONIO ALTO 1;17;PICHINCHA;1701;QUITO;172800;0,016506;-78,440284;MUJER;ECUADOR;15;ADOLESCENTES;MESTIZO/A;12/10/2025;-0,142194;-78,500167;PICHINCHA;ENCONTRADO;CAUSAS PERSONALES;CIRCUNSTANCIAL;DESAPARICIÓN VOLUNTARIA
9/10/2025;10/10/2025;10/10/2025;ZONA 9;QUITUMBE;GUAMANÍ;GUAMANÍ 3;17;PICHINCHA;1701;QUITO;86400;-0,335538;-78,550528;MUJER;ECUADOR;31;ADULTO;MESTIZO/A;10/10/2025;-0,214742;-78,506989;PICHINCHA;ENCONTRADO;CAUSAS SOCIALES;ALCOHOLISMO;DESAPARICIÓN VOLUNTARIA
9/10/2025;10/10/2025;10/10/2025;ZONA 9;LOS CHILLOS;ALANGASÍ;ALANGASÍ 1;17;PICHINCHA;1701;QUITO;86400;-0,303563;-78,414782;HOMBRE;ECUADOR;21;ADULTO;MESTIZO/A;10/10/2025;-0,17776;-78,484136;PICHINCHA;ENCONTRADO;CAUSAS PERSONALES;CIRCUNSTANCIAL;DESAPARICIÓN VOLUNTARIA
9/10/2025;10/10/2025;10/10/2025;ZONA 9;TUMBACO;PIFO;PIFO 2;17;PICHINCHA;1701;QUITO;86400;-0,226871;-78,339931;HOMBRE;ECUADOR;41;ADULTO;MESTIZO/A;10/10/2025;-0,226642;-78,771099;PICHINCHA;ENCONTRADO;CAUSAS PERSONALES;CIRCUNSTANCIAL;DESAPARICIÓN VOLUNTARIA
9/10/2025;10/10/2025;10/10/2025;ZONA 9;EUGENIO ESPEJO;IÑAQUITO;IÑAQUITO 3;17;PICHINCHA;1701;QUITO;172800;-0,183442;-78,481506;HOMBRE;ECUADOR;19;ADULTO;MESTIZO/A;11/10/2025;-0,140461;-78,500229;PICHINCHA;ENCONTRADO;CAUSAS PERSONALES;CIRCUNSTANCIAL;DESAPARICIÓN VOLUNTARIA
8/10/2025;10/10/2025;10/10/2025;ZONA 9;CALDERÓN;LOS LLANOS;LOS LLANOS 2;17;PICHINCHA;1701;QUITO;777600;-0,111668;-78,441844;HOMBRE;ECUADOR;42;ADULTO;AFRO;17/10/2025;-0,101051;-78,449362;PICHINCHA;ENCONTRADO;POSIBLE VINCULACIÓN A DELITO;ROBO (ESCOPOLAMINA U OTRA DROGA ALUCINÓGENA ALTAMENTE TÓXICA);DESAPARICIÓN INVOLUNTARIA
8/10/2025;8/10/2025;8/10/2025;ZONA 9;EUGENIO ESPEJO;COCHAPAMBA;COCHAPAMBA 3;17;PICHINCHA;1701;QUITO;86400;-0,140236;-78,508247;MUJER;ECUADOR;14;ADOLESCENTES;MESTIZO/A;9/10/2025;-0,142139;-78,503147;PICHINCHA;ENCONTRADO;CAUSAS PERSONALES;RELACIÓN AFECTIVA;DESAPARICIÓN VOLUNTARIA
8/10/2025;8/10/2025;8/10/2025;ZONA 9;QUITUMBE;GUAMANÍ;GUAMANÍ 1;17;PICHINCHA;1701;QUITO;86400;-0,316185;-78,549228;MUJER;ECUADOR;16;ADOLESCENTES;MESTIZO/A;9/10/2025;-0,125469;-78,516668;PICHINCHA;ENCONTRADO;CAUSAS PERSONALES;CIRCUNSTANCIAL;DESAPARICIÓN VOLUNTARIA
8/10/2025;9/10/2025;9/10/2025;ZONA 9;LA DELICIA;SAN ANTONIO BAJO;SAN ANTONIO BAJO 1;17;PICHINCHA;1701;QUITO;259200;-0,007745;-78,452572;MUJER;ECUADOR;14;ADOLESCENTES;MESTIZO/A;11/10/2025;-0,060649;-78,469616;PICHINCHA;ENCONTRADO;CAUSAS PERSONALES;RELACIÓN AFECTIVA;DESAPARICIÓN VOLUNTARIA
8/10/2025;11/11/2025;12/11/2025;ZONA 9;TUMBACO;TUMBACO SUR;TUMBACO SUR 1;17;PICHINCHA;1701;QUITO;3801600;-0,218953;-78,417065;MUJER;ECUADOR;15;ADOLESCENTES;MESTIZO/A;21/11/2025;-0,23356;-78,350016;PICHINCHA;ENCONTRADO;CAUSAS FAMILIARES;NO RELACIONADOS A VIOLENCIA;DESAPARICIÓN VOLUNTARIA
8/10/2025;11/10/2025;11/10/2025;ZONA 9;ELOY ALFARO - DMQ;SOLANDA;SOLANDA 4;17;PICHINCHA;1701;QUITO;345600;-0,267846;-78,540029;HOMBRE;ECUADOR;15;ADOLESCENTES;MESTIZO/A;12/10/2025;-0,261764;-78,532634;PICHINCHA;ENCONTRADO;CAUSAS PERSONALES;CIRCUNSTANCIAL;DESAPARICIÓN VOLUNTARIA
8/10/2025;9/10/2025;9/10/2025;ZONA 9;MANUELA SÁENZ;ITCHIMBIA;ITCHIMBIA 3;17;PICHINCHA;1701;QUITO;172800;-0,209679;-78,499525;MUJER;ECUADOR;16;ADOLESCENTES;MESTIZO/A;10/10/2025;-0,142449;-78,50011;PICHINCHA;ENCONTRADO;CAUSAS FAMILIARES;NO RELACIONADOS A VIOLENCIA;DESAPARICIÓN VOLUNTARIA
8/10/2025;10/10/2025;10/10/2025;ZONA 9;ELOY ALFARO - DMQ;CHIMBACALLE;CHIMBACALLE 4;17;PICHINCHA;1701;QUITO;345600;-0,251493;-78,520573;HOMBRE;ECUADOR;52;ADULTO;MESTIZO/A;12/10/2025;-3,999203;-79,208723;LOJA;ENCONTRADO;CAUSAS PERSONALES;CIRCUNSTANCIAL;DESAPARICIÓN VOLUNTARIA
7/10/2025;7/10/2025;7/10/2025;ZONA 9;MANUELA SÁENZ;SAN JUAN;SAN JUAN 1;17;PICHINCHA;1701;QUITO;518400;-0,20536;-78,504546;HOMBRE;ECUADOR;59;ADULTO;MESTIZO/A;13/10/2025;-1,269861;-78,624668;TUNGURAHUA;ENCONTRADO;EXTRAVIADO - DISCAPACIDAD / ENFERMEDADES / TRASTORNOS;DISCAPACIDAD INTELECTUAL;EXTRAVÍO
7/10/2025;8/10/2025;8/10/2025;ZONA 9;LA DELICIA;SAN ANTONIO ALTO;SAN ANTONIO ALTO 1;17;PICHINCHA;1701;QUITO;518400;0,00295;-78,453862;HOMBRE;ECUADOR;48;ADULTO;MESTIZO/A;13/10/2025;0,006204;-78,450847;PICHINCHA;ENCONTRADO;CAUSAS FAMILIARES;NO RELACIONADOS A VIOLENCIA;DESAPARICIÓN VOLUNTARIA
7/10/2025;9/10/2025;9/10/2025;ZONA 9;QUITUMBE;TURUBAMBA;TURUBAMBA 6;17;PICHINCHA;1701;QUITO;345600;-0,350247;-78,532381;HOMBRE;ECUADOR;50;ADULTO;MESTIZO/A;11/10/2025;-1,459012;-78,113518;PASTAZA;ENCONTRADO;CAUSAS FAMILIARES;NO RELACIONADOS A VIOLENCIA;DESAPARICIÓN VOLUNTARIA
7/10/2025;9/10/2025;9/10/2025;ZONA 9;ELOY ALFARO - DMQ;MENA;MENA 5;17;PICHINCHA;1701;QUITO;864000;-0,266778;-78,561739;MUJER;ECUADOR;67;ADULTO MAYOR;MESTIZO/A;17/10/2025;-0,181991;-78,508056;PICHINCHA;FALLECIDO;FALLECIDO;SIN_DATO;DESAPARICIÓN INVOLUNTARIA
7/10/2025;8/10/2025;8/10/2025;ZONA 9;LA DELICIA;EL MIRADOR;EL MIRADOR 2;17;PICHINCHA;1701;QUITO;864000;-0,120788;-78,467274;HOMBRE;ECUADOR;16;ADOLESCENTES;MESTIZO/A;17/10/2025;-0,142234;-78,5002;PICHINCHA;ENCONTRADO;CAUSAS PERSONALES;CIRCUNSTANCIAL;DESAPARICIÓN VOLUNTARIA
5/10/2025;6/10/2025;6/10/2025;ZONA 9;LOS CHILLOS;CONOCOTO SUR;CONOCOTO SUR 1;17;PICHINCHA;1701;QUITO;86400;-0,296707;-78,471432;HOMBRE;ECUADOR;32;ADULTO;MESTIZO/A;6/10/2025;-0,044632;-78,459722;PICHINCHA;ENCONTRADO;POSIBLE VINCULACIÓN A DELITO;ROBO (ESCOPOLAMINA U OTRA DROGA ALUCINÓGENA ALTAMENTE TÓXICA);DESAPARICIÓN INVOLUNTARIA
5/10/2025;6/10/2025;6/10/2025;ZONA 9;LA DELICIA;EL MIRADOR;EL MIRADOR 2;17;PICHINCHA;1701;QUITO;172800;-0,122709;-78,467042;MUJER;ECUADOR;15;ADOLESCENTES;MESTIZO/A;7/10/2025;-0,123009;-78,465154;PICHINCHA;ENCONTRADO;CAUSAS PERSONALES;CIRCUNSTANCIAL;DESAPARICIÓN VOLUNTARIA
4/10/2025;5/10/2025;5/10/2025;ZONA 9;LOS CHILLOS;CONOCOTO SUR;CONOCOTO SUR 2;17;PICHINCHA;1701;QUITO;86400;-0,29406;-78,485329;HOMBRE;ECUADOR;25;ADULTO;MESTIZO/A;5/10/2025;-0,142324;-78,500245;PICHINCHA;ENCONTRADO;CAUSAS PERSONALES;CIRCUNSTANCIAL;DESAPARICIÓN VOLUNTARIA
4/10/2025;6/10/2025;6/10/2025;ZONA 9;ELOY ALFARO - DMQ;MAGDALENA;MAGDALENA 3;17;PICHINCHA;1701;QUITO;345600;-0,24102;-78,521248;MUJER;ECUADOR;13;ADOLESCENTES;MESTIZO/A;8/10/2025;-0,309137;-78,563192;PICHINCHA;ENCONTRADO;CAUSAS FAMILIARES;NO RELACIONADOS A VIOLENCIA;DESAPARICIÓN VOLUNTARIA
4/10/2025;4/10/2025;4/10/2025;ZONA 9;EUGENIO ESPEJO;IÑAQUITO;IÑAQUITO 2;17;PICHINCHA;1701;QUITO;86400;-0,175246;-78,48563;HOMBRE;ECUADOR;54;ADULTO;MESTIZO/A;5/10/2025;-0,701198;-80,132968;MANABI;ENCONTRADO;EXTRAVIADO - DISCAPACIDAD / ENFERMEDADES / TRASTORNOS;DISCAPACIDAD PSICOSOCIAL;EXTRAVÍO
4/10/2025;7/10/2025;7/10/2025;ZONA 9;ELOY ALFARO - DMQ;LLOA;LLOA 1;17;PICHINCHA;1701;QUITO;345600;-0,283479;-78,646038;MUJER;ECUADOR;14;ADOLESCENTES;MESTIZO/A;8/10/2025;0,014929;-78,162473;PICHINCHA;ENCONTRADO;CAUSAS PERSONALES;CIRCUNSTANCIAL;DESAPARICIÓN VOLUNTARIA
4/10/2025;9/10/2025;9/10/2025;ZONA 9;QUITUMBE;ECUATORIANA;ECUATORIANA 4;17;PICHINCHA;1701;QUITO;432000;-0,348742;-78,579263;MUJER;ECUADOR;28;ADULTO;MESTIZO/A;9/10/2025;-0,338797;-78,587161;PICHINCHA;ENCONTRADO;CAUSAS PERSONALES;CIRCUNSTANCIAL;DESAPARICIÓN VOLUNTARIA
4/10/2025;10/10/2025;10/10/2025;ZONA 9;MANUELA SÁENZ;EL PLACER;EL PLACER 3;17;PICHINCHA;1701;QUITO;777600;-0,206874;-78,520872;MUJER;ECUADOR;15;ADOLESCENTES;MESTIZO/A;13/10/2025;-0,211384;-78,521537;PICHINCHA;ENCONTRADO;CAUSAS PERSONALES;CIRCUNSTANCIAL;DESAPARICIÓN VOLUNTARIA
3/10/2025;3/10/2025;3/10/2025;ZONA 9;LA DELICIA;LA ROLDÓS;LA ROLDÓS 3;17;PICHINCHA;1701;QUITO;0;-0,090891;-78,516909;MUJER;ECUADOR;15;ADOLESCENTES;MESTIZO/A;3/10/2025;-0,114253;-78,498773;PICHINCHA;ENCONTRADO;CAUSAS PERSONALES;CIRCUNSTANCIAL;DESAPARICIÓN VOLUNTARIA
3/10/2025;3/10/2025;3/10/2025;ZONA 9;ELOY ALFARO - DMQ;MAGDALENA;MAGDALENA 4;17;PICHINCHA;1701;QUITO;86400;-0,257846;-78,52532;MUJER;ECUADOR;38;ADULTO;MESTIZO/A;4/10/2025;-0,174883;-78,483172;PICHINCHA;ENCONTRADO;CAUSAS PERSONALES;CIRCUNSTANCIAL;DESAPARICIÓN VOLUNTARIA
3/10/2025;4/10/2025;4/10/2025;ZONA 9;ELOY ALFARO - DMQ;LLOA;LLOA 1;17;PICHINCHA;1701;QUITO;86400;-0,211368;-78,556151;HOMBRE;ECUADOR;14;ADOLESCENTES;MESTIZO/A;4/10/2025;-0,143489;-78,49993;PICHINCHA;ENCONTRADO;CAUSAS PERSONALES;CIRCUNSTANCIAL;DESAPARICIÓN VOLUNTARIA
3/10/2025;5/10/2025;5/10/2025;ZONA 9;LA DELICIA;EL MIRADOR;EL MIRADOR 2;17;PICHINCHA;1701;QUITO;259200;-0,119472;-78,466865;HOMBRE;ECUADOR;14;ADOLESCENTES;MESTIZO/A;6/10/2025;-0,126161;-78,468724;PICHINCHA;ENCONTRADO;CAUSAS FAMILIARES;NO RELACIONADOS A VIOLENCIA;DESAPARICIÓN VOLUNTARIA
3/10/2025;6/10/2025;6/10/2025;ZONA 9;ELOY ALFARO - DMQ;CHIMBACALLE;CHIMBACALLE 4;17;PICHINCHA;1701;QUITO;1296000;-0,249374;-78,517697;MUJER;ECUADOR;14;ADOLESCENTES;MESTIZO/A;18/10/2025;-0,142695;-78,500149;PICHINCHA;ENCONTRADO;CAUSAS PERSONALES;CIRCUNSTANCIAL;DESAPARICIÓN VOLUNTARIA
3/10/2025;8/12/2025;8/12/2025;ZONA 9;QUITUMBE;LAS CUADRAS;LAS CUADRAS 2;17;PICHINCHA;1701;QUITO;7862400;-0,298186;-78,54451;MUJER;ECUADOR;15;ADOLESCENTES;MESTIZO/A;2/1/2026;-0,142191;-78,500265;PICHINCHA;ENCONTRADO;CAUSAS PERSONALES;RELACIÓN AFECTIVA;DESAPARICIÓN VOLUNTARIA
2/10/2025;3/10/2025;5/10/2025;ZONA 9;QUITUMBE;GUAMANÍ;GUAMANÍ 5;17;PICHINCHA;1701;QUITO;864000;-0,342175;-78,573713;HOMBRE;ECUADOR;15;ADOLESCENTES;MESTIZO/A;12/10/2025;-0,142443;-78,502764;PICHINCHA;ENCONTRADO;CAUSAS PERSONALES;CIRCUNSTANCIAL;DESAPARICIÓN VOLUNTARIA
1/10/2025;1/10/2025;1/10/2025;ZONA 9;ELOY ALFARO - DMQ;FERROVIARIA;FERROVIARIA 6;17;PICHINCHA;1701;QUITO;86400;-0,25507;-78,506203;MUJER;ECUADOR;13;ADOLESCENTES;MESTIZO/A;2/10/2025;-0,212504;-78,507355;PICHINCHA;ENCONTRADO;CAUSAS PERSONALES;RELACIÓN AFECTIVA;DESAPARICIÓN VOLUNTARIA
1/10/2025;3/10/2025;9/10/2025;ZONA 9;QUITUMBE;GUAMANÍ;GUAMANÍ 1;17;PICHINCHA;1701;QUITO;1209600;-0,318384;-78,556114;MUJER;ECUADOR;17;ADOLESCENTES;MESTIZO/A;15/10/2025;-0,321146;-78,550968;PICHINCHA;ENCONTRADO;CAUSAS PERSONALES;CIRCUNSTANCIAL;DESAPARICIÓN VOLUNTARIA
1/10/2025;6/10/2025;6/10/2025;ZONA 9;ELOY ALFARO - DMQ;ARGELIA;ARGELIA 1;17;PICHINCHA;1701;QUITO;2160000;-0,278569;-78,525313;HOMBRE;ECUADOR;15;ADOLESCENTES;MESTIZO/A;26/10/2025;-2,17179;-79,805568;GUAYAS;ENCONTRADO;CAUSAS PERSONALES;RELACIÓN AFECTIVA;DESAPARICIÓN VOLUNTARIA
30/9/2025;1/10/2025;1/10/2025;ZONA 9;QUITUMBE;LAS CUADRAS;LAS CUADRAS 1;17;PICHINCHA;1701;QUITO;259200;-0,304849;-78,55714;MUJER;ECUADOR;13;ADOLESCENTES;INDIGENA;3/10/2025;-0,14038;-78,502665;PICHINCHA;ENCONTRADO;CAUSAS FAMILIARES;NO RELACIONADOS A VIOLENCIA;DESAPARICIÓN VOLUNTARIA
30/9/2025;30/9/2025;30/9/2025;ZONA 9;CALDERÓN;LOS LLANOS;LOS LLANOS 2;17;PICHINCHA;1701;QUITO;1987200;-0,114723;-78,451749;MUJER;ECUADOR;15;ADOLESCENTES;MESTIZO/A;23/10/2025;-0,142187;-78,500112;PICHINCHA;ENCONTRADO;VIOLENCIA;VIOLENCIA FÍSICA;DESAPARICIÓN VOLUNTARIA
30/9/2025;30/9/2025;30/9/2025;ZONA 9;LA DELICIA;LA ROLDÓS;LA ROLDÓS 4;17;PICHINCHA;1701;QUITO;86400;-0,099418;-78,533323;MUJER;ECUADOR;16;ADOLESCENTES;MESTIZO/A;1/10/2025;-0,328803;-78,561936;PICHINCHA;ENCONTRADO;CAUSAS PERSONALES;CIRCUNSTANCIAL;DESAPARICIÓN VOLUNTARIA
30/9/2025;1/10/2025;1/10/2025;ZONA 9;QUITUMBE;ECUATORIANA;ECUATORIANA 1;17;PICHINCHA;1701;QUITO;604800;-0,293399;-78,564391;HOMBRE;ECUADOR;16;ADOLESCENTES;MESTIZO/A;7/10/2025;-0,307796;-78,562247;PICHINCHA;ENCONTRADO;CAUSAS PERSONALES;CIRCUNSTANCIAL;DESAPARICIÓN VOLUNTARIA
30/9/2025;3/10/2025;3/10/2025;ZONA 9;LA DELICIA;MENA DEL HIERRO;MENA DEL HIERRO 1;17;PICHINCHA;1701;QUITO;777600;-0,114648;-78,50917;HOMBRE;ECUADOR;39;ADULTO;MESTIZO/A;9/10/2025;-0,117705;-78,510209;PICHINCHA;ENCONTRADO;CAUSAS SOCIALES;ALCOHOLISMO;DESAPARICIÓN VOLUNTARIA
30/9/2025;14/11/2025;14/11/2025;ZONA 9;ELOY ALFARO - DMQ;MENA;MENA 1;17;PICHINCHA;1701;QUITO;5011200;-0,260629;-78,546797;HOMBRE;ECUADOR;57;ADULTO;MESTIZO/A;27/11/2025;-0,15212;-78,475058;PICHINCHA;ENCONTRADO;CAUSAS SOCIALES;DETENCIÓN;DESAPARICIÓN INVOLUNTARIA
29/9/2025;29/9/2025;29/9/2025;ZONA 9;CALDERÓN;SAN JUAN DE CALDERÓN;SAN JUAN DE CALDERÓN 1;17;PICHINCHA;1701;QUITO;172800;-0,079755;-78,435493;MUJER;VENEZUELA;15;ADOLESCENTES;MESTIZO/A;1/10/2025;-0,096995;-78,44149;PICHINCHA;ENCONTRADO;CAUSAS PERSONALES;RELACIÓN AFECTIVA;DESAPARICIÓN VOLUNTARIA
29/9/2025;29/9/2025;13/9/2025;ZONA 9;QUITUMBE;GUAMANÍ;GUAMANÍ 3;17;PICHINCHA;1701;QUITO;1209600;-0,333076;-78,555339;HOMBRE;VENEZUELA;23;ADULTO;SIN_DATO;13/10/2025;-0,182078;-78,504338;PICHINCHA;FALLECIDO;FALLECIDO;SECUESTRO EXTORSIVO (CON RESULTADO DE MUERTE);DESAPARICIÓN INVOLUNTARIA
29/9/2025;29/9/2025;13/9/2025;ZONA 9;QUITUMBE;GUAMANÍ;GUAMANÍ 3;17;PICHINCHA;1701;QUITO;1209600;-0,333076;-78,555339;HOMBRE;VENEZUELA;20;ADULTO;OTROS;13/10/2025;-0,182078;-78,504338;PICHINCHA;FALLECIDO;FALLECIDO;SECUESTRO EXTORSIVO (CON RESULTADO DE MUERTE);DESAPARICIÓN INVOLUNTARIA
29/9/2025;30/9/2025;30/9/2025;ZONA 9;QUITUMBE;QUITUMBE;QUITUMBE 3;17;PICHINCHA;1701;QUITO;518400;-0,313245;-78,536211;MUJER;ECUADOR;15;ADOLESCENTES;MESTIZO/A;5/10/2025;-0,338797;-78,607761;PICHINCHA;ENCONTRADO;CAUSAS PERSONALES;CIRCUNSTANCIAL;DESAPARICIÓN VOLUNTARIA
29/9/2025;29/9/2025;29/9/2025;ZONA 9;EUGENIO ESPEJO;AEROPUERTO;AEROPUERTO 2;17;PICHINCHA;1701;QUITO;604800;-0,15535;-78,48611;MUJER;ECUADOR;23;ADULTO;BLANCO/A;6/10/2025;-0,101535;-78,485666;PICHINCHA;ENCONTRADO;CAUSAS PERSONALES;CIRCUNSTANCIAL;DESAPARICIÓN VOLUNTARIA
29/9/2025;30/9/2025;30/9/2025;ZONA 9;EUGENIO ESPEJO;LAS CASAS;LAS CASAS 2;17;PICHINCHA;1701;QUITO;172800;-0,185712;-78,513091;HOMBRE;ECUADOR;30;ADULTO;MESTIZO/A;1/10/2025;-0,274792;-78,549912;PICHINCHA;ENCONTRADO;CAUSAS PERSONALES;CIRCUNSTANCIAL;DESAPARICIÓN VOLUNTARIA
28/9/2025;28/9/2025;28/9/2025;ZONA 9;EUGENIO ESPEJO;EL BOSQUE;EL BOSQUE 3;17;PICHINCHA;1701;QUITO;86400;-0,175422;-78,494026;HOMBRE;ECUADOR;38;ADULTO;MESTIZO/A;29/9/2025;-0,1424;-78,50005;PICHINCHA;ENCONTRADO;CAUSAS PERSONALES;CIRCUNSTANCIAL;DESAPARICIÓN VOLUNTARIA
28/9/2025;30/9/2025;30/9/2025;ZONA 9;LOS CHILLOS;CONOCOTO NORTE;CONOCOTO NORTE 4;17;PICHINCHA;1701;QUITO;172800;-0,278211;-78,473503;HOMBRE;ECUADOR;15;ADOLESCENTES;MESTIZO/A;30/9/2025;-0,30505;-78,553823;PICHINCHA;ENCONTRADO;CAUSAS PERSONALES;CIRCUNSTANCIAL;DESAPARICIÓN VOLUNTARIA
28/9/2025;30/9/2025;30/9/2025;ZONA 9;EUGENIO ESPEJO;EL BOSQUE;EL BOSQUE 4;17;PICHINCHA;1701;QUITO;259200;-0,18071;-78,491141;HOMBRE;ECUADOR;50;ADULTO;MESTIZO/A;1/10/2025;-0,289126;-78,453851;PICHINCHA;ENCONTRADO;CAUSAS PERSONALES;CIRCUNSTANCIAL;DESAPARICIÓN VOLUNTARIA
28/9/2025;29/9/2025;2/10/2025;ZONA 9;MANUELA SÁENZ;CENTRO HISTÓRICO;CENTRO HISTÓRICO 4;17;PICHINCHA;1701;QUITO;345600;-0,221787;-78,505811;MUJER;ECUADOR;18;ADULTO;MESTIZO/A;2/10/2025;-0,142141;-78,499883;PICHINCHA;ENCONTRADO;CAUSAS PERSONALES;CIRCUNSTANCIAL;DESAPARICIÓN VOLUNTARIA
27/9/2025;27/9/2025;27/9/2025;ZONA 9;QUITUMBE;ECUATORIANA;ECUATORIANA 4;17;PICHINCHA;1701;QUITO;86400;-0,338711;-78,607761;MUJER;ECUADOR;14;ADOLESCENTES;MESTIZO/A;28/9/2025;-0,211599;-78,521633;PICHINCHA;ENCONTRADO;CAUSAS PERSONALES;CIRCUNSTANCIAL;DESAPARICIÓN VOLUNTARIA
27/9/2025;28/9/2025;28/9/2025;ZONA 9;EUGENIO ESPEJO;COCHAPAMBA;COCHAPAMBA 4;17;PICHINCHA;1701;QUITO;172800;-0,128703;-78,516771;HOMBRE;ECUADOR;86;ADULTO MAYOR;MESTIZO/A;29/9/2025;-0,142139;-78,503147;PICHINCHA;ENCONTRADO;CAUSAS PERSONALES;CIRCUNSTANCIAL;DESAPARICIÓN VOLUNTARIA
27/9/2025;28/9/2025;28/9/2025;ZONA 9;QUITUMBE;ECUATORIANA;ECUATORIANA 4;17;PICHINCHA;1701;QUITO;86400;-0,308986;-78,567998;HOMBRE;ECUADOR;26;ADULTO;MESTIZO/A;28/9/2025;-0,233398;-78,532056;PICHINCHA;ENCONTRADO;CAUSAS SOCIALES;GRUPOS DELICTIVOS ORGANIZADOS/GDOS/PANDILLAS/MAFIAS/CARTELES;DESAPARICIÓN INVOLUNTARIA
27/9/2025;28/9/2025;28/9/2025;ZONA 9;ELOY ALFARO - DMQ;ARGELIA;ARGELIA 2;17;PICHINCHA;1701;QUITO;172800;-0,27192;-78,528742;MUJER;ECUADOR;19;ADULTO;MESTIZO/A;29/9/2025;-1,253;-78,634198;TUNGURAHUA;ENCONTRADO;CAUSAS PERSONALES;CIRCUNSTANCIAL;DESAPARICIÓN VOLUNTARIA
27/9/2025;28/9/2025;28/9/2025;ZONA 9;ELOY ALFARO - DMQ;MENA;MENA 1;17;PICHINCHA;1701;QUITO;345600;-0,259905;-78,547029;MUJER;ECUADOR;25;ADULTO;MESTIZO/A;1/10/2025;-0,375405;-78,614603;PICHINCHA;ENCONTRADO;CAUSAS PERSONALES;CIRCUNSTANCIAL;DESAPARICIÓN VOLUNTARIA
27/9/2025;30/9/2025;2/10/2025;ZONA 9;MANUELA SÁENZ;EL PLACER;EL PLACER 3;17;PICHINCHA;1701;QUITO;604800;-0,213327;-78,520085;MUJER;ECUADOR;16;ADOLESCENTES;MESTIZO/A;4/10/2025;-0,20968;-78,479687;PICHINCHA;ENCONTRADO;CAUSAS FAMILIARES;NO RELACIONADOS A VIOLENCIA;DESAPARICIÓN VOLUNTARIA
26/9/2025;27/9/2025;27/9/2025;ZONA 9;MANUELA SÁENZ;LA LIBERTAD;LA LIBERTAD 1;17;PICHINCHA;1701;QUITO;86400;-0,227585;-78,523326;HOMBRE;ECUADOR;16;ADOLESCENTES;MESTIZO/A;27/9/2025;-0,142429;-78,500307;PICHINCHA;ENCONTRADO;CAUSAS FAMILIARES;NO RELACIONADOS A VIOLENCIA;DESAPARICIÓN VOLUNTARIA
26/9/2025;26/9/2025;26/9/2025;ZONA 9;LA DELICIA;MENA DEL HIERRO;MENA DEL HIERRO 1;17;PICHINCHA;1701;QUITO;86400;-0,105808;-78,504546;MUJER;ECUADOR;84;ADULTO MAYOR;MESTIZO/A;27/9/2025;-0,269185;-78,540337;PICHINCHA;ENCONTRADO;CAUSAS PERSONALES;CIRCUNSTANCIAL;DESAPARICIÓN VOLUNTARIA
25/9/2025;26/9/2025;26/9/2025;ZONA 9;EUGENIO ESPEJO;SAN ISIDRO DEL INCA;SAN ISIDRO DEL INCA 1;17;PICHINCHA;1701;QUITO;1382400;-0,129461;-78,461983;MUJER;ECUADOR;16;ADOLESCENTES;INDIGENA;11/10/2025;-0,142107;-78,499135;PICHINCHA;ENCONTRADO;CAUSAS PERSONALES;CIRCUNSTANCIAL;DESAPARICIÓN VOLUNTARIA
25/9/2025;26/9/2025;26/9/2025;ZONA 9;CALDERÓN;LOS LLANOS;LOS LLANOS 2;17;PICHINCHA;1701;QUITO;86400;-0,116454;-78,437145;MUJER;ECUADOR;24;ADULTO;MESTIZO/A;26/9/2025;-0,117628;-78,441308;PICHINCHA;ENCONTRADO;CAUSAS PERSONALES;CIRCUNSTANCIAL;DESAPARICIÓN VOLUNTARIA
25/9/2025;26/9/2025;26/9/2025;ZONA 9;CALDERÓN;LOS LLANOS;LOS LLANOS 2;17;PICHINCHA;1701;QUITO;1555200;-0,116368;-78,437284;HOMBRE;ECUADOR;15;ADOLESCENTES;MESTIZO/A;13/10/2025;-0,141819;-78,499841;PICHINCHA;ENCONTRADO;CAUSAS PERSONALES;CIRCUNSTANCIAL;DESAPARICIÓN VOLUNTARIA
25/9/2025;26/9/2025;26/9/2025;ZONA 9;QUITUMBE;GUAMANÍ;GUAMANÍ 4;17;PICHINCHA;1701;QUITO;259200;-0,349459;-78,555914;HOMBRE;ECUADOR;23;ADULTO;MESTIZO/A;28/9/2025;-0,142294;-78,499885;PICHINCHA;ENCONTRADO;EXTRAVIADO - DISCAPACIDAD / ENFERMEDADES / TRASTORNOS;DISCAPACIDAD INTELECTUAL;EXTRAVÍO
25/9/2025;26/9/2025;26/9/2025;ZONA 9;EUGENIO ESPEJO;COCHAPAMBA;COCHAPAMBA 3;17;PICHINCHA;1701;QUITO;86400;-0,141125;-78,506829;HOMBRE;ECUADOR;26;ADULTO;MESTIZO/A;26/9/2025;-0,16554;-78,475683;PICHINCHA;ENCONTRADO;CAUSAS PERSONALES;CIRCUNSTANCIAL;DESAPARICIÓN VOLUNTARIA
25/9/2025;26/9/2025;26/9/2025;ZONA 9;ELOY ALFARO - DMQ;BARRIO NUEVO;BARRIO NUEVO 3;17;PICHINCHA;1701;QUITO;604800;-0,28076;-78,539895;HOMBRE;ECUADOR;19;ADULTO;MESTIZO/A;2/10/2025;-0,324645;-78,550077;PICHINCHA;ENCONTRADO;CAUSAS PERSONALES;CIRCUNSTANCIAL;DESAPARICIÓN VOLUNTARIA
25/9/2025;30/9/2025;2/10/2025;ZONA 9;TUMBACO;CUMBAYÁ SUR;CUMBAYÁ SUR 1;17;PICHINCHA;1701;QUITO;1900800;-0,205478;-78,443864;MUJER;ECUADOR;15;ADOLESCENTES;MESTIZO/A;17/10/2025;-0,142229;-78,500091;PICHINCHA;ENCONTRADO;CAUSAS PERSONALES;RELACIÓN AFECTIVA;DESAPARICIÓN VOLUNTARIA
25/9/2025;2/12/2025;2/12/2025;ZONA 9;MANUELA SÁENZ;PANECILLO;PANECILLO 2;17;PICHINCHA;1701;QUITO;11232000;-0,225086;-78,521473;HOMBRE;ECUADOR;38;ADULTO;MESTIZO/A;2/2/2026;-0,29203;-78,482229;PICHINCHA;ENCONTRADO;CAUSAS PERSONALES;CIRCUNSTANCIAL;DESAPARICIÓN VOLUNTARIA
24/9/2025;24/2/2026;25/2/2026;ZONA 9;QUITUMBE;GUAMANÍ;GUAMANÍ 5;17;PICHINCHA;1701;QUITO;13910400;-0,339827;-78,565431;MUJER;VENEZUELA;19;ADULTO;MESTIZO/A;4/3/2026;-0,142144;-78,503152;PICHINCHA;ENCONTRADO;VIOLENCIA;VIOLENCIA PSICOLÓGICA;DESAPARICIÓN VOLUNTARIA
24/9/2025;25/9/2025;25/9/2025;ZONA 9;ELOY ALFARO - DMQ;MENA;MENA 1;17;PICHINCHA;1701;QUITO;86400;-0,250144;-78,548471;MUJER;ECUADOR;17;ADOLESCENTES;MESTIZO/A;25/9/2025;-0,215705;-78,521581;PICHINCHA;ENCONTRADO;CAUSAS FAMILIARES;NO RELACIONADOS A VIOLENCIA;DESAPARICIÓN VOLUNTARIA
24/9/2025;29/9/2025;10/10/2025;ZONA 9;CALDERÓN;CARAPUNGO;CARAPUNGO 3;17;PICHINCHA;1701;QUITO;13478400;-0,093477;-78,451508;MUJER;ECUADOR;17;ADOLESCENTES;MESTIZO/A;27/2/2026;-0,107104;-78,525053;PICHINCHA;ENCONTRADO;CAUSAS PERSONALES;CIRCUNSTANCIAL;DESAPARICIÓN VOLUNTARIA
23/9/2025;27/9/2025;27/9/2025;ZONA 9;EUGENIO ESPEJO;SAN ISIDRO DEL INCA;SAN ISIDRO DEL INCA 4;17;PICHINCHA;1701;QUITO;3801600;-0,157729;-78,449269;MUJER;ECUADOR;15;ADOLESCENTES;MESTIZO/A;6/11/2025;-4,178504;-79,558256;LOJA;ENCONTRADO;CAUSAS PERSONALES;CIRCUNSTANCIAL;DESAPARICIÓN VOLUNTARIA
23/9/2025;21/1/2026;22/1/2026;ZONA 9;CALDERÓN;SAN JUAN DE CALDERÓN;SAN JUAN DE CALDERÓN 2;17;PICHINCHA;1701;QUITO;19353600;-0,088871;-78,428052;MUJER;ECUADOR;17;ADOLESCENTES;MESTIZO/A;5/5/2026;-0,091909;-78,429477;PICHINCHA;ENCONTRADO;CAUSAS PERSONALES;CIRCUNSTANCIAL;DESAPARICIÓN VOLUNTARIA
22/9/2025;23/9/2025;23/9/2025;ZONA 9;QUITUMBE;LAS CUADRAS;LAS CUADRAS 3;17;PICHINCHA;1701;QUITO;86400;-0,293623;-78,5573;HOMBRE;ECUADOR;32;ADULTO;BLANCO/A;23/9/2025;-0,293309;-78,547424;PICHINCHA;ENCONTRADO;CAUSAS FAMILIARES;NO RELACIONADOS A VIOLENCIA;DESAPARICIÓN VOLUNTARIA
21/9/2025;22/9/2025;22/9/2025;ZONA 9;ELOY ALFARO - DMQ;BARRIO NUEVO;BARRIO NUEVO 1;17;PICHINCHA;1701;QUITO;691200;-0,269464;-78,550937;MUJER;ECUADOR;17;ADOLESCENTES;MESTIZO/A;29/9/2025;-0,267672;-78,534745;PICHINCHA;ENCONTRADO;CAUSAS PERSONALES;CIRCUNSTANCIAL;DESAPARICIÓN VOLUNTARIA
21/9/2025;22/9/2025;22/9/2025;ZONA 9;ELOY ALFARO - DMQ;CHILIBULO;CHILIBULO 4;17;PICHINCHA;1701;QUITO;172800;-0,231528;-78,543877;MUJER;ECUADOR;14;ADOLESCENTES;MESTIZO/A;23/9/2025;-0,310253;-78,564114;PICHINCHA;ENCONTRADO;CAUSAS FAMILIARES;NO RELACIONADOS A VIOLENCIA;DESAPARICIÓN VOLUNTARIA
21/9/2025;23/9/2025;23/9/2025;ZONA 9;LA DELICIA;CARCELÉN;CARCELÉN 4;17;PICHINCHA;1701;QUITO;172800;-0,092115;-78,456404;HOMBRE;ECUADOR;40;ADULTO;AFRO;23/9/2025;-0,181559;-78,504348;PICHINCHA;FALLECIDO;FALLECIDO;ASESINATO;DESAPARICIÓN INVOLUNTARIA
21/9/2025;23/9/2025;21/9/2025;ZONA 9;EUGENIO ESPEJO;SAN ISIDRO DEL INCA;SAN ISIDRO DEL INCA 3;17;PICHINCHA;1701;QUITO;2332800;-0,131912;-78,454874;MUJER;ECUADOR;16;ADOLESCENTES;MESTIZO/A;18/10/2025;-0,142443;-78,502764;PICHINCHA;ENCONTRADO;CAUSAS FAMILIARES;NO RELACIONADOS A VIOLENCIA;DESAPARICIÓN VOLUNTARIA
21/9/2025;22/9/2025;23/9/2025;ZONA 9;EUGENIO ESPEJO;LA MARISCAL;LA MARISCAL 1;17;PICHINCHA;1701;QUITO;950400;-0,198151;-78,493635;MUJER;ECUADOR;16;ADOLESCENTES;MESTIZO/A;2/10/2025;-0,218473;-78,507005;PICHINCHA;ENCONTRADO;CAUSAS PERSONALES;CIRCUNSTANCIAL;DESAPARICIÓN VOLUNTARIA
21/9/2025;24/9/2025;27/9/2025;ZONA 9;LA DELICIA;LA ROLDÓS;LA ROLDÓS 4;17;PICHINCHA;1701;QUITO;1468800;-0,102138;-78,549158;MUJER;ECUADOR;39;ADULTO;MESTIZO/A;8/10/2025;-0,121754;-78,470776;PICHINCHA;ENCONTRADO;CAUSAS FAMILIARES;NO RELACIONADOS A VIOLENCIA;DESAPARICIÓN VOLUNTARIA
21/9/2025;24/9/2025;27/9/2025;ZONA 9;LA DELICIA;LA ROLDÓS;LA ROLDÓS 4;17;PICHINCHA;1701;QUITO;1468800;-0,102138;-78,549158;HOMBRE;ECUADOR;3;NIÑOS(AS);MESTIZO/A;8/10/2025;-0,093579;-78,460994;PICHINCHA;ENCONTRADO;CAUSAS FAMILIARES;NO RELACIONADOS A VIOLENCIA;DESAPARICIÓN VOLUNTARIA
20/9/2025;22/9/2025;22/9/2025;ZONA 9;ELOY ALFARO - DMQ;CHILIBULO;CHILIBULO 4;17;PICHINCHA;1701;QUITO;432000;-0,226975;-78,547086;MUJER;ECUADOR;20;ADULTO;MESTIZO/A;25/9/2025;-0,204472;-78,506488;PICHINCHA;ENCONTRADO;CAUSAS PERSONALES;CIRCUNSTANCIAL;DESAPARICIÓN VOLUNTARIA
20/9/2025;29/9/2025;29/9/2025;ZONA 9;ELOY ALFARO - DMQ;MAGDALENA;MAGDALENA 4;17;PICHINCHA;1701;QUITO;2073600;-0,25265;-78,522104;MUJER;ECUADOR;14;ADOLESCENTES;AFRO;14/10/2025;-0,277924;-78,525152;PICHINCHA;ENCONTRADO;CAUSAS PERSONALES;CIRCUNSTANCIAL;DESAPARICIÓN VOLUNTARIA
20/9/2025;21/9/2025;21/9/2025;ZONA 9;EUGENIO ESPEJO;COCHAPAMBA;COCHAPAMBA 4;17;PICHINCHA;1701;QUITO;172800;-0,128703;-78,516793;HOMBRE;ECUADOR;16;ADOLESCENTES;MESTIZO/A;22/9/2025;-0,142204;-78,500392;PICHINCHA;ENCONTRADO;CAUSAS PERSONALES;CIRCUNSTANCIAL;DESAPARICIÓN VOLUNTARIA
19/9/2025;20/9/2025;20/9/2025;ZONA 9;ELOY ALFARO - DMQ;MENA;MENA 3;17;PICHINCHA;1701;QUITO;86400;-0,257665;-78,55397;HOMBRE;ECUADOR;51;ADULTO;MESTIZO/A;20/9/2025;-0,257296;-78,552866;PICHINCHA;ENCONTRADO;CAUSAS PERSONALES;CIRCUNSTANCIAL;DESAPARICIÓN VOLUNTARIA
19/9/2025;22/9/2025;23/9/2025;ZONA 9;ELOY ALFARO - DMQ;CHIMBACALLE;CHIMBACALLE 1;17;PICHINCHA;1701;QUITO;604800;-0,237635;-78,515105;MUJER;ECUADOR;15;ADOLESCENTES;MESTIZO/A;26/9/2025;-0,285838;-78,567184;PICHINCHA;ENCONTRADO;CAUSAS PERSONALES;CIRCUNSTANCIAL;DESAPARICIÓN VOLUNTARIA
19/9/2025;22/9/2025;23/9/2025;ZONA 9;QUITUMBE;LAS CUADRAS;LAS CUADRAS 3;17;PICHINCHA;1701;QUITO;2160000;-0,298162;-78,550599;MUJER;ECUADOR;17;ADOLESCENTES;MESTIZO/A;14/10/2025;-0,309907;-78,542447;PICHINCHA;ENCONTRADO;CAUSAS PERSONALES;CIRCUNSTANCIAL;DESAPARICIÓN VOLUNTARIA
19/9/2025;20/9/2025;20/9/2025;ZONA 9;EUGENIO ESPEJO;UNIVERSITARIO;UNIVERSITARIO 2;17;PICHINCHA;1701;QUITO;86400;-0,201461;-78,500391;HOMBRE;ECUADOR;23;ADULTO;BLANCO/A;20/9/2025;-0,305331;-78,565383;PICHINCHA;ENCONTRADO;POSIBLE VINCULACIÓN A DELITO;ROBO (ESCOPOLAMINA U OTRA DROGA ALUCINÓGENA ALTAMENTE TÓXICA);DESAPARICIÓN INVOLUNTARIA
19/9/2025;20/9/2025;20/9/2025;ZONA 9;ELOY ALFARO - DMQ;CHILIBULO;CHILIBULO 2;17;PICHINCHA;1701;QUITO;345600;-0,245126;-78,540616;MUJER;ECUADOR;13;ADOLESCENTES;MESTIZO/A;23/9/2025;-0,286193;-78,526349;PICHINCHA;ENCONTRADO;CAUSAS PERSONALES;CIRCUNSTANCIAL;DESAPARICIÓN VOLUNTARIA
17/9/2025;22/9/2025;25/9/2025;ZONA 9;LA DELICIA;COLINAS DEL NORTE;COLINAS DEL NORTE 3;17;PICHINCHA;1701;QUITO;1123200;-0,09184;-78,509021;MUJER;ECUADOR;20;ADULTO;MESTIZO/A;30/9/2025;-0,110588;-78,488077;PICHINCHA;ENCONTRADO;CAUSAS PERSONALES;CIRCUNSTANCIAL;DESAPARICIÓN VOLUNTARIA
17/9/2025;18/9/2025;18/9/2025;ZONA 9;QUITUMBE;GUAMANÍ;GUAMANÍ 4;17;PICHINCHA;1701;QUITO;432000;-0,338834;-78,549575;MUJER;ECUADOR;49;ADULTO;MESTIZO/A;22/9/2025;-0,244445;-78,5411;PICHINCHA;ENCONTRADO;CAUSAS PERSONALES;CIRCUNSTANCIAL;DESAPARICIÓN VOLUNTARIA
16/9/2025;19/9/2025;19/9/2025;ZONA 9;ELOY ALFARO - DMQ;ARGELIA;ARGELIA 2;17;PICHINCHA;1701;QUITO;864000;-0,274344;-78,527745;HOMBRE;COLOMBIA;14;ADOLESCENTES;MULATO/A;26/9/2025;-0,281508;-78,543112;PICHINCHA;ENCONTRADO;CAUSAS PERSONALES;CIRCUNSTANCIAL;DESAPARICIÓN VOLUNTARIA
16/9/2025;17/9/2025;6/9/2025;ZONA 9;QUITUMBE;QUITUMBE;QUITUMBE 4;17;PICHINCHA;1701;QUITO;86400;-0,331062;-78,524453;MUJER;ECUADOR;17;ADOLESCENTES;MESTIZO/A;17/9/2025;-0,269464;-78,559092;PICHINCHA;ENCONTRADO;CAUSAS PERSONALES;CIRCUNSTANCIAL;DESAPARICIÓN VOLUNTARIA
15/9/2025;15/9/2025;15/9/2025;ZONA 9;QUITUMBE;QUITUMBE;QUITUMBE 3;17;PICHINCHA;1701;QUITO;259200;-0,310505;-78,54589;MUJER;ECUADOR;23;ADULTO;MESTIZO/A;18/9/2025;-0,218798;-78,512769;PICHINCHA;ENCONTRADO;CAUSAS FAMILIARES;NO RELACIONADOS A VIOLENCIA;DESAPARICIÓN VOLUNTARIA
15/9/2025;15/9/2025;15/9/2025;ZONA 9;QUITUMBE;QUITUMBE;QUITUMBE 3;17;PICHINCHA;1701;QUITO;259200;-0,310505;-78,54589;MUJER;ECUADOR;1;NIÑOS(AS);MESTIZO/A;18/9/2025;-0,218798;-78,512769;PICHINCHA;ENCONTRADO;CAUSAS FAMILIARES;NO RELACIONADOS A VIOLENCIA;DESAPARICIÓN VOLUNTARIA
15/9/2025;16/9/2025;16/9/2025;ZONA 9;CALDERÓN;BICENTENARIO;BICENTENARIO 2;17;PICHINCHA;1701;QUITO;345600;-0,079325;-78,448522;MUJER;ECUADOR;13;ADOLESCENTES;MESTIZO/A;19/9/2025;-0,093064;-78,428206;PICHINCHA;ENCONTRADO;CAUSAS FAMILIARES;NO RELACIONADOS A VIOLENCIA;DESAPARICIÓN VOLUNTARIA
15/9/2025;30/9/2025;30/9/2025;ZONA 9;LA DELICIA;MENA DEL HIERRO;MENA DEL HIERRO 1;17;PICHINCHA;1701;QUITO;20649600;-0,11652;-78,50635;MUJER;ECUADOR;69;ADULTO MAYOR;MESTIZO/A;12/5/2026;-0,181704;-78,506952;;FALLECIDO;FALLECIDO;SIN_DATO;DESAPARICIÓN INVOLUNTARIA
14/9/2025;18/9/2025;18/9/2025;ZONA 9;LOS CHILLOS;SANTA ISABEL;SANTA ISABEL 1;17;PICHINCHA;1701;QUITO;518400;-0,335726;-78,478035;MUJER;ECUADOR;17;ADOLESCENTES;MESTIZO/A;20/9/2025;-0,335726;-78,478035;PICHINCHA;ENCONTRADO;CAUSAS FAMILIARES;NO RELACIONADOS A VIOLENCIA;DESAPARICIÓN VOLUNTARIA
14/9/2025;16/9/2025;18/9/2025;ZONA 9;CALDERÓN;SAN JUAN DE CALDERÓN;SAN JUAN DE CALDERÓN 2;17;PICHINCHA;1701;QUITO;518400;-0,093665;-78,440393;HOMBRE;ECUADOR;30;ADULTO;MESTIZO/A;20/9/2025;-0,968317;-80,750714;MANABI;ENCONTRADO;CAUSAS PERSONALES;CIRCUNSTANCIAL;DESAPARICIÓN VOLUNTARIA
14/9/2025;15/9/2025;15/9/2025;ZONA 9;LA DELICIA;SAN ANTONIO BAJO;SAN ANTONIO BAJO 1;17;PICHINCHA;1701;QUITO;172800;0,001159;-78,446203;MUJER;ECUADOR;13;ADOLESCENTES;MESTIZO/A;16/9/2025;0,003846;-78,448662;PICHINCHA;ENCONTRADO;POSIBLE VINCULACIÓN A DELITO;ABUSO SEXUAL;DESAPARICIÓN INVOLUNTARIA
14/9/2025;16/9/2025;16/9/2025;ZONA 9;ELOY ALFARO - DMQ;MENA;MENA 4;17;PICHINCHA;1701;QUITO;604800;-0,256094;-78,566864;MUJER;ECUADOR;14;ADOLESCENTES;MESTIZO/A;21/9/2025;-0,213943;-78,516504;PICHINCHA;ENCONTRADO;CAUSAS PERSONALES;CIRCUNSTANCIAL;DESAPARICIÓN VOLUNTARIA
14/9/2025;18/9/2025;18/9/2025;ZONA 9;QUITUMBE;TURUBAMBA;TURUBAMBA 3;17;PICHINCHA;1701;QUITO;777600;-0,32791;-78,541675;HOMBRE;ECUADOR;16;ADOLESCENTES;MESTIZO/A;23/9/2025;-0,294337;-78,39633;PICHINCHA;ENCONTRADO;CAUSAS SOCIALES;DROGADICCIÓN;DESAPARICIÓN VOLUNTARIA
13/9/2025;16/9/2025;16/9/2025;ZONA 9;QUITUMBE;ECUATORIANA;ECUATORIANA 2;17;PICHINCHA;1701;QUITO;5443200;-0,305797;-78,568184;HOMBRE;ECUADOR;16;ADOLESCENTES;MESTIZO/A;15/11/2025;-0,300717;-78,561725;PICHINCHA;ENCONTRADO;CAUSAS SOCIALES;GRUPOS DELICTIVOS ORGANIZADOS/GDOS/PANDILLAS/MAFIAS/CARTELES;DESAPARICIÓN INVOLUNTARIA
12/9/2025;18/9/2025;18/9/2025;ZONA 9;LOS CHILLOS;SANTA ISABEL;SANTA ISABEL 1;17;PICHINCHA;1701;QUITO;7257600;-0,342074;-78,489446;MUJER;ECUADOR;14;ADOLESCENTES;INDIGENA;5/12/2025;-2,978901;-78,237833;MORONA SANTIAGO;ENCONTRADO;CAUSAS PERSONALES;CIRCUNSTANCIAL;DESAPARICIÓN VOLUNTARIA
12/9/2025;16/9/2025;16/9/2025;ZONA 9;ELOY ALFARO - DMQ;ARGELIA;ARGELIA 5;17;PICHINCHA;1701;QUITO;432000;-0,286901;-78,526664;MUJER;ECUADOR;14;ADOLESCENTES;MESTIZO/A;17/9/2025;-0,140386;-78,502665;PICHINCHA;ENCONTRADO;CAUSAS PERSONALES;CIRCUNSTANCIAL;DESAPARICIÓN VOLUNTARIA
12/9/2025;15/9/2025;15/9/2025;ZONA 9;EUGENIO ESPEJO;UNIVERSITARIO;UNIVERSITARIO 3;17;PICHINCHA;1701;QUITO;2764800;-0,19196;-78,511552;MUJER;ECUADOR;16;ADOLESCENTES;MESTIZO/A;14/10/2025;-0,19269;-78,513445;PICHINCHA;ENCONTRADO;CAUSAS PERSONALES;CIRCUNSTANCIAL;DESAPARICIÓN VOLUNTARIA
11/9/2025;12/9/2025;12/9/2025;ZONA 9;LA DELICIA;PONCIANO;PONCIANO 1;17;PICHINCHA;1701;QUITO;345600;-0,123313;-78,485553;MUJER;ECUADOR;12;ADOLESCENTES;MESTIZO/A;15/9/2025;-0,123036;-78,484846;PICHINCHA;ENCONTRADO;CAUSAS PERSONALES;CIRCUNSTANCIAL;DESAPARICIÓN VOLUNTARIA
11/9/2025;11/9/2025;11/9/2025;ZONA 9;LOS CHILLOS;CONOCOTO SUR;CONOCOTO SUR 1;17;PICHINCHA;1701;QUITO;172800;-0,293481;-78,478861;MUJER;ECUADOR;13;ADOLESCENTES;MESTIZO/A;13/9/2025;-0,142273;-78,500192;PICHINCHA;ENCONTRADO;CAUSAS FAMILIARES;NO RELACIONADOS A VIOLENCIA;DESAPARICIÓN VOLUNTARIA
10/9/2025;11/9/2025;15/9/2025;ZONA 9;CALDERÓN;CARAPUNGO;CARAPUNGO 3;17;PICHINCHA;1701;QUITO;777600;-0,093035;-78,454583;MUJER;ECUADOR;19;ADULTO;MESTIZO/A;19/9/2025;-0,265886;-78,535371;PICHINCHA;ENCONTRADO;CAUSAS PERSONALES;RELACIÓN AFECTIVA;DESAPARICIÓN VOLUNTARIA
10/9/2025;12/9/2025;15/9/2025;ZONA 9;TUMBACO;CUMBAYÁ SUR;CUMBAYÁ SUR 3;17;PICHINCHA;1701;QUITO;1036800;-0,233615;-78,445392;MUJER;ECUADOR;16;ADOLESCENTES;MESTIZO/A;22/9/2025;-0,164971;-78,306549;PICHINCHA;ENCONTRADO;CAUSAS PERSONALES;CIRCUNSTANCIAL;DESAPARICIÓN VOLUNTARIA
10/9/2025;11/9/2025;11/9/2025;ZONA 9;ELOY ALFARO - DMQ;EL CALZADO;EL CALZADO 2;17;PICHINCHA;1701;QUITO;1036800;-0,258707;-78,525839;HOMBRE;ECUADOR;16;ADOLESCENTES;MESTIZO/A;22/9/2025;-0,280417;-78,535251;PICHINCHA;ENCONTRADO;CAUSAS PERSONALES;CIRCUNSTANCIAL;DESAPARICIÓN VOLUNTARIA
10/9/2025;11/9/2025;11/9/2025;ZONA 9;MANUELA SÁENZ;LA LIBERTAD;LA LIBERTAD 3;17;PICHINCHA;1701;QUITO;86400;-0,217558;-78,524561;HOMBRE;ECUADOR;87;ADULTO MAYOR;MESTIZO/A;11/9/2025;-0,217353;-78,52441;PICHINCHA;ENCONTRADO;CAUSAS PERSONALES;CIRCUNSTANCIAL;DESAPARICIÓN VOLUNTARIA
10/9/2025;11/9/2025;11/9/2025;ZONA 9;TUMBACO;QUINCHE;QUINCHE 2;17;PICHINCHA;1701;QUITO;604800;-0,110943;-78,296434;MUJER;ECUADOR;15;ADOLESCENTES;MESTIZO/A;17/9/2025;-0,690155;-77,308957;ORELLANA;ENCONTRADO;CAUSAS PERSONALES;CIRCUNSTANCIAL;DESAPARICIÓN VOLUNTARIA
10/9/2025;11/9/2025;16/9/2025;ZONA 9;QUITUMBE;TURUBAMBA;TURUBAMBA 3;17;PICHINCHA;1701;QUITO;691200;-0,326591;-78,542057;HOMBRE;ECUADOR;15;ADOLESCENTES;MESTIZO/A;18/9/2025;-0,343377;-78,558381;PICHINCHA;ENCONTRADO;CAUSAS FAMILIARES;NO RELACIONADOS A VIOLENCIA;DESAPARICIÓN VOLUNTARIA
9/9/2025;10/9/2025;10/9/2025;ZONA 9;EUGENIO ESPEJO;COCHAPAMBA;COCHAPAMBA 4;17;PICHINCHA;1701;QUITO;86400;-0,128703;-78,516771;HOMBRE;ECUADOR;3;NIÑOS(AS);MESTIZO/A;10/9/2025;-0,128703;-78,516771;PICHINCHA;ENCONTRADO;EXTRAVIADO - AUSENCIA TEMPORAL;ACCIDENTAL POR DESCUIDO;EXTRAVÍO
9/9/2025;10/9/2025;10/9/2025;ZONA 9;EUGENIO ESPEJO;COCHAPAMBA;COCHAPAMBA 4;17;PICHINCHA;1701;QUITO;86400;-0,128703;-78,516771;MUJER;ECUADOR;8;NIÑOS(AS);MESTIZO/A;10/9/2025;-0,128703;-78,516771;PICHINCHA;ENCONTRADO;EXTRAVIADO - AUSENCIA TEMPORAL;ACCIDENTAL POR DESCUIDO;EXTRAVÍO
9/9/2025;10/9/2025;11/9/2025;ZONA 9;MANUELA SÁENZ;ITCHIMBIA;ITCHIMBIA 1;17;PICHINCHA;1701;QUITO;518400;-0,216645;-78,476967;MUJER;ECUADOR;14;ADOLESCENTES;MESTIZO/A;15/9/2025;0,07346;-80,048289;MANABI;ENCONTRADO;CAUSAS FAMILIARES;NO RELACIONADOS A VIOLENCIA;DESAPARICIÓN VOLUNTARIA
9/9/2025;23/9/2025;23/9/2025;ZONA 9;MANUELA SÁENZ;SAN JUAN;SAN JUAN 1;17;PICHINCHA;1701;QUITO;2160000;-0,204182;-78,501404;MUJER;ECUADOR;69;ADULTO MAYOR;MESTIZO/A;4/10/2025;-0,204134;-78,49626;PICHINCHA;FALLECIDO;FALLECIDO;SIN_DATO;DESAPARICIÓN INVOLUNTARIA
9/9/2025;30/9/2025;2/10/2025;ZONA 9;QUITUMBE;CHILLOGALLO;CHILLOGALLO 6;17;PICHINCHA;1701;QUITO;2246400;-0,284207;-78,581259;HOMBRE;ECUADOR;9;NIÑOS(AS);MESTIZO/A;5/10/2025;-0,286209;-78,55162;PICHINCHA;ENCONTRADO;CAUSAS FAMILIARES;NO RELACIONADOS A VIOLENCIA;DESAPARICIÓN VOLUNTARIA
9/9/2025;10/9/2025;10/9/2025;ZONA 9;MANUELA SÁENZ;MONJAS COLLACOTO;MONJAS COLLACOTO 3;17;PICHINCHA;1701;QUITO;259200;-0,241664;-78,499561;HOMBRE;ECUADOR;1;NIÑOS(AS);MESTIZO/A;12/9/2025;-0,19745;-78,501136;PICHINCHA;ENCONTRADO;VIOLENCIA;VIOLENCIA FÍSICA;DESAPARICIÓN VOLUNTARIA
8/9/2025;8/9/2025;8/9/2025;ZONA 9;LA DELICIA;POMASQUI;POMASQUI 1;17;PICHINCHA;1701;QUITO;259200;-0,063289;-78,456395;MUJER;ECUADOR;13;ADOLESCENTES;AFRO;11/9/2025;-1,913433;-80,014029;GUAYAS;ENCONTRADO;CAUSAS FAMILIARES;NO RELACIONADOS A VIOLENCIA;DESAPARICIÓN VOLUNTARIA
8/9/2025;8/9/2025;10/9/2025;ZONA 9;ELOY ALFARO - DMQ;ARGELIA;ARGELIA 5;17;PICHINCHA;1701;QUITO;691200;-0,286678;-78,528759;HOMBRE;ECUADOR;27;ADULTO;MESTIZO/A;16/9/2025;-0,201986;-78,491901;PICHINCHA;ENCONTRADO;CAUSAS FAMILIARES;NO RELACIONADOS A VIOLENCIA;DESAPARICIÓN VOLUNTARIA
8/9/2025;9/9/2025;10/9/2025;ZONA 9;ELOY ALFARO - DMQ;ARGELIA;ARGELIA 8;17;PICHINCHA;1701;QUITO;172800;-0,277861;-78,523589;HOMBRE;ECUADOR;83;ADULTO MAYOR;MESTIZO/A;10/9/2025;-0,204883;-78,503285;PICHINCHA;ENCONTRADO;CAUSAS PERSONALES;CIRCUNSTANCIAL;DESAPARICIÓN VOLUNTARIA
7/9/2025;7/9/2025;7/9/2025;ZONA 9;QUITUMBE;ECUATORIANA;ECUATORIANA 3;17;PICHINCHA;1701;QUITO;0;-0,308547;-78,563556;MUJER;ECUADOR;76;ADULTO MAYOR;MESTIZO/A;7/9/2025;-0,214852;-78,499635;PICHINCHA;ENCONTRADO;EXTRAVIADO - AUSENCIA TEMPORAL;HOSPITALIZADO;EXTRAVÍO
7/9/2025;9/9/2025;9/9/2025;ZONA 9;LA DELICIA;MENA DEL HIERRO;MENA DEL HIERRO 1;17;PICHINCHA;1701;QUITO;432000;-0,125469;-78,516668;HOMBRE;ECUADOR;40;ADULTO;MESTIZO/A;12/9/2025;-0,142375;-78,500272;PICHINCHA;ENCONTRADO;CAUSAS PERSONALES;CIRCUNSTANCIAL;DESAPARICIÓN VOLUNTARIA
7/9/2025;8/9/2025;8/9/2025;ZONA 9;MANUELA SÁENZ;ITCHIMBIA;ITCHIMBIA 1;17;PICHINCHA;1701;QUITO;259200;-0,207432;-78,479214;MUJER;ECUADOR;19;ADULTO;MESTIZO/A;10/9/2025;-0,196851;-78,46287;PICHINCHA;FALLECIDO;FALLECIDO;SUICIDIO;DESAPARICIÓN VOLUNTARIA
7/9/2025;8/9/2025;8/9/2025;ZONA 9;CALDERÓN;BICENTENARIO;BICENTENARIO 2;17;PICHINCHA;1701;QUITO;172800;-0,066532;-78,452455;HOMBRE;ECUADOR;24;ADULTO;AFRO;9/9/2025;-0,142295;-78,500186;PICHINCHA;ENCONTRADO;CAUSAS FAMILIARES;NO RELACIONADOS A VIOLENCIA;DESAPARICIÓN VOLUNTARIA
7/9/2025;8/9/2025;8/9/2025;ZONA 9;QUITUMBE;ECUATORIANA;ECUATORIANA 4;17;PICHINCHA;1701;QUITO;691200;-0,308986;-78,567998;HOMBRE;ECUADOR;46;ADULTO;MESTIZO/A;15/9/2025;-0,293155;-78,565824;PICHINCHA;ENCONTRADO;EXTRAVIADO - DISCAPACIDAD / ENFERMEDADES / TRASTORNOS;DISCAPACIDAD INTELECTUAL;EXTRAVÍO
7/9/2025;7/9/2025;7/9/2025;ZONA 9;MANUELA SÁENZ;CENTRO HISTÓRICO;CENTRO HISTÓRICO 5;17;PICHINCHA;1701;QUITO;86400;-0,222989;-78,505124;HOMBRE;ECUADOR;79;ADULTO MAYOR;MESTIZO/A;8/9/2025;-0,227754;-78,501236;PICHINCHA;ENCONTRADO;CAUSAS PERSONALES;CIRCUNSTANCIAL;DESAPARICIÓN VOLUNTARIA
6/9/2025;7/9/2025;7/9/2025;ZONA 9;EUGENIO ESPEJO;LA MARISCAL;LA MARISCAL 3;17;PICHINCHA;1701;QUITO;1209600;-0,203033;-78,491066;MUJER;ECUADOR;29;ADULTO;AFRO;20/9/2025;0,945403;-79,652732;ESMERALDAS;ENCONTRADO;CAUSAS PERSONALES;CIRCUNSTANCIAL;DESAPARICIÓN VOLUNTARIA
6/9/2025;9/9/2025;9/9/2025;ZONA 9;MANUELA SÁENZ;PUENGASÍ;PUENGASÍ 1;17;PICHINCHA;1701;QUITO;432000;-0,257239;-78,490455;MUJER;ECUADOR;32;ADULTO;MESTIZO/A;11/9/2025;-0,257359;-78,490348;PICHINCHA;ENCONTRADO;POSIBLE VINCULACIÓN A DELITO;ROBO (ESCOPOLAMINA U OTRA DROGA ALUCINÓGENA ALTAMENTE TÓXICA);DESAPARICIÓN INVOLUNTARIA
6/9/2025;8/9/2025;8/9/2025;ZONA 9;LA DELICIA;SAN ANTONIO BAJO;SAN ANTONIO BAJO 1;17;PICHINCHA;1701;QUITO;5616000;-0,010155;-78,456879;MUJER;ECUADOR;17;ADOLESCENTES;MESTIZO/A;10/11/2025;-0,039686;-78,458156;PICHINCHA;ENCONTRADO;CAUSAS PERSONALES;RELACIÓN AFECTIVA;DESAPARICIÓN VOLUNTARIA
6/9/2025;15/9/2025;16/9/2025;ZONA 9;LOS CHILLOS;SANTA ROSA;SANTA ROSA 1;17;PICHINCHA;1701;QUITO;1123200;-0,373854;-78,392408;HOMBRE;ECUADOR;54;ADULTO;MESTIZO/A;19/9/2025;-0,373854;-78,392408;PICHINCHA;ENCONTRADO;CAUSAS SOCIALES;ALCOHOLISMO;DESAPARICIÓN VOLUNTARIA
5/9/2025;12/9/2025;12/9/2025;ZONA 9;EUGENIO ESPEJO;IÑAQUITO;IÑAQUITO 2;17;PICHINCHA;1701;QUITO;777600;-0,173274;-78,483253;HOMBRE;ECUADOR;30;ADULTO;MESTIZO/A;14/9/2025;-0,162995;-78,48199;PICHINCHA;ENCONTRADO;CAUSAS PERSONALES;CIRCUNSTANCIAL;DESAPARICIÓN VOLUNTARIA
5/9/2025;7/9/2025;7/9/2025;ZONA 9;QUITUMBE;TURUBAMBA;TURUBAMBA 2;17;PICHINCHA;1701;QUITO;345600;-0,319168;-78,527466;HOMBRE;ECUADOR;43;ADULTO;MESTIZO/A;9/9/2025;-0,14038;-78,502665;PICHINCHA;ENCONTRADO;CAUSAS PERSONALES;CIRCUNSTANCIAL;DESAPARICIÓN VOLUNTARIA
5/9/2025;7/9/2025;7/9/2025;ZONA 9;LA DELICIA;CARCELÉN;CARCELÉN 1;17;PICHINCHA;1701;QUITO;345600;-0,090787;-78,471679;MUJER;ECUADOR;28;ADULTO;INDIGENA;9/9/2025;-0,095633;-78,475029;PICHINCHA;ENCONTRADO;CAUSAS PERSONALES;CIRCUNSTANCIAL;DESAPARICIÓN VOLUNTARIA
4/9/2025;5/9/2025;5/9/2025;ZONA 9;CALDERÓN;LLANO CHICO;LLANO CHICO 1;17;PICHINCHA;1701;QUITO;432000;-0,127375;-78,446764;HOMBRE;ECUADOR;15;ADOLESCENTES;MESTIZO/A;9/9/2025;-0,142295;-78,499897;PICHINCHA;ENCONTRADO;CAUSAS PERSONALES;CIRCUNSTANCIAL;DESAPARICIÓN VOLUNTARIA
4/9/2025;5/9/2025;5/9/2025;ZONA 9;LOS CHILLOS;CONOCOTO NORTE;CONOCOTO NORTE 2;17;PICHINCHA;1701;QUITO;432000;-0,292001;-78,480404;MUJER;ECUADOR;16;ADOLESCENTES;MESTIZO/A;9/9/2025;-0,304981;-78,46722;PICHINCHA;ENCONTRADO;CAUSAS FAMILIARES;NO RELACIONADOS A VIOLENCIA;DESAPARICIÓN VOLUNTARIA
4/9/2025;5/9/2025;5/9/2025;ZONA 9;QUITUMBE;TURUBAMBA;TURUBAMBA 2;17;PICHINCHA;1701;QUITO;259200;-0,32021;-78,526679;MUJER;ECUADOR;13;ADOLESCENTES;MESTIZO/A;7/9/2025;-0,14237;-78,50021;PICHINCHA;ENCONTRADO;CAUSAS PERSONALES;CIRCUNSTANCIAL;DESAPARICIÓN VOLUNTARIA
4/9/2025;6/9/2025;6/9/2025;ZONA 9;ELOY ALFARO - DMQ;FERROVIARIA;FERROVIARIA 6;17;PICHINCHA;1701;QUITO;345600;-0,253617;-78,503717;MUJER;ECUADOR;14;ADOLESCENTES;MESTIZO/A;8/9/2025;-0,260184;-78,536228;PICHINCHA;ENCONTRADO;CAUSAS PERSONALES;CIRCUNSTANCIAL;DESAPARICIÓN VOLUNTARIA
3/9/2025;5/9/2025;5/9/2025;ZONA 9;LOS CHILLOS;SANTA ISABEL;SANTA ISABEL 1;17;PICHINCHA;1701;QUITO;1209600;-0,335726;-78,478035;MUJER;ECUADOR;15;ADOLESCENTES;MESTIZO/A;17/9/2025;-0,328456;-78,462702;PICHINCHA;ENCONTRADO;CAUSAS FAMILIARES;NO RELACIONADOS A VIOLENCIA;DESAPARICIÓN VOLUNTARIA
3/9/2025;8/9/2025;8/9/2025;ZONA 9;LA DELICIA;PERUCHO;PERUCHO 1;17;PICHINCHA;1701;QUITO;777600;0,127813;-78,349816;HOMBRE;ECUADOR;66;ADULTO MAYOR;MESTIZO/A;12/9/2025;0,138317;-78,352224;PICHINCHA;ENCONTRADO;EXTRAVIADO - AUSENCIA TEMPORAL;ACCIDENTADO;EXTRAVÍO
2/9/2025;3/9/2025;3/9/2025;ZONA 9;ELOY ALFARO - DMQ;CHILIBULO;CHILIBULO 2;17;PICHINCHA;1701;QUITO;1555200;-0,244316;-78,540971;HOMBRE;ECUADOR;55;ADULTO;MESTIZO/A;20/9/2025;-0,310989;-78,566935;PICHINCHA;ENCONTRADO;CAUSAS PERSONALES;CIRCUNSTANCIAL;DESAPARICIÓN VOLUNTARIA
2/9/2025;2/9/2025;2/9/2025;ZONA 9;MANUELA SÁENZ;MONJAS COLLACOTO;MONJAS COLLACOTO 3;17;PICHINCHA;1701;QUITO;86400;-0,227649;-78,489758;HOMBRE;ECUADOR;39;ADULTO;MESTIZO/A;3/9/2025;-0,207889;-78,499904;PICHINCHA;ENCONTRADO;CAUSAS PERSONALES;CIRCUNSTANCIAL;DESAPARICIÓN VOLUNTARIA
2/9/2025;4/9/2025;8/9/2025;ZONA 9;ELOY ALFARO - DMQ;SOLANDA;SOLANDA 4;17;PICHINCHA;1701;QUITO;777600;-0,269679;-78,543298;MUJER;ECUADOR;17;ADOLESCENTES;MESTIZO/A;11/9/2025;-0,176026;-78,482395;PICHINCHA;ENCONTRADO;CAUSAS PERSONALES;CIRCUNSTANCIAL;DESAPARICIÓN VOLUNTARIA
1/9/2025;6/9/2025;6/9/2025;ZONA 9;MANUELA SÁENZ;EL PLACER;EL PLACER 3;17;PICHINCHA;1701;QUITO;1814400;-0,209483;-78,522417;MUJER;ECUADOR;17;ADOLESCENTES;MESTIZO/A;22/9/2025;-0,142699;-78,500164;PICHINCHA;ENCONTRADO;CAUSAS PERSONALES;CIRCUNSTANCIAL;DESAPARICIÓN VOLUNTARIA
1/9/2025;1/9/2025;1/9/2025;ZONA 9;TUMBACO;TUMBACO SUR;TUMBACO SUR 2;17;PICHINCHA;1701;QUITO;86400;-0,213842;-78,382323;MUJER;ECUADOR;36;ADULTO;MESTIZO/A;2/9/2025;-0,140332;-78,499972;PICHINCHA;ENCONTRADO;CAUSAS PERSONALES;CIRCUNSTANCIAL;DESAPARICIÓN VOLUNTARIA
31/8/2025;1/9/2025;1/9/2025;ZONA 9;CALDERÓN;BICENTENARIO;BICENTENARIO 2;17;PICHINCHA;1701;QUITO;86400;-0,082648;-78,436943;MUJER;ECUADOR;20;ADULTO;AFRO;1/9/2025;-0,272624;-78,533778;PICHINCHA;ENCONTRADO;CAUSAS FAMILIARES;NO RELACIONADOS A VIOLENCIA;DESAPARICIÓN VOLUNTARIA
31/8/2025;1/9/2025;1/9/2025;ZONA 9;LA DELICIA;COLINAS DEL NORTE;COLINAS DEL NORTE 3;17;PICHINCHA;1701;QUITO;86400;-0,091711;-78,508989;MUJER;ECUADOR;10;NIÑOS(AS);MESTIZO/A;1/9/2025;-0,093515;-78,50602;PICHINCHA;ENCONTRADO;CAUSAS PERSONALES;CIRCUNSTANCIAL;DESAPARICIÓN VOLUNTARIA
31/8/2025;2/9/2025;2/9/2025;ZONA 9;ELOY ALFARO - DMQ;MENA;MENA 2;17;PICHINCHA;1701;QUITO;777600;-0,257915;-78,553374;MUJER;ECUADOR;15;ADOLESCENTES;MESTIZO/A;9/9/2025;-0,142328;-78,49994;PICHINCHA;ENCONTRADO;CAUSAS PERSONALES;RELACIÓN AFECTIVA;DESAPARICIÓN VOLUNTARIA
31/8/2025;1/9/2025;1/9/2025;ZONA 9;CALDERÓN;CALDERÓN;CALDERÓN 3;17;PICHINCHA;1701;QUITO;604800;-0,098591;-78,427132;HOMBRE;ECUADOR;63;ADULTO;MESTIZO/A;7/9/2025;-0,217775;-78,519091;PICHINCHA;ENCONTRADO;EXTRAVIADO - DISCAPACIDAD / ENFERMEDADES / TRASTORNOS;DISCAPACIDAD SENSORIAL;EXTRAVÍO
31/8/2025;1/9/2025;1/9/2025;ZONA 9;QUITUMBE;QUITUMBE;QUITUMBE 3;17;PICHINCHA;1701;QUITO;777600;-0,306956;-78,543554;MUJER;ECUADOR;14;ADOLESCENTES;MESTIZO/A;9/9/2025;-0,139753;-78,499565;PICHINCHA;ENCONTRADO;CAUSAS PERSONALES;CIRCUNSTANCIAL;DESAPARICIÓN VOLUNTARIA
31/8/2025;1/9/2025;8/9/2025;ZONA 9;LOS CHILLOS;CONOCOTO SUR;CONOCOTO SUR 2;17;PICHINCHA;1701;QUITO;1382400;-0,314659;-78,48756;MUJER;ECUADOR;14;ADOLESCENTES;MESTIZO/A;16/9/2025;-0,312427;-78,487045;PICHINCHA;ENCONTRADO;CAUSAS FAMILIARES;NO RELACIONADOS A VIOLENCIA;DESAPARICIÓN VOLUNTARIA
30/8/2025;2/9/2025;2/9/2025;ZONA 9;LOS CHILLOS;CONOCOTO NORTE;CONOCOTO NORTE 1;17;PICHINCHA;1701;QUITO;259200;-0,271674;-78,4649;HOMBRE;ECUADOR;11;NIÑOS(AS);OTROS;2/9/2025;-0,340898;-78,462697;PICHINCHA;ENCONTRADO;CAUSAS FAMILIARES;NO RELACIONADOS A VIOLENCIA;DESAPARICIÓN VOLUNTARIA
30/8/2025;30/8/2025;30/8/2025;ZONA 9;EUGENIO ESPEJO;EL BOSQUE;EL BOSQUE 5;17;PICHINCHA;1701;QUITO;0;-0,172437;-78,503639;HOMBRE;ECUADOR;32;ADULTO;MESTIZO/A;30/8/2025;-0,172665;-78,489499;PICHINCHA;ENCONTRADO;POSIBLE VINCULACIÓN A DELITO;ROBO (ESCOPOLAMINA U OTRA DROGA ALUCINÓGENA ALTAMENTE TÓXICA);DESAPARICIÓN INVOLUNTARIA
30/8/2025;30/8/2025;30/8/2025;ZONA 9;QUITUMBE;TURUBAMBA;TURUBAMBA 5;17;PICHINCHA;1701;QUITO;1382400;-0,337034;-78,536357;MUJER;ECUADOR;14;ADOLESCENTES;MESTIZO/A;15/9/2025;-0,337341;-78,538972;PICHINCHA;ENCONTRADO;CAUSAS PERSONALES;CIRCUNSTANCIAL;DESAPARICIÓN VOLUNTARIA
30/8/2025;31/8/2025;31/8/2025;ZONA 9;EUGENIO ESPEJO;LA MARISCAL;LA MARISCAL 1;17;PICHINCHA;1701;QUITO;86400;-0,198313;-78,494953;HOMBRE;ECUADOR;33;ADULTO;MESTIZO/A;31/8/2025;-0,181436;-78,504313;PICHINCHA;FALLECIDO;FALLECIDO;SIN_DATO;DESAPARICIÓN INVOLUNTARIA
29/8/2025;30/8/2025;30/8/2025;ZONA 9;EUGENIO ESPEJO;DAMMER;DAMMER 2;17;PICHINCHA;1701;QUITO;172800;-0,144263;-78,480756;HOMBRE;ECUADOR;34;ADULTO;MESTIZO/A;31/8/2025;-0,140364;-78,499703;PICHINCHA;ENCONTRADO;CAUSAS PERSONALES;CIRCUNSTANCIAL;DESAPARICIÓN VOLUNTARIA
29/8/2025;30/8/2025;30/8/2025;ZONA 9;QUITUMBE;GUAMANÍ;GUAMANÍ 1;17;PICHINCHA;1701;QUITO;345600;-0,318706;-78,551835;MUJER;ECUADOR;13;ADOLESCENTES;MESTIZO/A;2/9/2025;-0,31369;-78,566733;PICHINCHA;ENCONTRADO;VIOLENCIA;VIOLENCIA FÍSICA;DESAPARICIÓN VOLUNTARIA
29/8/2025;2/9/2025;2/9/2025;ZONA 9;QUITUMBE;CHILLOGALLO;CHILLOGALLO 1;17;PICHINCHA;1701;QUITO;777600;-0,27816;-78,553177;HOMBRE;ECUADOR;61;ADULTO;SIN_DATO;7/9/2025;-0,263483;-78,515941;PICHINCHA;ENCONTRADO;CAUSAS SOCIALES;ALCOHOLISMO;DESAPARICIÓN VOLUNTARIA
29/8/2025;1/9/2025;1/9/2025;ZONA 9;EUGENIO ESPEJO;LAS CASAS;LAS CASAS 2;17;PICHINCHA;1701;QUITO;777600;-0,185122;-78,509854;HOMBRE;ECUADOR;55;ADULTO;MESTIZO/A;7/9/2025;-4,007509;-79,249579;LOJA;ENCONTRADO;EXTRAVIADO - DISCAPACIDAD / ENFERMEDADES / TRASTORNOS;DISCAPACIDAD INTELECTUAL;EXTRAVÍO
28/8/2025;28/8/2025;28/8/2025;ZONA 9;ELOY ALFARO - DMQ;BARRIO NUEVO;BARRIO NUEVO 3;17;PICHINCHA;1701;QUITO;0;-0,279317;-78,533056;MUJER;ECUADOR;12;ADOLESCENTES;MESTIZO/A;28/8/2025;-0,087585;-78,511246;PICHINCHA;ENCONTRADO;CAUSAS PERSONALES;CIRCUNSTANCIAL;DESAPARICIÓN VOLUNTARIA
28/8/2025;28/8/2025;28/8/2025;ZONA 9;EUGENIO ESPEJO;AEROPUERTO;AEROPUERTO 1;17;PICHINCHA;1701;QUITO;0;-0,128388;-78,502685;MUJER;ECUADOR;22;ADULTO;MESTIZO/A;28/8/2025;-0,140407;-78,500143;PICHINCHA;ENCONTRADO;EXTRAVIADO - DISCAPACIDAD / ENFERMEDADES / TRASTORNOS;DISCAPACIDAD INTELECTUAL;EXTRAVÍO
28/8/2025;29/8/2025;29/8/2025;ZONA 9;MANUELA SÁENZ;ITCHIMBIA;ITCHIMBIA 4;17;PICHINCHA;1701;QUITO;172800;-0,223912;-78,502107;HOMBRE;ECUADOR;37;ADULTO;BLANCO/A;30/8/2025;-0,109209;-78,486622;PICHINCHA;ENCONTRADO;CAUSAS SOCIALES;DROGADICCIÓN;DESAPARICIÓN VOLUNTARIA
27/8/2025;28/8/2025;28/8/2025;ZONA 9;LA DELICIA;COLINAS DEL NORTE;COLINAS DEL NORTE 1;17;PICHINCHA;1701;QUITO;86400;-0,105281;-78,513134;HOMBRE;ECUADOR;19;ADULTO;MESTIZO/A;28/8/2025;-0,106447;-78,51366;PICHINCHA;ENCONTRADO;CAUSAS PERSONALES;CIRCUNSTANCIAL;DESAPARICIÓN VOLUNTARIA
27/8/2025;28/8/2025;28/8/2025;ZONA 9;TUMBACO;TUMBACO SUR;TUMBACO SUR 1;17;PICHINCHA;1701;QUITO;3628800;-0,214447;-78,418458;MUJER;ECUADOR;20;ADULTO;MESTIZO/A;8/10/2025;-1,672858;-78,652294;CHIMBORAZO;ENCONTRADO;CAUSAS FAMILIARES;NO RELACIONADOS A VIOLENCIA;DESAPARICIÓN VOLUNTARIA
27/8/2025;28/8/2025;29/8/2025;ZONA 9;MANUELA SÁENZ;LA LIBERTAD;LA LIBERTAD 1;17;PICHINCHA;1701;QUITO;3024000;-0,228824;-78,525337;MUJER;ECUADOR;13;ADOLESCENTES;MESTIZO/A;1/10/2025;-0,296436;-78,533232;PICHINCHA;ENCONTRADO;CAUSAS PERSONALES;CIRCUNSTANCIAL;DESAPARICIÓN VOLUNTARIA
27/8/2025;29/8/2025;1/9/2025;ZONA 9;MANUELA SÁENZ;CENTRO HISTÓRICO;CENTRO HISTÓRICO 4;17;PICHINCHA;1701;QUITO;1036800;-0,218283;-78,511568;HOMBRE;ECUADOR;44;ADULTO;MESTIZO/A;8/9/2025;-0,14237;-78,50021;PICHINCHA;ENCONTRADO;POSIBLE VINCULACIÓN A DELITO;SECUESTRO EXTORSIVO;DESAPARICIÓN INVOLUNTARIA
26/8/2025;26/8/2025;26/8/2025;ZONA 9;ELOY ALFARO - DMQ;SANTA ANITA;SANTA ANITA 2;17;PICHINCHA;1701;QUITO;86400;-0,260227;-78,536271;MUJER;ECUADOR;90;ADULTO MAYOR;MESTIZO/A;27/8/2025;-0,260184;-78,536228;PICHINCHA;ENCONTRADO;EXTRAVIADO - DISCAPACIDAD / ENFERMEDADES / TRASTORNOS;DISCAPACIDAD INTELECTUAL;EXTRAVÍO
26/8/2025;27/8/2025;27/8/2025;ZONA 9;QUITUMBE;TURUBAMBA;TURUBAMBA 3;17;PICHINCHA;1701;QUITO;172800;-0,325791;-78,539629;MUJER;ECUADOR;18;ADULTO;MESTIZO/A;28/8/2025;-0,329999;-78,533041;PICHINCHA;ENCONTRADO;CAUSAS FAMILIARES;NO RELACIONADOS A VIOLENCIA;DESAPARICIÓN VOLUNTARIA
25/8/2025;28/8/2025;29/8/2025;ZONA 9;QUITUMBE;ECUATORIANA;ECUATORIANA 3;17;PICHINCHA;1701;QUITO;1555200;-0,309306;-78,565003;HOMBRE;ECUADOR;15;ADOLESCENTES;AFRO;12/9/2025;-0,283644;-78,535348;PICHINCHA;ENCONTRADO;CAUSAS PERSONALES;RELACIÓN AFECTIVA;DESAPARICIÓN VOLUNTARIA
25/8/2025;26/8/2025;26/8/2025;ZONA 9;EUGENIO ESPEJO;AEROPUERTO;AEROPUERTO 1;17;PICHINCHA;1701;QUITO;86400;-0,12376;-78,502539;MUJER;ECUADOR;13;ADOLESCENTES;MESTIZO/A;26/8/2025;-0,127053;-78,497929;PICHINCHA;ENCONTRADO;CAUSAS PERSONALES;CIRCUNSTANCIAL;DESAPARICIÓN VOLUNTARIA
25/8/2025;25/8/2025;25/8/2025;ZONA 9;TUMBACO;PUEMBO;PUEMBO 1;17;PICHINCHA;1701;QUITO;777600;-0,184557;-78,368366;MUJER;ECUADOR;17;ADOLESCENTES;MESTIZO/A;3/9/2025;-0,917669;-79,057706;COTOPAXI;ENCONTRADO;CAUSAS PERSONALES;RELACIÓN AFECTIVA;DESAPARICIÓN VOLUNTARIA
25/8/2025;25/8/2025;26/8/2025;ZONA 9;TUMBACO;YARUQUÍ;YARUQUÍ 1;17;PICHINCHA;1701;QUITO;1814400;-0,165772;-78,317202;MUJER;ECUADOR;15;ADOLESCENTES;MESTIZO/A;15/9/2025;-0,213557;-78,412133;PICHINCHA;ENCONTRADO;CAUSAS PERSONALES;CIRCUNSTANCIAL;DESAPARICIÓN VOLUNTARIA
25/8/2025;26/8/2025;26/8/2025;ZONA 9;QUITUMBE;TURUBAMBA;TURUBAMBA 1;17;PICHINCHA;1701;QUITO;950400;-0,316732;-78,542604;HOMBRE;ECUADOR;12;ADOLESCENTES;MESTIZO/A;5/9/2025;-0,31829;-78,541469;PICHINCHA;ENCONTRADO;CAUSAS FAMILIARES;NO RELACIONADOS A VIOLENCIA;DESAPARICIÓN VOLUNTARIA
24/8/2025;25/8/2025;25/8/2025;ZONA 9;QUITUMBE;GUAMANÍ;GUAMANÍ 3;17;PICHINCHA;1701;QUITO;172800;-0,325944;-78,556069;HOMBRE;ECUADOR;27;ADULTO;MESTIZO/A;26/8/2025;-0,214771;-78,500011;PICHINCHA;ENCONTRADO;EXTRAVIADO - AUSENCIA TEMPORAL;HOSPITALIZADO;EXTRAVÍO
24/8/2025;24/8/2025;24/8/2025;ZONA 9;EUGENIO ESPEJO;EL BOSQUE;EL BOSQUE 4;17;PICHINCHA;1701;QUITO;345600;-0,176252;-78,499177;HOMBRE;ECUADOR;16;ADOLESCENTES;MESTIZO/A;28/8/2025;-0,150512;-78,476447;PICHINCHA;ENCONTRADO;CAUSAS FAMILIARES;NO RELACIONADOS A VIOLENCIA;DESAPARICIÓN VOLUNTARIA
24/8/2025;25/8/2025;25/8/2025;ZONA 9;QUITUMBE;LAS CUADRAS;LAS CUADRAS 3;17;PICHINCHA;1701;QUITO;259200;-0,285749;-78,547935;MUJER;ECUADOR;33;ADULTO;MESTIZO/A;27/8/2025;-0,281598;-78,556016;PICHINCHA;ENCONTRADO;CAUSAS PERSONALES;CIRCUNSTANCIAL;DESAPARICIÓN VOLUNTARIA
24/8/2025;27/8/2025;28/8/2025;ZONA 9;ELOY ALFARO - DMQ;ARGELIA;ARGELIA 5;17;PICHINCHA;1701;QUITO;345600;-0,286339;-78,527765;HOMBRE;ECUADOR;49;ADULTO;MESTIZO/A;28/8/2025;-0,244359;-78,541111;PICHINCHA;ENCONTRADO;EXTRAVIADO - AUSENCIA TEMPORAL;HOSPITALIZADO;EXTRAVÍO
23/8/2025;24/8/2025;24/8/2025;ZONA 9;ELOY ALFARO - DMQ;LLOA;LLOA 1;17;PICHINCHA;1701;QUITO;86400;-0,312133;-78,608263;MUJER;ECUADOR;12;ADOLESCENTES;MESTIZO/A;24/8/2025;-0,307796;-78,563363;PICHINCHA;ENCONTRADO;CAUSAS FAMILIARES;NO RELACIONADOS A VIOLENCIA;DESAPARICIÓN VOLUNTARIA
23/8/2025;24/8/2025;24/8/2025;ZONA 9;QUITUMBE;GUAMANÍ;GUAMANÍ 1;17;PICHINCHA;1701;QUITO;86400;-0,310089;-78,555397;HOMBRE;ECUADOR;80;ADULTO MAYOR;MESTIZO/A;24/8/2025;-0,307945;-78,564759;PICHINCHA;ENCONTRADO;EXTRAVIADO - AUSENCIA TEMPORAL;DESASTRES, AMENAZAS NATURALES Y FACTORES ANTRÓPICOS;EXTRAVÍO
23/8/2025;24/8/2025;24/8/2025;ZONA 9;QUITUMBE;QUITUMBE;QUITUMBE 4;17;PICHINCHA;1701;QUITO;172800;-0,297479;-78,526027;MUJER;ECUADOR;13;ADOLESCENTES;MESTIZO/A;25/8/2025;-0,141393;-78,502732;PICHINCHA;ENCONTRADO;CAUSAS FAMILIARES;NO RELACIONADOS A VIOLENCIA;DESAPARICIÓN VOLUNTARIA
23/8/2025;25/8/2025;25/8/2025;ZONA 9;ELOY ALFARO - DMQ;SOLANDA;SOLANDA 3;17;PICHINCHA;1701;QUITO;259200;-0,268385;-78,533345;MUJER;ECUADOR;18;ADULTO;MESTIZO/A;26/8/2025;-0,166988;-78,47579;PICHINCHA;ENCONTRADO;CAUSAS PERSONALES;RELACIÓN AFECTIVA;DESAPARICIÓN VOLUNTARIA
23/8/2025;1/9/2025;1/9/2025;ZONA 9;LA DELICIA;SAN ANTONIO ALTO;SAN ANTONIO ALTO 1;17;PICHINCHA;1701;QUITO;18835200;0,001707;-78,441983;HOMBRE;ECUADOR;32;ADULTO;MESTIZO/A;29/3/2026;-0,151382;-78,472441;PICHINCHA;ENCONTRADO;CAUSAS SOCIALES;DETENCIÓN;DESAPARICIÓN INVOLUNTARIA
22/8/2025;23/8/2025;23/8/2025;ZONA 9;ELOY ALFARO - DMQ;BARRIO NUEVO;BARRIO NUEVO 2;17;PICHINCHA;1701;QUITO;86400;-0,281508;-78,543112;MUJER;ECUADOR;22;ADULTO;MESTIZO/A;23/8/2025;-0,140386;-78,504961;PICHINCHA;ENCONTRADO;CAUSAS PERSONALES;CIRCUNSTANCIAL;DESAPARICIÓN VOLUNTARIA
22/8/2025;26/8/2025;28/8/2025;ZONA 9;LA DELICIA;EL MIRADOR;EL MIRADOR 2;17;PICHINCHA;1701;QUITO;864000;-0,121754;-78,470776;HOMBRE;ECUADOR;7;NIÑOS(AS);MESTIZO/A;1/9/2025;-0,079534;-78,451086;PICHINCHA;ENCONTRADO;CAUSAS SOCIALES;DROGADICCIÓN;DESAPARICIÓN VOLUNTARIA
22/8/2025;26/8/2025;28/8/2025;ZONA 9;LA DELICIA;EL MIRADOR;EL MIRADOR 2;17;PICHINCHA;1701;QUITO;864000;-0,121754;-78,470776;MUJER;COLOMBIA;34;ADULTO;MESTIZO/A;1/9/2025;-0,079534;-78,451086;PICHINCHA;ENCONTRADO;CAUSAS SOCIALES;DROGADICCIÓN;DESAPARICIÓN VOLUNTARIA
22/8/2025;25/8/2025;22/8/2025;ZONA 9;ELOY ALFARO - DMQ;BARRIO NUEVO;BARRIO NUEVO 2;17;PICHINCHA;1701;QUITO;604800;-0,281551;-78,543112;HOMBRE;ECUADOR;35;ADULTO;MESTIZO/A;29/8/2025;-0,2868;-78,443971;PICHINCHA;ENCONTRADO;CAUSAS SOCIALES;DROGADICCIÓN;DESAPARICIÓN VOLUNTARIA
22/8/2025;25/8/2025;25/8/2025;ZONA 9;CALDERÓN;BICENTENARIO;BICENTENARIO 2;17;PICHINCHA;1701;QUITO;691200;-0,065114;-78,45285;MUJER;ECUADOR;26;ADULTO;AFRO;30/8/2025;-0,099977;-78,470506;PICHINCHA;ENCONTRADO;EXTRAVIADO - DISCAPACIDAD / ENFERMEDADES / TRASTORNOS;DISCAPACIDAD INTELECTUAL;EXTRAVÍO
22/8/2025;25/8/2025;25/8/2025;ZONA 9;CALDERÓN;BICENTENARIO;BICENTENARIO 2;17;PICHINCHA;1701;QUITO;691200;-0,065114;-78,45285;MUJER;ECUADOR;9;NIÑOS(AS);AFRO;30/8/2025;-0,099977;-78,470506;PICHINCHA;ENCONTRADO;CAUSAS FAMILIARES;NO RELACIONADOS A VIOLENCIA;DESAPARICIÓN VOLUNTARIA
22/8/2025;25/8/2025;25/8/2025;ZONA 9;CALDERÓN;BICENTENARIO;BICENTENARIO 2;17;PICHINCHA;1701;QUITO;691200;-0,065114;-78,45285;MUJER;ECUADOR;6;NIÑOS(AS);AFRO;30/8/2025;-0,099977;-78,470506;PICHINCHA;ENCONTRADO;CAUSAS FAMILIARES;NO RELACIONADOS A VIOLENCIA;DESAPARICIÓN VOLUNTARIA
22/8/2025;23/8/2025;23/8/2025;ZONA 9;ELOY ALFARO - DMQ;MAGDALENA;MAGDALENA 1;17;PICHINCHA;1701;QUITO;259200;-0,243436;-78,52725;HOMBRE;ECUADOR;39;ADULTO;MESTIZO/A;25/8/2025;-0,256269;-78,49927;PICHINCHA;ENCONTRADO;CAUSAS PERSONALES;CIRCUNSTANCIAL;DESAPARICIÓN VOLUNTARIA
22/8/2025;23/8/2025;23/8/2025;ZONA 9;TUMBACO;TUMBACO;TUMBACO 1;17;PICHINCHA;1701;QUITO;86400;-0,211862;-78,404698;HOMBRE;ECUADOR;37;ADULTO;MESTIZO/A;23/8/2025;-0,207816;-78,437206;PICHINCHA;ENCONTRADO;POSIBLE VINCULACIÓN A DELITO;ROBO (ESCOPOLAMINA U OTRA DROGA ALUCINÓGENA ALTAMENTE TÓXICA);DESAPARICIÓN INVOLUNTARIA
22/8/2025;29/8/2025;29/8/2025;ZONA 9;QUITUMBE;ECUATORIANA;ECUATORIANA 2;17;PICHINCHA;1701;QUITO;1555200;-0,292043;-78,582302;MUJER;ECUADOR;14;ADOLESCENTES;MESTIZO/A;9/9/2025;-0,142345;-78,50018;PICHINCHA;ENCONTRADO;CAUSAS PERSONALES;CIRCUNSTANCIAL;DESAPARICIÓN VOLUNTARIA
21/8/2025;22/8/2025;23/8/2025;ZONA 9;ELOY ALFARO - DMQ;CHIMBACALLE;CHIMBACALLE 1;17;PICHINCHA;1701;QUITO;345600;-0,234005;-78,508169;HOMBRE;VENEZUELA;11;NIÑOS(AS);MESTIZO/A;25/8/2025;-0,142109;-78,500017;PICHINCHA;ENCONTRADO;CAUSAS PERSONALES;CIRCUNSTANCIAL;DESAPARICIÓN VOLUNTARIA
21/8/2025;22/8/2025;23/8/2025;ZONA 9;ELOY ALFARO - DMQ;CHIMBACALLE;CHIMBACALLE 1;17;PICHINCHA;1701;QUITO;345600;-0,234005;-78,508169;HOMBRE;VENEZUELA;6;NIÑOS(AS);MESTIZO/A;25/8/2025;-0,142109;-78,500017;PICHINCHA;ENCONTRADO;CAUSAS PERSONALES;CIRCUNSTANCIAL;DESAPARICIÓN VOLUNTARIA
21/8/2025;22/8/2025;22/8/2025;ZONA 9;LA DELICIA;COTOCOLLAO;COTOCOLLAO 2;17;PICHINCHA;1701;QUITO;172800;-0,12903;-78,498404;MUJER;ECUADOR;42;ADULTO;MESTIZO/A;23/8/2025;-0,140386;-78,502665;PICHINCHA;ENCONTRADO;CAUSAS PERSONALES;CIRCUNSTANCIAL;DESAPARICIÓN VOLUNTARIA
21/8/2025;22/8/2025;22/8/2025;ZONA 9;MANUELA SÁENZ;CENTRO HISTÓRICO;CENTRO HISTÓRICO 4;17;PICHINCHA;1701;QUITO;86400;-0,22213;-78,505296;MUJER;ECUADOR;27;ADULTO;MESTIZO/A;22/8/2025;-0,140364;-78,50009;PICHINCHA;ENCONTRADO;POSIBLE VINCULACIÓN A DELITO;ROBO (ESCOPOLAMINA U OTRA DROGA ALUCINÓGENA ALTAMENTE TÓXICA);DESAPARICIÓN INVOLUNTARIA
21/8/2025;24/8/2025;24/8/2025;ZONA 9;MANUELA SÁENZ;LA LIBERTAD;LA LIBERTAD 3;17;PICHINCHA;1701;QUITO;432000;-0,220233;-78,524601;MUJER;ECUADOR;13;ADOLESCENTES;MESTIZO/A;26/8/2025;-0,219726;-78,525592;PICHINCHA;ENCONTRADO;CAUSAS PERSONALES;RELACIÓN AFECTIVA;DESAPARICIÓN VOLUNTARIA
20/8/2025;21/8/2025;21/8/2025;ZONA 9;EUGENIO ESPEJO;JIPIJAPA;JIPIJAPA 2;17;PICHINCHA;1701;QUITO;86400;-0,154512;-78,476686;MUJER;VENEZUELA;15;ADOLESCENTES;MESTIZO/A;21/8/2025;-0,154305;-78,476905;PICHINCHA;ENCONTRADO;CAUSAS PERSONALES;CIRCUNSTANCIAL;DESAPARICIÓN VOLUNTARIA
20/8/2025;24/9/2025;24/9/2025;ZONA 9;LA DELICIA;POMASQUI;POMASQUI 1;17;PICHINCHA;1701;QUITO;4147200;-0,0527;-78,455259;HOMBRE;ECUADOR;42;ADULTO;MESTIZO/A;7/10/2025;-0,13299;-78,49967;PICHINCHA;ENCONTRADO;CAUSAS SOCIALES;DROGADICCIÓN;DESAPARICIÓN VOLUNTARIA
19/8/2025;20/8/2025;20/8/2025;ZONA 9;QUITUMBE;CHILLOGALLO;CHILLOGALLO 1;17;PICHINCHA;1701;QUITO;86400;-0,280724;-78,554053;HOMBRE;ECUADOR;48;ADULTO;MESTIZO/A;20/8/2025;-0,14235;-78,499483;PICHINCHA;ENCONTRADO;CAUSAS PERSONALES;CIRCUNSTANCIAL;DESAPARICIÓN VOLUNTARIA
18/8/2025;19/8/2025;19/8/2025;ZONA 9;LOS CHILLOS;CONOCOTO NORTE;CONOCOTO NORTE 5;17;PICHINCHA;1701;QUITO;518400;-0,263084;-78,480062;HOMBRE;ECUADOR;24;ADULTO;MESTIZO/A;24/8/2025;-0,14237;-78,50021;PICHINCHA;ENCONTRADO;CAUSAS SOCIALES;MIGRACIÓN/MOVILIDAD HUMANA;DESAPARICIÓN VOLUNTARIA
18/8/2025;19/8/2025;19/8/2025;ZONA 9;MANUELA SÁENZ;ITCHIMBIA;ITCHIMBIA 4;17;PICHINCHA;1701;QUITO;172800;-0,224662;-78,50418;MUJER;ECUADOR;16;ADOLESCENTES;MESTIZO/A;20/8/2025;-0,251746;-78,521484;PICHINCHA;ENCONTRADO;CAUSAS PERSONALES;CIRCUNSTANCIAL;DESAPARICIÓN VOLUNTARIA
18/8/2025;19/8/2025;20/8/2025;ZONA 9;ELOY ALFARO - DMQ;MAGDALENA;MAGDALENA 3;17;PICHINCHA;1701;QUITO;24796800;-0,247535;-78,520835;MUJER;ECUADOR;17;ADOLESCENTES;MESTIZO/A;1/6/2026;-0,218439;-78,39288;PICHINCHA;ENCONTRADO;CAUSAS PERSONALES;CIRCUNSTANCIAL;DESAPARICIÓN VOLUNTARIA
17/8/2025;17/8/2025;17/8/2025;ZONA 9;MANUELA SÁENZ;SAN JUAN;SAN JUAN 2;17;PICHINCHA;1701;QUITO;0;-0,212107;-78,5101;MUJER;ECUADOR;14;ADOLESCENTES;MESTIZO/A;17/8/2025;-0,210174;-78,487121;PICHINCHA;ENCONTRADO;CAUSAS FAMILIARES;NO RELACIONADOS A VIOLENCIA;DESAPARICIÓN VOLUNTARIA
17/8/2025;20/8/2025;28/8/2025;ZONA 9;TUMBACO;PUEMBO;PUEMBO 1;17;PICHINCHA;1701;QUITO;1036800;-0,158133;-78,373772;HOMBRE;ECUADOR;30;ADULTO;MESTIZO/A;29/8/2025;-0,258068;-78,451862;PICHINCHA;ENCONTRADO;POSIBLE VINCULACIÓN A DELITO;ROBO (ESCOPOLAMINA U OTRA DROGA ALUCINÓGENA ALTAMENTE TÓXICA);DESAPARICIÓN INVOLUNTARIA
16/8/2025;12/9/2025;15/9/2025;ZONA 9;CALDERÓN;LOS LLANOS;LOS LLANOS 1;17;PICHINCHA;1701;QUITO;3196800;-0,112206;-78,427555;MUJER;ECUADOR;21;ADULTO;MESTIZO/A;22/9/2025;-0,123299;-78,426681;PICHINCHA;ENCONTRADO;CAUSAS PERSONALES;RELACIÓN AFECTIVA;DESAPARICIÓN VOLUNTARIA
16/8/2025;17/8/2025;17/8/2025;ZONA 9;QUITUMBE;ECUATORIANA;ECUATORIANA 2;17;PICHINCHA;1701;QUITO;86400;-0,29401;-78,575169;MUJER;ECUADOR;17;ADOLESCENTES;MESTIZO/A;17/8/2025;-0,286305;-78,57187;PICHINCHA;ENCONTRADO;CAUSAS FAMILIARES;NO RELACIONADOS A VIOLENCIA;DESAPARICIÓN VOLUNTARIA
16/8/2025;17/8/2025;17/8/2025;ZONA 9;MANUELA SÁENZ;LA LIBERTAD;LA LIBERTAD 3;17;PICHINCHA;1701;QUITO;345600;-0,222011;-78,524671;HOMBRE;ECUADOR;49;ADULTO;MESTIZO/A;20/8/2025;-0,081361;-78,512236;PICHINCHA;ENCONTRADO;CAUSAS FAMILIARES;NO RELACIONADOS A VIOLENCIA;DESAPARICIÓN VOLUNTARIA
15/8/2025;16/8/2025;16/8/2025;ZONA 9;MANUELA SÁENZ;CENTRO HISTÓRICO;CENTRO HISTÓRICO 1;17;PICHINCHA;1701;QUITO;172800;-0,225211;-78,509763;MUJER;ECUADOR;13;ADOLESCENTES;MESTIZO/A;17/8/2025;-0,142305;-78,500068;PICHINCHA;ENCONTRADO;CAUSAS PERSONALES;CIRCUNSTANCIAL;DESAPARICIÓN VOLUNTARIA
15/8/2025;16/8/2025;16/8/2025;ZONA 9;EUGENIO ESPEJO;COCHAPAMBA;COCHAPAMBA 4;17;PICHINCHA;1701;QUITO;86400;-0,137518;-78,537459;HOMBRE;ECUADOR;32;ADULTO;MESTIZO/A;16/8/2025;-0,1374;-78,479851;PICHINCHA;ENCONTRADO;CAUSAS SOCIALES;ALCOHOLISMO;DESAPARICIÓN VOLUNTARIA
14/8/2025;14/8/2025;14/8/2025;ZONA 9;EUGENIO ESPEJO;EL BOSQUE;EL BOSQUE 4;17;PICHINCHA;1701;QUITO;86400;-0,183915;-78,498974;MUJER;ECUADOR;20;ADULTO;MESTIZO/A;15/8/2025;-0,121207;-78,468115;PICHINCHA;ENCONTRADO;CAUSAS PERSONALES;CIRCUNSTANCIAL;DESAPARICIÓN VOLUNTARIA
14/8/2025;16/8/2025;16/8/2025;ZONA 9;LA DELICIA;SAN ANTONIO ALTO;SAN ANTONIO ALTO 1;17;PICHINCHA;1701;QUITO;259200;0,015717;-78,43876;HOMBRE;ECUADOR;51;ADULTO;MESTIZO/A;17/8/2025;0,003133;-78,446374;PICHINCHA;ENCONTRADO;CAUSAS PERSONALES;CIRCUNSTANCIAL;DESAPARICIÓN VOLUNTARIA
14/8/2025;15/8/2025;15/8/2025;ZONA 9;QUITUMBE;CHILLOGALLO;CHILLOGALLO 1;17;PICHINCHA;1701;QUITO;172800;-0,277661;-78,556975;HOMBRE;ECUADOR;13;ADOLESCENTES;MESTIZO/A;16/8/2025;-1,591056;-78,998451;BOLIVAR;ENCONTRADO;CAUSAS PERSONALES;CIRCUNSTANCIAL;DESAPARICIÓN VOLUNTARIA
14/8/2025;15/8/2025;15/8/2025;ZONA 9;EUGENIO ESPEJO;LA MARISCAL;LA MARISCAL 6;17;PICHINCHA;1701;QUITO;86400;-0,209892;-78,490416;HOMBRE;ECUADOR;19;ADULTO;MESTIZO/A;15/8/2025;-0,285752;-78,564437;PICHINCHA;ENCONTRADO;CAUSAS PERSONALES;CIRCUNSTANCIAL;DESAPARICIÓN VOLUNTARIA
14/8/2025;15/8/2025;15/8/2025;ZONA 9;TUMBACO;TUMBACO SUR;TUMBACO SUR 1;17;PICHINCHA;1701;QUITO;86400;-0,214447;-78,418458;MUJER;ECUADOR;82;ADULTO MAYOR;MESTIZO/A;15/8/2025;-0,289768;-78,482239;PICHINCHA;ENCONTRADO;CAUSAS PERSONALES;CIRCUNSTANCIAL;DESAPARICIÓN VOLUNTARIA
14/8/2025;15/8/2025;15/8/2025;ZONA 9;LA DELICIA;LA ROLDÓS;LA ROLDÓS 1;17;PICHINCHA;1701;QUITO;86400;-0,089543;-78,49142;MUJER;ECUADOR;17;ADOLESCENTES;MESTIZO/A;15/8/2025;-0,075095;-78,466115;PICHINCHA;ENCONTRADO;CAUSAS PERSONALES;CIRCUNSTANCIAL;DESAPARICIÓN VOLUNTARIA
14/8/2025;14/8/2025;20/8/2025;ZONA 9;TUMBACO;QUINCHE;QUINCHE 2;17;PICHINCHA;1701;QUITO;518400;-0,087272;-78,311809;MUJER;ECUADOR;15;ADOLESCENTES;MESTIZO/A;20/8/2025;-0,321145;-79,175677;SANTO DOMINGO DE LOS TSACHILAS;ENCONTRADO;CAUSAS PERSONALES;RELACIÓN AFECTIVA;DESAPARICIÓN VOLUNTARIA
14/8/2025;18/8/2025;19/8/2025;ZONA 9;CALDERÓN;OYACOTO;OYACOTO 1;17;PICHINCHA;1701;QUITO;950400;-0,105294;-78,398654;MUJER;ECUADOR;29;ADULTO;MESTIZO/A;25/8/2025;-0,081342;-78,434414;PICHINCHA;ENCONTRADO;CAUSAS FAMILIARES;NO RELACIONADOS A VIOLENCIA;DESAPARICIÓN VOLUNTARIA
12/8/2025;12/8/2025;12/8/2025;ZONA 9;LA DELICIA;POMASQUI;POMASQUI 2;17;PICHINCHA;1701;QUITO;345600;-0,067754;-78,474572;MUJER;ECUADOR;17;ADOLESCENTES;MESTIZO/A;16/8/2025;-0,06612;-78,472416;PICHINCHA;ENCONTRADO;CAUSAS PERSONALES;CIRCUNSTANCIAL;DESAPARICIÓN VOLUNTARIA
11/8/2025;3/9/2025;11/9/2025;ZONA 9;QUITUMBE;LAS CUADRAS;LAS CUADRAS 3;17;PICHINCHA;1701;QUITO;3715200;-0,292124;-78,548375;MUJER;ECUADOR;18;ADULTO;MESTIZO/A;23/9/2025;-0,11014;-78,448297;PICHINCHA;ENCONTRADO;CAUSAS FAMILIARES;NO RELACIONADOS A VIOLENCIA;DESAPARICIÓN VOLUNTARIA
11/8/2025;12/8/2025;12/8/2025;ZONA 9;TUMBACO;PIFO;PIFO 2;17;PICHINCHA;1701;QUITO;86400;-0,225882;-78,341347;HOMBRE;ECUADOR;13;ADOLESCENTES;MESTIZO/A;12/8/2025;-0,219583;-78,416352;PICHINCHA;ENCONTRADO;CAUSAS PERSONALES;CIRCUNSTANCIAL;DESAPARICIÓN VOLUNTARIA
11/8/2025;12/8/2025;12/8/2025;ZONA 9;EUGENIO ESPEJO;DAMMER;DAMMER 2;17;PICHINCHA;1701;QUITO;604800;-0,158975;-78,484594;MUJER;ECUADOR;28;ADULTO;MESTIZO/A;18/8/2025;-0,158782;-78,462505;PICHINCHA;ENCONTRADO;CAUSAS PERSONALES;CIRCUNSTANCIAL;DESAPARICIÓN VOLUNTARIA
11/8/2025;12/8/2025;12/8/2025;ZONA 9;EUGENIO ESPEJO;DAMMER;DAMMER 2;17;PICHINCHA;1701;QUITO;864000;-0,158975;-78,484594;MUJER;ECUADOR;18;ADULTO;MESTIZO/A;21/8/2025;-0,158782;-78,462505;PICHINCHA;ENCONTRADO;CAUSAS PERSONALES;CIRCUNSTANCIAL;DESAPARICIÓN VOLUNTARIA
11/8/2025;14/8/2025;14/8/2025;ZONA 9;QUITUMBE;ECUATORIANA;ECUATORIANA 4;17;PICHINCHA;1701;QUITO;604800;-0,308986;-78,567998;HOMBRE;ECUADOR;13;ADOLESCENTES;AFRO;18/8/2025;-0,308986;-78,567998;PICHINCHA;ENCONTRADO;CAUSAS PERSONALES;CIRCUNSTANCIAL;DESAPARICIÓN VOLUNTARIA
10/8/2025;10/8/2025;10/8/2025;ZONA 9;EUGENIO ESPEJO;COCHAPAMBA;COCHAPAMBA 4;17;PICHINCHA;1701;QUITO;0;-0,126012;-78,511993;HOMBRE;ECUADOR;79;ADULTO MAYOR;MESTIZO/A;10/8/2025;-0,115671;-78,520862;PICHINCHA;ENCONTRADO;EXTRAVIADO - DISCAPACIDAD / ENFERMEDADES / TRASTORNOS;DISCAPACIDAD INTELECTUAL;EXTRAVÍO
10/8/2025;10/8/2025;10/8/2025;ZONA 9;LA DELICIA;LA ROLDÓS;LA ROLDÓS 3;17;PICHINCHA;1701;QUITO;86400;-0,089629;-78,516637;HOMBRE;ECUADOR;92;ADULTO MAYOR;MESTIZO/A;11/8/2025;-0,088642;-78,555864;PICHINCHA;ENCONTRADO;CAUSAS PERSONALES;CIRCUNSTANCIAL;DESAPARICIÓN VOLUNTARIA
10/8/2025;11/8/2025;11/8/2025;ZONA 9;EUGENIO ESPEJO;SAN ISIDRO DEL INCA;SAN ISIDRO DEL INCA 1;17;PICHINCHA;1701;QUITO;172800;-0,126494;-78,465388;MUJER;ECUADOR;16;ADOLESCENTES;MESTIZO/A;12/8/2025;-0,118331;-78,466721;PICHINCHA;ENCONTRADO;CAUSAS FAMILIARES;NO RELACIONADOS A VIOLENCIA;DESAPARICIÓN VOLUNTARIA
10/8/2025;10/8/2025;10/8/2025;ZONA 9;ELOY ALFARO - DMQ;ARGELIA;ARGELIA 1;17;PICHINCHA;1701;QUITO;0;-0,276959;-78,526698;MUJER;ECUADOR;15;ADOLESCENTES;MESTIZO/A;10/8/2025;-0,27365;-78,532695;PICHINCHA;ENCONTRADO;CAUSAS PERSONALES;CIRCUNSTANCIAL;DESAPARICIÓN VOLUNTARIA
10/8/2025;18/8/2025;18/8/2025;ZONA 9;LA DELICIA;CARCELÉN;CARCELÉN 4;17;PICHINCHA;1701;QUITO;1382400;-0,083164;-78,454184;MUJER;ECUADOR;17;ADOLESCENTES;MESTIZO/A;26/8/2025;-0,218975;-78,436249;PICHINCHA;ENCONTRADO;CAUSAS SOCIALES;ALCOHOLISMO;DESAPARICIÓN VOLUNTARIA
10/8/2025;1/9/2025;3/9/2025;ZONA 9;EUGENIO ESPEJO;COCHAPAMBA;COCHAPAMBA 3;17;PICHINCHA;1701;QUITO;3024000;-0,138196;-78,5089;HOMBRE;ECUADOR;48;ADULTO;MESTIZO/A;14/9/2025;-0,128059;-78,528268;PICHINCHA;ENCONTRADO;EXTRAVIADO - DISCAPACIDAD / ENFERMEDADES / TRASTORNOS;DISCAPACIDAD FÍSICA;EXTRAVÍO
9/8/2025;28/8/2025;29/8/2025;ZONA 9;EUGENIO ESPEJO;IÑAQUITO;IÑAQUITO 3;17;PICHINCHA;1701;QUITO;1728000;-0,183952;-78,484573;HOMBRE;VENEZUELA;28;ADULTO;MESTIZO/A;29/8/2025;-0,183898;-78,484348;PICHINCHA;ENCONTRADO;CAUSAS PERSONALES;CIRCUNSTANCIAL;DESAPARICIÓN VOLUNTARIA
9/8/2025;12/8/2025;12/8/2025;ZONA 9;EUGENIO ESPEJO;COCHAPAMBA;COCHAPAMBA 1;17;PICHINCHA;1701;QUITO;259200;-0,157571;-78,499981;HOMBRE;ECUADOR;23;ADULTO;MESTIZO/A;12/8/2025;-0,182044;-78,503949;PICHINCHA;FALLECIDO;FALLECIDO;SIN_DATO;DESAPARICIÓN INVOLUNTARIA
9/8/2025;12/8/2025;12/8/2025;ZONA 9;EUGENIO ESPEJO;COCHAPAMBA;COCHAPAMBA 1;17;PICHINCHA;1701;QUITO;259200;-0,157571;-78,499981;HOMBRE;ECUADOR;23;ADULTO;MESTIZO/A;12/8/2025;-0,182044;-78,503949;PICHINCHA;FALLECIDO;FALLECIDO;SIN_DATO;DESAPARICIÓN INVOLUNTARIA
9/8/2025;9/8/2025;9/8/2025;ZONA 9;ELOY ALFARO - DMQ;MAGDALENA;MAGDALENA 1;17;PICHINCHA;1701;QUITO;0;-0,239292;-78,524616;HOMBRE;ECUADOR;86;ADULTO MAYOR;MESTIZO/A;9/8/2025;-0,224217;-78,515427;PICHINCHA;ENCONTRADO;CAUSAS PERSONALES;CIRCUNSTANCIAL;DESAPARICIÓN VOLUNTARIA
9/8/2025;10/8/2025;10/8/2025;ZONA 9;CALDERÓN;SAN JUAN DE CALDERÓN;SAN JUAN DE CALDERÓN 1;17;PICHINCHA;1701;QUITO;172800;-0,076974;-78,431727;HOMBRE;ECUADOR;74;ADULTO MAYOR;MESTIZO/A;11/8/2025;-0,11521;-78,483174;PICHINCHA;ENCONTRADO;CAUSAS SOCIALES;ALCOHOLISMO;DESAPARICIÓN VOLUNTARIA
9/8/2025;10/8/2025;10/8/2025;ZONA 9;EUGENIO ESPEJO;COCHAPAMBA;COCHAPAMBA 4;17;PICHINCHA;1701;QUITO;86400;-0,128226;-78,514582;MUJER;ECUADOR;16;ADOLESCENTES;AFRO;10/8/2025;-0,128703;-78,516771;PICHINCHA;ENCONTRADO;CAUSAS SOCIALES;ALCOHOLISMO;DESAPARICIÓN VOLUNTARIA
9/8/2025;10/8/2025;10/8/2025;ZONA 9;EUGENIO ESPEJO;NAYON;NAYON 1;17;PICHINCHA;1701;QUITO;86400;-0,157107;-78,438883;MUJER;ECUADOR;16;ADOLESCENTES;MESTIZO/A;10/8/2025;-0,172467;-78,451118;PICHINCHA;ENCONTRADO;CAUSAS FAMILIARES;NO RELACIONADOS A VIOLENCIA;DESAPARICIÓN VOLUNTARIA
8/8/2025;12/8/2025;12/8/2025;ZONA 9;QUITUMBE;CHILLOGALLO;CHILLOGALLO 3;17;PICHINCHA;1701;QUITO;1468800;-0,284414;-78,566418;MUJER;ECUADOR;15;ADOLESCENTES;MESTIZO/A;25/8/2025;-0,323799;-78,571647;PICHINCHA;ENCONTRADO;CAUSAS FAMILIARES;NO RELACIONADOS A VIOLENCIA;DESAPARICIÓN VOLUNTARIA
7/8/2025;12/8/2025;12/8/2025;ZONA 9;MANUELA SÁENZ;PANECILLO;PANECILLO 3;17;PICHINCHA;1701;QUITO;3110400;-0,22583;-78,514576;MUJER;ECUADOR;14;ADOLESCENTES;INDIGENA;12/9/2025;-0,217959;-78,513071;PICHINCHA;ENCONTRADO;CAUSAS FAMILIARES;NO RELACIONADOS A VIOLENCIA;DESAPARICIÓN VOLUNTARIA
7/8/2025;7/8/2025;11/8/2025;ZONA 9;TUMBACO;PUEMBO;PUEMBO 1;17;PICHINCHA;1701;QUITO;1987200;-0,17423;-78,356247;MUJER;ECUADOR;17;ADOLESCENTES;MESTIZO/A;30/8/2025;-0,141393;-78,502732;PICHINCHA;ENCONTRADO;CAUSAS FAMILIARES;NO RELACIONADOS A VIOLENCIA;DESAPARICIÓN VOLUNTARIA
7/8/2025;12/8/2025;15/8/2025;ZONA 9;ELOY ALFARO - DMQ;ARGELIA;ARGELIA 5;17;PICHINCHA;1701;QUITO;3628800;-0,292337;-78,528349;MUJER;ECUADOR;17;ADOLESCENTES;MESTIZO/A;18/9/2025;-0,298404;-78,550856;PICHINCHA;ENCONTRADO;CAUSAS PERSONALES;CIRCUNSTANCIAL;DESAPARICIÓN VOLUNTARIA
6/8/2025;15/8/2025;18/8/2025;ZONA 9;ELOY ALFARO - DMQ;SANTA ANITA;SANTA ANITA 3;17;PICHINCHA;1701;QUITO;1209600;-0,255883;-78,532802;HOMBRE;ECUADOR;26;ADULTO;MESTIZO/A;20/8/2025;-0,143816;-78,498434;PICHINCHA;ENCONTRADO;CAUSAS ECONÓMICAS;DEUDAS;DESAPARICIÓN VOLUNTARIA
5/8/2025;26/8/2025;27/8/2025;ZONA 9;TUMBACO;CUMBAYÁ SUR;CUMBAYÁ SUR 2;17;PICHINCHA;1701;QUITO;3542400;-0,213636;-78,435957;HOMBRE;ECUADOR;71;ADULTO MAYOR;MESTIZO/A;15/9/2025;-0,181704;-78,506952;PICHINCHA;FALLECIDO;FALLECIDO;ACCIDENTAL;DESAPARICIÓN INVOLUNTARIA
5/8/2025;6/8/2025;6/8/2025;ZONA 9;ELOY ALFARO - DMQ;MENA;MENA 2;17;PICHINCHA;1701;QUITO;777600;-0,257477;-78,551153;MUJER;ECUADOR;49;ADULTO;MESTIZO/A;14/8/2025;-0,226215;-78,513216;PICHINCHA;ENCONTRADO;CAUSAS ECONÓMICAS;DEUDAS;DESAPARICIÓN VOLUNTARIA
5/8/2025;4/11/2025;4/11/2025;ZONA 9;MANUELA SÁENZ;LA LIBERTAD;LA LIBERTAD 3;17;PICHINCHA;1701;QUITO;23500800;-0,220218;-78,524143;HOMBRE;ECUADOR;33;ADULTO;MESTIZO/A;4/5/2026;-0,142417;-78,500128;PICHINCHA;ENCONTRADO;CAUSAS PERSONALES;CIRCUNSTANCIAL;DESAPARICIÓN VOLUNTARIA
4/8/2025;6/8/2025;8/8/2025;ZONA 9;LA DELICIA;CARCELÉN;CARCELÉN 2;17;PICHINCHA;1701;QUITO;1987200;-0,084362;-78,476374;MUJER;ECUADOR;51;ADULTO;MESTIZO/A;27/8/2025;-0,089253;-78,470163;PICHINCHA;ENCONTRADO;CAUSAS SOCIALES;ALCOHOLISMO;DESAPARICIÓN VOLUNTARIA
4/8/2025;4/8/2025;4/8/2025;ZONA 9;LA DELICIA;LA ROLDÓS;LA ROLDÓS 2;17;PICHINCHA;1701;QUITO;6307200;-0,083994;-78,510265;MUJER;ECUADOR;16;ADOLESCENTES;MESTIZO/A;16/10/2025;-1,666081;-78,699219;CHIMBORAZO;ENCONTRADO;CAUSAS PERSONALES;CIRCUNSTANCIAL;DESAPARICIÓN VOLUNTARIA
4/8/2025;5/8/2025;5/8/2025;ZONA 9;QUITUMBE;TURUBAMBA;TURUBAMBA 3;17;PICHINCHA;1701;QUITO;345600;-0,328001;-78,539037;MUJER;ECUADOR;16;ADOLESCENTES;MESTIZO/A;8/8/2025;-0,142211;-78,499847;PICHINCHA;ENCONTRADO;CAUSAS PERSONALES;CIRCUNSTANCIAL;DESAPARICIÓN VOLUNTARIA
3/8/2025;3/8/2025;5/8/2025;ZONA 9;EUGENIO ESPEJO;DAMMER;DAMMER 1;17;PICHINCHA;1701;QUITO;172800;-0,153461;-78,467518;HOMBRE;ECUADOR;59;ADULTO;MESTIZO/A;5/8/2025;-0,127269;-78,497637;PICHINCHA;ENCONTRADO;EXTRAVIADO - AUSENCIA TEMPORAL;HOSPITALIZADO;EXTRAVÍO
3/8/2025;4/8/2025;4/8/2025;ZONA 9;ELOY ALFARO - DMQ;SOLANDA;SOLANDA 4;17;PICHINCHA;1701;QUITO;172800;-0,268528;-78,54006;HOMBRE;ECUADOR;44;ADULTO;MESTIZO/A;5/8/2025;-0,181319;-78,504541;PICHINCHA;FALLECIDO;FALLECIDO;ACCIDENTAL;DESAPARICIÓN INVOLUNTARIA
2/8/2025;3/8/2025;3/8/2025;ZONA 9;ELOY ALFARO - DMQ;FERROVIARIA;FERROVIARIA 1;17;PICHINCHA;1701;QUITO;86400;-0,26083;-78,51909;MUJER;ECUADOR;22;ADULTO;MESTIZO/A;3/8/2025;-0,11892;-78,465177;PICHINCHA;ENCONTRADO;CAUSAS PERSONALES;CIRCUNSTANCIAL;DESAPARICIÓN VOLUNTARIA
2/8/2025;4/8/2025;4/8/2025;ZONA 9;MANUELA SÁENZ;SAN JUAN;SAN JUAN 3;17;PICHINCHA;1701;QUITO;259200;-0,209098;-78,510495;HOMBRE;ECUADOR;37;ADULTO;MESTIZO/A;5/8/2025;-0,195207;-78,50896;PICHINCHA;ENCONTRADO;CAUSAS PERSONALES;CIRCUNSTANCIAL;DESAPARICIÓN VOLUNTARIA
2/8/2025;2/8/2025;2/8/2025;ZONA 9;EUGENIO ESPEJO;EL BOSQUE;EL BOSQUE 5;17;PICHINCHA;1701;QUITO;432000;-0,173547;-78,500944;HOMBRE;ECUADOR;89;ADULTO MAYOR;MESTIZO/A;7/8/2025;-0,944372;-80,740231;MANABI;ENCONTRADO;CAUSAS PERSONALES;CIRCUNSTANCIAL;DESAPARICIÓN VOLUNTARIA
2/8/2025;13/8/2025;14/8/2025;ZONA 9;ELOY ALFARO - DMQ;SOLANDA;SOLANDA 2;17;PICHINCHA;1701;QUITO;3196800;-0,272367;-78,539142;HOMBRE;ECUADOR;40;ADULTO;INDIGENA;8/9/2025;-0,36571;-78,553092;PICHINCHA;ENCONTRADO;CAUSAS SOCIALES;ALCOHOLISMO;DESAPARICIÓN VOLUNTARIA
2/8/2025;15/8/2025;15/8/2025;ZONA 9;QUITUMBE;ECUATORIANA;ECUATORIANA 4;17;PICHINCHA;1701;QUITO;3974400;-0,314108;-78,569491;MUJER;ECUADOR;14;ADOLESCENTES;INDIGENA;17/9/2025;-0,269217;-78,565024;PICHINCHA;ENCONTRADO;POSIBLE VINCULACIÓN A DELITO;ABUSO SEXUAL;DESAPARICIÓN INVOLUNTARIA
1/8/2025;2/8/2025;2/8/2025;ZONA 9;LA DELICIA;LA ROLDÓS;LA ROLDÓS 2;17;PICHINCHA;1701;QUITO;259200;-0,093123;-78,508595;HOMBRE;ECUADOR;47;ADULTO;MESTIZO/A;4/8/2025;-0,239159;-79,172761;SANTO DOMINGO DE LOS TSACHILAS;ENCONTRADO;POSIBLE VINCULACIÓN A DELITO;ROBO (ESCOPOLAMINA U OTRA DROGA ALUCINÓGENA ALTAMENTE TÓXICA);DESAPARICIÓN INVOLUNTARIA
1/8/2025;2/8/2025;2/8/2025;ZONA 9;TUMBACO;PIFO;PIFO 2;17;PICHINCHA;1701;QUITO;259200;-0,222507;-78,349855;MUJER;ECUADOR;16;ADOLESCENTES;MESTIZO/A;4/8/2025;-0,142144;-78,503152;PICHINCHA;ENCONTRADO;CAUSAS FAMILIARES;NO RELACIONADOS A VIOLENCIA;DESAPARICIÓN VOLUNTARIA
1/8/2025;1/8/2025;1/8/2025;ZONA 9;CALDERÓN;BICENTENARIO;BICENTENARIO 2;17;PICHINCHA;1701;QUITO;86400;-0,08277;-78,437064;HOMBRE;ECUADOR;19;ADULTO;MESTIZO/A;2/8/2025;-0,284759;-78,566094;PICHINCHA;ENCONTRADO;CAUSAS FAMILIARES;NO RELACIONADOS A VIOLENCIA;DESAPARICIÓN VOLUNTARIA
1/8/2025;2/8/2025;2/8/2025;ZONA 9;LA DELICIA;SAN ANTONIO BAJO;SAN ANTONIO BAJO 1;17;PICHINCHA;1701;QUITO;86400;-0,005236;-78,454252;HOMBRE;ECUADOR;40;ADULTO;MESTIZO/A;2/8/2025;-0,068321;-78,353523;PICHINCHA;ENCONTRADO;CAUSAS SOCIALES;ALCOHOLISMO;DESAPARICIÓN VOLUNTARIA
1/8/2025;3/8/2025;3/8/2025;ZONA 9;LA DELICIA;SAN ANTONIO BAJO;SAN ANTONIO BAJO 1;17;PICHINCHA;1701;QUITO;172800;-0,002307;-78,45568;HOMBRE;ECUADOR;57;ADULTO;MESTIZO/A;3/8/2025;-0,976663;-80,689597;MANABI;ENCONTRADO;POSIBLE VINCULACIÓN A DELITO;ROBO (ESCOPOLAMINA U OTRA DROGA ALUCINÓGENA ALTAMENTE TÓXICA);DESAPARICIÓN INVOLUNTARIA
1/8/2025;3/8/2025;3/8/2025;ZONA 9;LA DELICIA;SAN ANTONIO BAJO;SAN ANTONIO BAJO 1;17;PICHINCHA;1701;QUITO;172800;-0,002307;-78,45568;MUJER;ECUADOR;55;ADULTO;MESTIZO/A;3/8/2025;-0,976663;-80,689597;MANABI;ENCONTRADO;POSIBLE VINCULACIÓN A DELITO;ROBO (ESCOPOLAMINA U OTRA DROGA ALUCINÓGENA ALTAMENTE TÓXICA);DESAPARICIÓN INVOLUNTARIA
1/8/2025;3/8/2025;3/8/2025;ZONA 9;EUGENIO ESPEJO;JIPIJAPA;JIPIJAPA 3;17;PICHINCHA;1701;QUITO;172800;-0,156015;-78,463021;HOMBRE;ECUADOR;68;ADULTO MAYOR;MESTIZO/A;3/8/2025;-0,156045;-78,46303;PICHINCHA;ENCONTRADO;CAUSAS PERSONALES;CIRCUNSTANCIAL;DESAPARICIÓN VOLUNTARIA
1/8/2025;7/8/2025;7/8/2025;ZONA 9;MANUELA SÁENZ;CENTRO HISTÓRICO;CENTRO HISTÓRICO 4;17;PICHINCHA;1701;QUITO;864000;-0,219492;-78,510119;HOMBRE;ECUADOR;38;ADULTO;MESTIZO/A;11/8/2025;-0,373794;-78,374232;PICHINCHA;ENCONTRADO;CAUSAS SOCIALES;ALCOHOLISMO;DESAPARICIÓN VOLUNTARIA
31/7/2025;1/8/2025;1/8/2025;ZONA 9;EUGENIO ESPEJO;DAMMER;DAMMER 2;17;PICHINCHA;1701;QUITO;345600;-0,15534;-78,483367;HOMBRE;ECUADOR;60;ADULTO;MESTIZO/A;4/8/2025;-0,156122;-78,486412;PICHINCHA;ENCONTRADO;CAUSAS PERSONALES;CIRCUNSTANCIAL;DESAPARICIÓN VOLUNTARIA
31/7/2025;1/8/2025;1/8/2025;ZONA 9;MANUELA SÁENZ;SAN JUAN;SAN JUAN 1;17;PICHINCHA;1701;QUITO;86400;-0,212607;-78,503427;MUJER;ECUADOR;33;ADULTO;MESTIZO/A;1/8/2025;-0,142501;-78,499873;PICHINCHA;ENCONTRADO;CAUSAS PERSONALES;CIRCUNSTANCIAL;DESAPARICIÓN VOLUNTARIA
31/7/2025;31/7/2025;31/7/2025;ZONA 9;MANUELA SÁENZ;LA LIBERTAD;LA LIBERTAD 1;17;PICHINCHA;1701;QUITO;0;-0,22839;-78,526118;MUJER;ECUADOR;22;ADULTO;MESTIZO/A;31/7/2025;-0,280249;-78,563484;PICHINCHA;ENCONTRADO;CAUSAS PERSONALES;CIRCUNSTANCIAL;DESAPARICIÓN VOLUNTARIA
31/7/2025;1/8/2025;1/8/2025;ZONA 9;QUITUMBE;GUAMANÍ;GUAMANÍ 4;17;PICHINCHA;1701;QUITO;86400;-0,349588;-78,556042;HOMBRE;ECUADOR;15;ADOLESCENTES;MESTIZO/A;1/8/2025;-0,328154;-78,565189;PICHINCHA;ENCONTRADO;CAUSAS PERSONALES;CIRCUNSTANCIAL;DESAPARICIÓN VOLUNTARIA
31/7/2025;1/8/2025;1/8/2025;ZONA 9;LA DELICIA;EL MIRADOR;EL MIRADOR 2;17;PICHINCHA;1701;QUITO;345600;-0,12055;-78,467526;HOMBRE;ECUADOR;24;ADULTO;MESTIZO/A;4/8/2025;-0,206876;-78,497712;PICHINCHA;ENCONTRADO;CAUSAS SOCIALES;GRUPOS DELICTIVOS ORGANIZADOS/GDOS/PANDILLAS/MAFIAS/CARTELES;DESAPARICIÓN INVOLUNTARIA
31/7/2025;31/7/2025;31/7/2025;ZONA 9;EUGENIO ESPEJO;LAS CASAS;LAS CASAS 2;17;PICHINCHA;1701;QUITO;345600;-0,179997;-78,517086;MUJER;ECUADOR;95;ADULTO MAYOR;INDIGENA;4/8/2025;-0,208579;-78,512832;PICHINCHA;ENCONTRADO;CAUSAS PERSONALES;CIRCUNSTANCIAL;DESAPARICIÓN VOLUNTARIA
31/7/2025;1/8/2025;1/8/2025;ZONA 9;LA DELICIA;SAN ANTONIO ALTO;SAN ANTONIO ALTO 1;17;PICHINCHA;1701;QUITO;86400;0,010968;-78,467137;MUJER;ECUADOR;22;ADULTO;MESTIZO/A;1/8/2025;0,120268;-79,250166;PICHINCHA;ENCONTRADO;CAUSAS PERSONALES;CIRCUNSTANCIAL;DESAPARICIÓN VOLUNTARIA
30/7/2025;31/7/2025;31/7/2025;ZONA 9;EUGENIO ESPEJO;AEROPUERTO;AEROPUERTO 3;17;PICHINCHA;1701;QUITO;1296000;-0,142732;-78,494812;MUJER;ECUADOR;29;ADULTO;MESTIZO/A;14/8/2025;-0,125469;-78,516668;PICHINCHA;ENCONTRADO;CAUSAS PERSONALES;CIRCUNSTANCIAL;DESAPARICIÓN VOLUNTARIA
30/7/2025;6/8/2025;9/8/2025;ZONA 9;QUITUMBE;ECUATORIANA;ECUATORIANA 1;17;PICHINCHA;1701;QUITO;2851200;-0,294785;-78,560849;MUJER;ECUADOR;14;ADOLESCENTES;MESTIZO/A;1/9/2025;-0,298937;-78,565548;PICHINCHA;ENCONTRADO;CAUSAS PERSONALES;CIRCUNSTANCIAL;DESAPARICIÓN VOLUNTARIA
29/7/2025;4/8/2025;6/8/2025;ZONA 9;ELOY ALFARO - DMQ;ARGELIA;ARGELIA 6;17;PICHINCHA;1701;QUITO;1900800;-0,279863;-78,513318;HOMBRE;ECUADOR;30;ADULTO;MESTIZO/A;20/8/2025;-0,092294;-78,504904;PICHINCHA;ENCONTRADO;CAUSAS SOCIALES;DROGADICCIÓN;DESAPARICIÓN VOLUNTARIA
29/7/2025;29/7/2025;29/7/2025;ZONA 9;LA DELICIA;CARCELÉN;CARCELÉN 1;17;PICHINCHA;1701;QUITO;1728000;-0,091058;-78,472578;MUJER;ECUADOR;16;ADOLESCENTES;MESTIZO/A;18/8/2025;0,036757;-78,168358;PICHINCHA;ENCONTRADO;CAUSAS PERSONALES;CIRCUNSTANCIAL;DESAPARICIÓN VOLUNTARIA
28/7/2025;28/7/2025;28/7/2025;ZONA 9;EUGENIO ESPEJO;LAS CASAS;LAS CASAS 2;17;PICHINCHA;1701;QUITO;86400;-0,186435;-78,509299;MUJER;ECUADOR;14;ADOLESCENTES;MESTIZO/A;29/7/2025;-0,186859;-78,508369;PICHINCHA;ENCONTRADO;CAUSAS FAMILIARES;NO RELACIONADOS A VIOLENCIA;DESAPARICIÓN VOLUNTARIA
28/7/2025;28/7/2025;28/7/2025;ZONA 9;EUGENIO ESPEJO;LAS CASAS;LAS CASAS 2;17;PICHINCHA;1701;QUITO;86400;-0,186435;-78,509299;MUJER;ECUADOR;11;NIÑOS(AS);MESTIZO/A;29/7/2025;-0,186859;-78,508369;PICHINCHA;ENCONTRADO;CAUSAS FAMILIARES;NO RELACIONADOS A VIOLENCIA;DESAPARICIÓN VOLUNTARIA
28/7/2025;28/7/2025;28/7/2025;ZONA 9;EUGENIO ESPEJO;UNIVERSITARIO;UNIVERSITARIO 3;17;PICHINCHA;1701;QUITO;86400;-0,189621;-78,517817;MUJER;ECUADOR;20;ADULTO;MESTIZO/A;29/7/2025;-0,183263;-78,513755;PICHINCHA;ENCONTRADO;CAUSAS PERSONALES;CIRCUNSTANCIAL;DESAPARICIÓN VOLUNTARIA
28/7/2025;29/7/2025;29/7/2025;ZONA 9;QUITUMBE;ECUATORIANA;ECUATORIANA 3;17;PICHINCHA;1701;QUITO;8640000;-0,312345;-78,56596;HOMBRE;ECUADOR;23;ADULTO;MESTIZO/A;5/11/2025;-0,311744;-78,56596;PICHINCHA;ENCONTRADO;CAUSAS FAMILIARES;NO RELACIONADOS A VIOLENCIA;DESAPARICIÓN VOLUNTARIA
28/7/2025;29/7/2025;29/7/2025;ZONA 9;TUMBACO;TABABELA;TABABELA 1;17;PICHINCHA;1701;QUITO;172800;-0,159509;-78,347373;HOMBRE;ECUADOR;34;ADULTO;INDIGENA;30/7/2025;-0,51206;-78,569391;PICHINCHA;ENCONTRADO;EXTRAVIADO - DISCAPACIDAD / ENFERMEDADES / TRASTORNOS;DISCAPACIDAD INTELECTUAL;EXTRAVÍO
28/7/2025;28/7/2025;28/7/2025;ZONA 9;LA DELICIA;LA ROLDÓS;LA ROLDÓS 2;17;PICHINCHA;1701;QUITO;172800;-0,091699;-78,502639;MUJER;ECUADOR;15;ADOLESCENTES;MULATO/A;30/7/2025;-0,106172;-78,516027;PICHINCHA;ENCONTRADO;CAUSAS PERSONALES;CIRCUNSTANCIAL;DESAPARICIÓN VOLUNTARIA
28/7/2025;28/7/2025;28/7/2025;ZONA 9;LA DELICIA;LA ROLDÓS;LA ROLDÓS 2;17;PICHINCHA;1701;QUITO;172800;-0,091699;-78,502639;HOMBRE;ECUADOR;16;ADOLESCENTES;MESTIZO/A;30/7/2025;-0,106172;-78,516027;PICHINCHA;ENCONTRADO;CAUSAS PERSONALES;CIRCUNSTANCIAL;DESAPARICIÓN VOLUNTARIA
28/7/2025;7/8/2025;7/8/2025;ZONA 9;MANUELA SÁENZ;CENTRO HISTÓRICO;CENTRO HISTÓRICO 4;17;PICHINCHA;1701;QUITO;1036800;-0,219259;-78,510617;HOMBRE;ECUADOR;19;ADULTO;MESTIZO/A;9/8/2025;-0,328404;-78,544652;PICHINCHA;ENCONTRADO;CAUSAS PERSONALES;CIRCUNSTANCIAL;DESAPARICIÓN VOLUNTARIA
27/7/2025;27/7/2025;27/7/2025;ZONA 9;LA DELICIA;SAN JOSÉ DE MINAS ORIENTE;SAN JOSÉ DE MINAS ORIENTE 1;17;PICHINCHA;1701;QUITO;172800;0,125469;-78,516668;MUJER;ECUADOR;16;ADOLESCENTES;MESTIZO/A;29/7/2025;-0,125469;-78,516668;PICHINCHA;ENCONTRADO;CAUSAS PERSONALES;CIRCUNSTANCIAL;DESAPARICIÓN VOLUNTARIA
27/7/2025;28/7/2025;28/7/2025;ZONA 9;TUMBACO;TUMBACO;TUMBACO 2;17;PICHINCHA;1701;QUITO;259200;-0,20389;-78,387446;MUJER;ECUADOR;15;ADOLESCENTES;MESTIZO/A;30/7/2025;-0,115125;-78,294813;PICHINCHA;ENCONTRADO;CAUSAS FAMILIARES;NO RELACIONADOS A VIOLENCIA;DESAPARICIÓN VOLUNTARIA
27/7/2025;28/7/2025;28/7/2025;ZONA 9;CALDERÓN;CALDERÓN;CALDERÓN 2;17;PICHINCHA;1701;QUITO;86400;-0,095791;-78,425092;MUJER;ECUADOR;71;ADULTO MAYOR;MESTIZO/A;28/7/2025;-0,186031;-78,509767;PICHINCHA;ENCONTRADO;EXTRAVIADO - DISCAPACIDAD / ENFERMEDADES / TRASTORNOS;DISCAPACIDAD INTELECTUAL;EXTRAVÍO
26/7/2025;26/7/2025;26/7/2025;ZONA 9;LA DELICIA;PONCIANO;PONCIANO 1;17;PICHINCHA;1701;QUITO;0;-0,123897;-78,485735;HOMBRE;ECUADOR;26;ADULTO;MESTIZO/A;26/7/2025;-0,143852;-78,494422;PICHINCHA;ENCONTRADO;POSIBLE VINCULACIÓN A DELITO;ROBO (ESCOPOLAMINA U OTRA DROGA ALUCINÓGENA ALTAMENTE TÓXICA);DESAPARICIÓN INVOLUNTARIA
26/7/2025;27/7/2025;27/7/2025;ZONA 9;QUITUMBE;GUAMANÍ;GUAMANÍ 2;17;PICHINCHA;1701;QUITO;86400;-0,327811;-78,569652;MUJER;ECUADOR;23;ADULTO;MESTIZO/A;27/7/2025;-0,330729;-78,573429;PICHINCHA;ENCONTRADO;CAUSAS PERSONALES;CIRCUNSTANCIAL;DESAPARICIÓN VOLUNTARIA
26/7/2025;20/8/2025;21/8/2025;ZONA 9;ELOY ALFARO - DMQ;ARGELIA;ARGELIA 5;17;PICHINCHA;1701;QUITO;3369600;-0,284037;-78,52952;MUJER;ECUADOR;15;ADOLESCENTES;MESTIZO/A;3/9/2025;-0,142328;-78,500192;PICHINCHA;ENCONTRADO;CAUSAS FAMILIARES;NO RELACIONADOS A VIOLENCIA;DESAPARICIÓN VOLUNTARIA
26/7/2025;20/8/2025;21/8/2025;ZONA 9;ELOY ALFARO - DMQ;ARGELIA;ARGELIA 5;17;PICHINCHA;1701;QUITO;3369600;-0,284037;-78,52952;MUJER;ECUADOR;17;ADOLESCENTES;MESTIZO/A;3/9/2025;-0,142328;-78,500192;PICHINCHA;ENCONTRADO;CAUSAS FAMILIARES;NO RELACIONADOS A VIOLENCIA;DESAPARICIÓN VOLUNTARIA
26/7/2025;28/7/2025;28/7/2025;ZONA 9;MANUELA SÁENZ;CENTRO HISTÓRICO;CENTRO HISTÓRICO 1;17;PICHINCHA;1701;QUITO;5011200;-0,227437;-78,507361;MUJER;ECUADOR;13;ADOLESCENTES;MESTIZO/A;22/9/2025;-0,137513;-78,512672;PICHINCHA;ENCONTRADO;CAUSAS FAMILIARES;NO RELACIONADOS A VIOLENCIA;DESAPARICIÓN VOLUNTARIA
26/7/2025;27/7/2025;27/7/2025;ZONA 9;QUITUMBE;ECUATORIANA;ECUATORIANA 2;17;PICHINCHA;1701;QUITO;86400;-0,291128;-78,580289;HOMBRE;ECUADOR;14;ADOLESCENTES;MESTIZO/A;27/7/2025;-0,291133;-78,580289;PICHINCHA;ENCONTRADO;CAUSAS FAMILIARES;NO RELACIONADOS A VIOLENCIA;DESAPARICIÓN VOLUNTARIA
26/7/2025;28/7/2025;29/7/2025;ZONA 9;TUMBACO;PIFO;PIFO 2;17;PICHINCHA;1701;QUITO;259200;-0,2259;-78,334486;HOMBRE;ECUADOR;30;ADULTO;MESTIZO/A;29/7/2025;-2,229694;-80,903278;SANTA ELENA;ENCONTRADO;CAUSAS PERSONALES;CIRCUNSTANCIAL;DESAPARICIÓN VOLUNTARIA
25/7/2025;26/7/2025;26/7/2025;ZONA 9;EUGENIO ESPEJO;LA MARISCAL;LA MARISCAL 7;17;PICHINCHA;1701;QUITO;86400;-0,204212;-78,482695;HOMBRE;ECUADOR;24;ADULTO;MESTIZO/A;26/7/2025;-0,181699;-78,506952;PICHINCHA;FALLECIDO;FALLECIDO;SIN_DATO;DESAPARICIÓN INVOLUNTARIA
25/7/2025;26/7/2025;26/7/2025;ZONA 9;QUITUMBE;GUAMANÍ;GUAMANÍ 3;17;PICHINCHA;1701;QUITO;86400;-0,329857;-78,559091;HOMBRE;ECUADOR;22;ADULTO;MESTIZO/A;26/7/2025;-0,337861;-78,578611;PICHINCHA;ENCONTRADO;POSIBLE VINCULACIÓN A DELITO;ROBO (ESCOPOLAMINA U OTRA DROGA ALUCINÓGENA ALTAMENTE TÓXICA);DESAPARICIÓN INVOLUNTARIA
25/7/2025;25/7/2025;25/7/2025;ZONA 9;ELOY ALFARO - DMQ;CHILIBULO;CHILIBULO 3;17;PICHINCHA;1701;QUITO;86400;-0,234869;-78,534191;HOMBRE;ECUADOR;12;ADOLESCENTES;MESTIZO/A;26/7/2025;-0,234784;-78,534023;PICHINCHA;ENCONTRADO;CAUSAS FAMILIARES;NO RELACIONADOS A VIOLENCIA;DESAPARICIÓN VOLUNTARIA
25/7/2025;26/7/2025;26/7/2025;ZONA 9;EUGENIO ESPEJO;LA MARISCAL;LA MARISCAL 5;17;PICHINCHA;1701;QUITO;86400;-0,204074;-78,487343;MUJER;ECUADOR;27;ADULTO;MESTIZO/A;26/7/2025;-0,203684;-78,487809;PICHINCHA;ENCONTRADO;CAUSAS PERSONALES;CIRCUNSTANCIAL;DESAPARICIÓN VOLUNTARIA
25/7/2025;26/7/2025;30/6/2025;ZONA 9;MANUELA SÁENZ;MONJAS COLLACOTO;MONJAS COLLACOTO 3;17;PICHINCHA;1701;QUITO;777600;-0,230935;-78,491122;MUJER;ECUADOR;16;ADOLESCENTES;MESTIZO/A;3/8/2025;-0,242121;-78,493856;PICHINCHA;ENCONTRADO;CAUSAS FAMILIARES;NO RELACIONADOS A VIOLENCIA;DESAPARICIÓN VOLUNTARIA
25/7/2025;26/7/2025;26/7/2025;ZONA 9;QUITUMBE;CHILLOGALLO;CHILLOGALLO 5;17;PICHINCHA;1701;QUITO;16329600;-0,291244;-78,56754;MUJER;ECUADOR;20;ADULTO;MESTIZO/A;30/1/2026;0,816359;-77,717071;CARCHI;ENCONTRADO;CAUSAS PERSONALES;RELACIÓN AFECTIVA;DESAPARICIÓN VOLUNTARIA
24/7/2025;25/7/2025;25/7/2025;ZONA 9;LOS CHILLOS;CONOCOTO NORTE;CONOCOTO NORTE 2;17;PICHINCHA;1701;QUITO;345600;-0,284078;-78,485196;MUJER;ECUADOR;17;ADOLESCENTES;MESTIZO/A;28/7/2025;-0,283701;-78,486987;PICHINCHA;ENCONTRADO;CAUSAS PERSONALES;CIRCUNSTANCIAL;DESAPARICIÓN VOLUNTARIA
24/7/2025;28/7/2025;29/7/2025;ZONA 9;QUITUMBE;LAS CUADRAS;LAS CUADRAS 1;17;PICHINCHA;1701;QUITO;2246400;-0,307207;-78,55363;HOMBRE;ECUADOR;30;ADULTO;MESTIZO/A;19/8/2025;-2,095992;-79,94104;GUAYAS;ENCONTRADO;CAUSAS ECONÓMICAS;DEUDAS;DESAPARICIÓN VOLUNTARIA
23/7/2025;24/7/2025;25/7/2025;ZONA 9;LOS CHILLOS;ALANGASÍ;ALANGASÍ 2;17;PICHINCHA;1701;QUITO;432000;-0,28643;-78,441276;HOMBRE;ECUADOR;49;ADULTO;MESTIZO/A;28/7/2025;0,829906;-77,697071;CARCHI;ENCONTRADO;CAUSAS FAMILIARES;NO RELACIONADOS A VIOLENCIA;DESAPARICIÓN VOLUNTARIA
23/7/2025;24/7/2025;24/7/2025;ZONA 9;LA DELICIA;PONCIANO;PONCIANO 1;17;PICHINCHA;1701;QUITO;86400;-0,112232;-78,485263;MUJER;ECUADOR;16;ADOLESCENTES;MESTIZO/A;24/7/2025;-0,14237;-78,50021;PICHINCHA;ENCONTRADO;CAUSAS PERSONALES;CIRCUNSTANCIAL;DESAPARICIÓN VOLUNTARIA
23/7/2025;29/7/2025;29/7/2025;ZONA 9;ELOY ALFARO - DMQ;CHIMBACALLE;CHIMBACALLE 3;17;PICHINCHA;1701;QUITO;777600;-0,240738;-78,51149;MUJER;ECUADOR;50;ADULTO;MESTIZO/A;1/8/2025;-0,234606;-78,509491;PICHINCHA;ENCONTRADO;CAUSAS PERSONALES;CIRCUNSTANCIAL;DESAPARICIÓN VOLUNTARIA
22/7/2025;28/7/2025;29/7/2025;ZONA 9;ELOY ALFARO - DMQ;MAGDALENA;MAGDALENA 2;17;PICHINCHA;1701;QUITO;1209600;-0,247508;-78,53437;MUJER;ECUADOR;43;ADULTO;MESTIZO/A;5/8/2025;-0,276044;-78,552222;PICHINCHA;ENCONTRADO;CAUSAS FAMILIARES;NO RELACIONADOS A VIOLENCIA;DESAPARICIÓN VOLUNTARIA
21/7/2025;21/7/2025;21/7/2025;ZONA 9;QUITUMBE;GUAMANÍ;GUAMANÍ 1;17;PICHINCHA;1701;QUITO;604800;-0,312055;-78,559041;HOMBRE;ECUADOR;23;ADULTO;MESTIZO/A;28/7/2025;-0,308997;-78,567998;PICHINCHA;ENCONTRADO;EXTRAVIADO - DISCAPACIDAD / ENFERMEDADES / TRASTORNOS;DISCAPACIDAD INTELECTUAL;EXTRAVÍO
21/7/2025;22/7/2025;22/7/2025;ZONA 9;EUGENIO ESPEJO;EL BOSQUE;EL BOSQUE 5;17;PICHINCHA;1701;QUITO;86400;-0,165566;-78,553359;HOMBRE;ECUADOR;67;ADULTO MAYOR;MESTIZO/A;22/7/2025;-0,231528;-78,543877;PICHINCHA;ENCONTRADO;EXTRAVIADO - AUSENCIA TEMPORAL;DESASTRES, AMENAZAS NATURALES Y FACTORES ANTRÓPICOS;EXTRAVÍO
21/7/2025;21/7/2025;21/7/2025;ZONA 9;MANUELA SÁENZ;MONJAS COLLACOTO;MONJAS COLLACOTO 2;17;PICHINCHA;1701;QUITO;2505600;-0,235997;-78,487122;MUJER;ECUADOR;14;ADOLESCENTES;INDIGENA;19/8/2025;-0,142285;-78,500272;PICHINCHA;ENCONTRADO;CAUSAS PERSONALES;RELACIÓN AFECTIVA;DESAPARICIÓN VOLUNTARIA
21/7/2025;21/7/2025;21/7/2025;ZONA 9;LA DELICIA;EL CONDADO;EL CONDADO 3;17;PICHINCHA;1701;QUITO;259200;-0,112519;-78,494291;HOMBRE;ECUADOR;21;ADULTO;MESTIZO/A;24/7/2025;-0,512761;-78,567245;PICHINCHA;ENCONTRADO;CAUSAS FAMILIARES;NO RELACIONADOS A VIOLENCIA;DESAPARICIÓN VOLUNTARIA
21/7/2025;22/7/2025;22/7/2025;ZONA 9;QUITUMBE;ECUATORIANA;ECUATORIANA 1;17;PICHINCHA;1701;QUITO;950400;-0,297469;-78,563384;MUJER;ECUADOR;16;ADOLESCENTES;MESTIZO/A;1/8/2025;-0,325904;-78,567831;PICHINCHA;ENCONTRADO;CAUSAS PERSONALES;CIRCUNSTANCIAL;DESAPARICIÓN VOLUNTARIA
20/7/2025;22/7/2025;22/7/2025;ZONA 9;EUGENIO ESPEJO;SAN ISIDRO DEL INCA;SAN ISIDRO DEL INCA 3;17;PICHINCHA;1701;QUITO;1209600;-0,133801;-78,455769;HOMBRE;ECUADOR;16;ADOLESCENTES;MESTIZO/A;3/8/2025;-0,144856;-78,473831;PICHINCHA;ENCONTRADO;CAUSAS PERSONALES;CIRCUNSTANCIAL;DESAPARICIÓN VOLUNTARIA
20/7/2025;22/7/2025;22/7/2025;ZONA 9;EUGENIO ESPEJO;SAN ISIDRO DEL INCA;SAN ISIDRO DEL INCA 3;17;PICHINCHA;1701;QUITO;1209600;-0,133801;-78,455769;HOMBRE;ECUADOR;13;ADOLESCENTES;MESTIZO/A;3/8/2025;-0,144856;-78,473831;PICHINCHA;ENCONTRADO;CAUSAS PERSONALES;CIRCUNSTANCIAL;DESAPARICIÓN VOLUNTARIA
20/7/2025;21/7/2025;21/7/2025;ZONA 9;LA DELICIA;SAN ANTONIO ALTO;SAN ANTONIO ALTO 1;17;PICHINCHA;1701;QUITO;86400;0,001118;-78,458279;MUJER;ECUADOR;14;ADOLESCENTES;MESTIZO/A;21/7/2025;-0,108844;-78,456528;PICHINCHA;ENCONTRADO;CAUSAS PERSONALES;CIRCUNSTANCIAL;DESAPARICIÓN VOLUNTARIA
19/7/2025;21/7/2025;21/7/2025;ZONA 9;ELOY ALFARO - DMQ;CHILIBULO;CHILIBULO 5;17;PICHINCHA;1701;QUITO;864000;-0,233402;-78,533072;MUJER;ECUADOR;18;ADULTO;MESTIZO/A;29/7/2025;-0,142241;-78,502728;PICHINCHA;ENCONTRADO;CAUSAS PERSONALES;RELACIÓN AFECTIVA;DESAPARICIÓN VOLUNTARIA
19/7/2025;20/7/2025;20/7/2025;ZONA 9;ELOY ALFARO - DMQ;BARRIO NUEVO;BARRIO NUEVO 1;17;PICHINCHA;1701;QUITO;86400;-0,269464;-78,550937;MUJER;ECUADOR;74;ADULTO MAYOR;MESTIZO/A;20/7/2025;-0,142355;-78,500221;PICHINCHA;ENCONTRADO;CAUSAS PERSONALES;CIRCUNSTANCIAL;DESAPARICIÓN VOLUNTARIA
18/7/2025;25/7/2025;25/7/2025;ZONA 9;LOS CHILLOS;CONOCOTO NORTE;CONOCOTO NORTE 1;17;PICHINCHA;1701;QUITO;7084800;-0,288189;-78,465463;HOMBRE;VENEZUELA;42;ADULTO;MESTIZO/A;8/10/2025;-0,140235;-78,499993;PICHINCHA;ENCONTRADO;CAUSAS PERSONALES;CIRCUNSTANCIAL;DESAPARICIÓN VOLUNTARIA
18/7/2025;19/7/2025;19/7/2025;ZONA 9;MANUELA SÁENZ;PUENGASÍ;PUENGASÍ 3;17;PICHINCHA;1701;QUITO;172800;-0,244421;-78,497555;HOMBRE;ECUADOR;21;ADULTO;AFRO;20/7/2025;-0,250043;-78,499914;PICHINCHA;ENCONTRADO;CAUSAS PERSONALES;CIRCUNSTANCIAL;DESAPARICIÓN VOLUNTARIA
18/7/2025;21/7/2025;28/7/2025;ZONA 9;LA DELICIA;CARCELÉN;CARCELÉN 1;17;PICHINCHA;1701;QUITO;1209600;-0,097095;-78,485266;HOMBRE;ECUADOR;27;ADULTO;MESTIZO/A;1/8/2025;-0,15422;-78,487995;PICHINCHA;ENCONTRADO;CAUSAS PERSONALES;CIRCUNSTANCIAL;DESAPARICIÓN VOLUNTARIA
17/7/2025;18/7/2025;18/7/2025;ZONA 9;QUITUMBE;ECUATORIANA;ECUATORIANA 4;17;PICHINCHA;1701;QUITO;172800;-0,338711;-78,607761;MUJER;ECUADOR;19;ADULTO;MESTIZO/A;19/7/2025;-0,35485;-78,537726;PICHINCHA;ENCONTRADO;CAUSAS PERSONALES;CIRCUNSTANCIAL;DESAPARICIÓN VOLUNTARIA
16/7/2025;17/7/2025;17/7/2025;ZONA 9;QUITUMBE;LAS CUADRAS;LAS CUADRAS 2;17;PICHINCHA;1701;QUITO;172800;-0,302237;-78,54391;HOMBRE;ECUADOR;20;ADULTO;MESTIZO/A;18/7/2025;-0,274186;-78,539266;PICHINCHA;ENCONTRADO;CAUSAS SOCIALES;ALCOHOLISMO;DESAPARICIÓN VOLUNTARIA
16/7/2025;18/7/2025;18/7/2025;ZONA 9;TUMBACO;CUMBAYÁ SUR;CUMBAYÁ SUR 3;17;PICHINCHA;1701;QUITO;345600;-0,221045;-78,453894;MUJER;ECUADOR;23;ADULTO;MESTIZO/A;20/7/2025;-0,22105;-78,451255;PICHINCHA;ENCONTRADO;CAUSAS PERSONALES;CIRCUNSTANCIAL;DESAPARICIÓN VOLUNTARIA
16/7/2025;21/7/2025;21/7/2025;ZONA 9;QUITUMBE;ECUATORIANA;ECUATORIANA 1;17;PICHINCHA;1701;QUITO;3801600;-0,29967;-78,567312;HOMBRE;ECUADOR;16;ADOLESCENTES;MESTIZO/A;29/8/2025;-0,982244;-80,723385;MANABI;FALLECIDO;FALLECIDO;ASESINATO;DESAPARICIÓN INVOLUNTARIA
15/7/2025;16/7/2025;16/7/2025;ZONA 9;ELOY ALFARO - DMQ;ARGELIA;ARGELIA 5;17;PICHINCHA;1701;QUITO;86400;-0,292337;-78,528349;HOMBRE;ECUADOR;17;ADOLESCENTES;MESTIZO/A;16/7/2025;-0,140182;-78,500133;PICHINCHA;ENCONTRADO;CAUSAS PERSONALES;CIRCUNSTANCIAL;DESAPARICIÓN VOLUNTARIA
15/7/2025;17/7/2025;17/7/2025;ZONA 9;QUITUMBE;CHILLOGALLO;CHILLOGALLO 3;17;PICHINCHA;1701;QUITO;604800;-0,284843;-78,566872;HOMBRE;ECUADOR;15;ADOLESCENTES;MESTIZO/A;22/7/2025;-0,142404;-78,501009;PICHINCHA;ENCONTRADO;CAUSAS SOCIALES;ALCOHOLISMO;DESAPARICIÓN VOLUNTARIA
15/7/2025;15/7/2025;15/7/2025;ZONA 9;LA DELICIA;LA ROLDÓS;LA ROLDÓS 1;17;PICHINCHA;1701;QUITO;0;-0,075203;-78,480792;MUJER;ECUADOR;93;ADULTO MAYOR;MESTIZO/A;15/7/2025;-0,089233;-78,469373;PICHINCHA;ENCONTRADO;CAUSAS PERSONALES;CIRCUNSTANCIAL;DESAPARICIÓN VOLUNTARIA
15/7/2025;16/7/2025;16/7/2025;ZONA 9;ELOY ALFARO - DMQ;MAGDALENA;MAGDALENA 4;17;PICHINCHA;1701;QUITO;432000;-0,252764;-78,521913;HOMBRE;ECUADOR;25;ADULTO;MESTIZO/A;20/7/2025;-0,31098;-78,562757;PICHINCHA;ENCONTRADO;CAUSAS PERSONALES;CIRCUNSTANCIAL;DESAPARICIÓN VOLUNTARIA
15/7/2025;16/7/2025;18/7/2025;ZONA 9;EUGENIO ESPEJO;NAYON;NAYON 1;17;PICHINCHA;1701;QUITO;1900800;-0,157493;-78,437684;MUJER;ECUADOR;23;ADULTO;MESTIZO/A;6/8/2025;-0,161064;-78,445046;PICHINCHA;ENCONTRADO;CAUSAS SOCIALES;GRUPOS DELICTIVOS ORGANIZADOS/GDOS/PANDILLAS/MAFIAS/CARTELES;DESAPARICIÓN INVOLUNTARIA
14/7/2025;15/7/2025;15/7/2025;ZONA 9;MANUELA SÁENZ;LA LIBERTAD;LA LIBERTAD 2;17;PICHINCHA;1701;QUITO;432000;-0,22329;-78,531956;MUJER;ECUADOR;17;ADOLESCENTES;MESTIZO/A;19/7/2025;-0,142371;-78,499992;PICHINCHA;ENCONTRADO;CAUSAS PERSONALES;RELACIÓN AFECTIVA;DESAPARICIÓN VOLUNTARIA
14/7/2025;17/7/2025;17/7/2025;ZONA 9;MANUELA SÁENZ;LA LIBERTAD;LA LIBERTAD 2;17;PICHINCHA;1701;QUITO;3196800;-0,225911;-78,532404;MUJER;ECUADOR;24;ADULTO;MESTIZO/A;20/8/2025;-0,218787;-78,517383;PICHINCHA;ENCONTRADO;CAUSAS FAMILIARES;NO RELACIONADOS A VIOLENCIA;DESAPARICIÓN VOLUNTARIA
14/7/2025;17/7/2025;1/8/2025;ZONA 9;LOS CHILLOS;CONOCOTO SUR;CONOCOTO SUR 1;17;PICHINCHA;1701;QUITO;1555200;-0,292187;-78,477596;MUJER;ECUADOR;18;ADULTO;MESTIZO/A;1/8/2025;-0,142377;-78,50022;PICHINCHA;ENCONTRADO;CAUSAS PERSONALES;RELACIÓN AFECTIVA;DESAPARICIÓN VOLUNTARIA
13/7/2025;14/7/2025;14/7/2025;ZONA 9;CALDERÓN;SAN JUAN DE CALDERÓN;SAN JUAN DE CALDERÓN 2;17;PICHINCHA;1701;QUITO;172800;-0,085864;-78,422148;HOMBRE;ECUADOR;47;ADULTO;MESTIZO/A;15/7/2025;-0,181616;-78,503749;PICHINCHA;FALLECIDO;FALLECIDO;ASESINATO;DESAPARICIÓN INVOLUNTARIA
13/7/2025;17/7/2025;23/7/2025;ZONA 9;QUITUMBE;GUAMANÍ;GUAMANÍ 2;17;PICHINCHA;1701;QUITO;1036800;-0,329194;-78,565897;MUJER;ECUADOR;15;ADOLESCENTES;MESTIZO/A;25/7/2025;-0,207175;-78,497841;PICHINCHA;ENCONTRADO;CAUSAS PERSONALES;CIRCUNSTANCIAL;DESAPARICIÓN VOLUNTARIA
12/7/2025;12/7/2025;12/7/2025;ZONA 9;QUITUMBE;QUITUMBE;QUITUMBE 3;17;PICHINCHA;1701;QUITO;172800;-0,306397;-78,52646;MUJER;ECUADOR;16;ADOLESCENTES;MESTIZO/A;14/7/2025;-0,156004;-78,490683;PICHINCHA;ENCONTRADO;CAUSAS PERSONALES;CIRCUNSTANCIAL;DESAPARICIÓN VOLUNTARIA
12/7/2025;31/7/2025;31/7/2025;ZONA 9;QUITUMBE;QUITUMBE;QUITUMBE 3;17;PICHINCHA;1701;QUITO;1728000;-0,311527;-78,544559;MUJER;ECUADOR;54;ADULTO;MESTIZO/A;1/8/2025;-0,311251;-78,54291;PICHINCHA;ENCONTRADO;CAUSAS SOCIALES;ALCOHOLISMO;DESAPARICIÓN VOLUNTARIA
12/7/2025;16/7/2025;19/7/2025;ZONA 9;CALDERÓN;BICENTENARIO;BICENTENARIO 2;17;PICHINCHA;1701;QUITO;604800;-0,0794;-78,448587;MUJER;ECUADOR;18;ADULTO;MESTIZO/A;19/7/2025;-0,181237;-78,503647;PICHINCHA;FALLECIDO;FALLECIDO;SIN_DATO;DESAPARICIÓN INVOLUNTARIA
12/7/2025;30/7/2025;6/8/2025;ZONA 9;ELOY ALFARO - DMQ;CHIMBACALLE;CHIMBACALLE 1;17;PICHINCHA;1701;QUITO;6912000;-0,239872;-78,512987;MUJER;ECUADOR;13;ADOLESCENTES;MESTIZO/A;30/9/2025;-0,244145;-78,514425;PICHINCHA;ENCONTRADO;CAUSAS PERSONALES;CIRCUNSTANCIAL;DESAPARICIÓN VOLUNTARIA
11/7/2025;12/7/2025;12/7/2025;ZONA 9;LA DELICIA;COLINAS DEL NORTE;COLINAS DEL NORTE 3;17;PICHINCHA;1701;QUITO;777600;-0,091861;-78,508999;HOMBRE;ECUADOR;13;ADOLESCENTES;MULATO/A;20/7/2025;-0,091107;-78,499655;PICHINCHA;ENCONTRADO;CAUSAS PERSONALES;CIRCUNSTANCIAL;DESAPARICIÓN VOLUNTARIA
11/7/2025;14/7/2025;14/7/2025;ZONA 9;ELOY ALFARO - DMQ;CHIMBACALLE;CHIMBACALLE 4;17;PICHINCHA;1701;QUITO;432000;-0,248295;-78,517771;HOMBRE;ECUADOR;2;NIÑOS(AS);MESTIZO/A;16/7/2025;-0,30428;-78,552429;PICHINCHA;ENCONTRADO;CAUSAS PERSONALES;CIRCUNSTANCIAL;DESAPARICIÓN VOLUNTARIA
11/7/2025;14/7/2025;14/7/2025;ZONA 9;ELOY ALFARO - DMQ;CHIMBACALLE;CHIMBACALLE 4;17;PICHINCHA;1701;QUITO;432000;-0,248295;-78,517771;MUJER;ECUADOR;26;ADULTO;MESTIZO/A;16/7/2025;-0,30428;-78,552429;PICHINCHA;ENCONTRADO;CAUSAS PERSONALES;CIRCUNSTANCIAL;DESAPARICIÓN VOLUNTARIA
11/7/2025;14/7/2025;14/7/2025;ZONA 9;LA DELICIA;CARCELÉN;CARCELÉN 1;17;PICHINCHA;1701;QUITO;345600;-0,085723;-78,470048;HOMBRE;ECUADOR;20;ADULTO;MESTIZO/A;15/7/2025;-0,181672;-78,50427;PICHINCHA;FALLECIDO;FALLECIDO;SIN_DATO;DESAPARICIÓN INVOLUNTARIA
10/7/2025;11/7/2025;11/7/2025;ZONA 9;TUMBACO;TUMBACO SUR;TUMBACO SUR 1;17;PICHINCHA;1701;QUITO;86400;-0,230936;-78,415647;HOMBRE;ECUADOR;15;ADOLESCENTES;MESTIZO/A;11/7/2025;-0,230283;-78,342768;PICHINCHA;ENCONTRADO;CAUSAS ACADÉMICAS;ACADÉMICO/ESCOLAR (RENDIMIENTO);DESAPARICIÓN VOLUNTARIA
9/7/2025;11/7/2025;11/7/2025;ZONA 9;ELOY ALFARO - DMQ;MENA;MENA 4;17;PICHINCHA;1701;QUITO;1123200;-0,256094;-78,566864;HOMBRE;ECUADOR;15;ADOLESCENTES;MESTIZO/A;22/7/2025;-0,25782;-78,549797;PICHINCHA;ENCONTRADO;CAUSAS FAMILIARES;NO RELACIONADOS A VIOLENCIA;DESAPARICIÓN VOLUNTARIA
9/7/2025;9/7/2025;9/7/2025;ZONA 9;LA DELICIA;SAN ANTONIO BAJO;SAN ANTONIO BAJO 1;17;PICHINCHA;1701;QUITO;86400;-0,024227;-78,452502;MUJER;ECUADOR;16;ADOLESCENTES;MESTIZO/A;10/7/2025;-0,027255;-78,45195;PICHINCHA;ENCONTRADO;CAUSAS FAMILIARES;NO RELACIONADOS A VIOLENCIA;DESAPARICIÓN VOLUNTARIA
8/7/2025;9/7/2025;9/7/2025;ZONA 9;EUGENIO ESPEJO;IÑAQUITO;IÑAQUITO 1;17;PICHINCHA;1701;QUITO;86400;-0,174303;-78,48005;MUJER;ECUADOR;25;ADULTO;MESTIZO/A;9/7/2025;-0,231278;-78,523121;PICHINCHA;ENCONTRADO;CAUSAS PERSONALES;CIRCUNSTANCIAL;DESAPARICIÓN VOLUNTARIA
8/7/2025;8/7/2025;8/7/2025;ZONA 9;MANUELA SÁENZ;CENTRO HISTÓRICO;CENTRO HISTÓRICO 4;17;PICHINCHA;1701;QUITO;0;-0,216627;-78,504215;HOMBRE;ECUADOR;15;ADOLESCENTES;MESTIZO/A;8/7/2025;-0,218722;-78,508584;PICHINCHA;ENCONTRADO;POSIBLE VINCULACIÓN A DELITO;ROBO (ESCOPOLAMINA U OTRA DROGA ALUCINÓGENA ALTAMENTE TÓXICA);DESAPARICIÓN INVOLUNTARIA
7/7/2025;13/7/2025;13/7/2025;ZONA 9;ELOY ALFARO - DMQ;FERROVIARIA;FERROVIARIA 3;17;PICHINCHA;1701;QUITO;691200;-0,25441;-78,515237;MUJER;ECUADOR;22;ADULTO;MESTIZO/A;15/7/2025;-0,14237;-78,50021;PICHINCHA;ENCONTRADO;CAUSAS FAMILIARES;NO RELACIONADOS A VIOLENCIA;DESAPARICIÓN VOLUNTARIA
7/7/2025;9/7/2025;9/7/2025;ZONA 9;LA DELICIA;LA ROLDÓS;LA ROLDÓS 2;17;PICHINCHA;1701;QUITO;172800;-0,09141;-78,505471;MUJER;ECUADOR;29;ADULTO;MESTIZO/A;9/7/2025;-0,097082;-78,517834;PICHINCHA;ENCONTRADO;CAUSAS SOCIALES;ALCOHOLISMO;DESAPARICIÓN VOLUNTARIA
7/7/2025;8/7/2025;26/8/2025;ZONA 9;LOS CHILLOS;CONOCOTO SUR;CONOCOTO SUR 2;17;PICHINCHA;1701;QUITO;4492800;-0,30093;-78,489428;MUJER;ECUADOR;14;ADOLESCENTES;MESTIZO/A;28/8/2025;-0,30043;-78,488814;PICHINCHA;ENCONTRADO;CAUSAS FAMILIARES;NO RELACIONADOS A VIOLENCIA;DESAPARICIÓN VOLUNTARIA
6/7/2025;9/7/2025;9/7/2025;ZONA 9;MANUELA SÁENZ;LA LIBERTAD;LA LIBERTAD 1;17;PICHINCHA;1701;QUITO;3196800;-0,231811;-78,524644;MUJER;ECUADOR;14;ADOLESCENTES;MESTIZO/A;12/8/2025;-0,247871;-79,15809;SANTO DOMINGO DE LOS TSACHILAS;ENCONTRADO;CAUSAS PERSONALES;CIRCUNSTANCIAL;DESAPARICIÓN VOLUNTARIA
6/7/2025;6/7/2025;6/7/2025;ZONA 9;QUITUMBE;ECUATORIANA;ECUATORIANA 2;17;PICHINCHA;1701;QUITO;259200;-0,309187;-78,569623;HOMBRE;ECUADOR;80;ADULTO MAYOR;MESTIZO/A;9/7/2025;-0,163101;-78,467437;PICHINCHA;ENCONTRADO;CAUSAS PERSONALES;CIRCUNSTANCIAL;DESAPARICIÓN VOLUNTARIA
6/7/2025;7/7/2025;7/7/2025;ZONA 9;LA DELICIA;EL MIRADOR;EL MIRADOR 2;17;PICHINCHA;1701;QUITO;259200;-0,118248;-78,46807;HOMBRE;ECUADOR;18;ADULTO;MESTIZO/A;9/7/2025;-0,119962;-78,462451;PICHINCHA;ENCONTRADO;CAUSAS PERSONALES;CIRCUNSTANCIAL;DESAPARICIÓN VOLUNTARIA
6/7/2025;7/7/2025;7/7/2025;ZONA 9;MANUELA SÁENZ;PUENGASÍ;PUENGASÍ 3;17;PICHINCHA;1701;QUITO;86400;-0,242821;-78,497425;MUJER;ECUADOR;26;ADULTO;MESTIZO/A;7/7/2025;-0,142392;-78,500122;PICHINCHA;ENCONTRADO;CAUSAS PERSONALES;CIRCUNSTANCIAL;DESAPARICIÓN VOLUNTARIA
5/7/2025;9/7/2025;9/7/2025;ZONA 9;QUITUMBE;ECUATORIANA;ECUATORIANA 3;17;PICHINCHA;1701;QUITO;604800;-0,309383;-78,562634;MUJER;ECUADOR;14;ADOLESCENTES;MESTIZO/A;12/7/2025;-0,307967;-78,561453;PICHINCHA;ENCONTRADO;CAUSAS PERSONALES;CIRCUNSTANCIAL;DESAPARICIÓN VOLUNTARIA
5/7/2025;7/7/2025;7/7/2025;ZONA 9;QUITUMBE;QUITUMBE;QUITUMBE 1;17;PICHINCHA;1701;QUITO;6652800;-0,300943;-78,539323;MUJER;ECUADOR;22;ADULTO;MESTIZO/A;20/9/2025;-0,260227;-78,535113;PICHINCHA;ENCONTRADO;CAUSAS PERSONALES;CIRCUNSTANCIAL;DESAPARICIÓN VOLUNTARIA
5/7/2025;22/7/2025;22/7/2025;ZONA 9;CALDERÓN;CARAPUNGO;CARAPUNGO 3;17;PICHINCHA;1701;QUITO;3283200;-0,097116;-78,446383;MUJER;ECUADOR;17;ADOLESCENTES;MESTIZO/A;12/8/2025;-0,100448;-78,450479;PICHINCHA;ENCONTRADO;CAUSAS PERSONALES;CIRCUNSTANCIAL;DESAPARICIÓN VOLUNTARIA
5/7/2025;6/7/2025;6/7/2025;ZONA 9;ELOY ALFARO - DMQ;SOLANDA;SOLANDA 4;17;PICHINCHA;1701;QUITO;172800;-0,269862;-78,541569;HOMBRE;ECUADOR;38;ADULTO;MESTIZO/A;7/7/2025;-0,268317;-78,542492;PICHINCHA;ENCONTRADO;CAUSAS SOCIALES;GRUPOS DELICTIVOS ORGANIZADOS/GDOS/PANDILLAS/MAFIAS/CARTELES;DESAPARICIÓN INVOLUNTARIA
5/7/2025;7/7/2025;7/7/2025;ZONA 9;LA DELICIA;EL MIRADOR;EL MIRADOR 2;17;PICHINCHA;1701;QUITO;259200;-0,121531;-78,468896;MUJER;ECUADOR;29;ADULTO;MESTIZO/A;8/7/2025;-0,120005;-78,463566;PICHINCHA;ENCONTRADO;CAUSAS PERSONALES;CIRCUNSTANCIAL;DESAPARICIÓN VOLUNTARIA
5/7/2025;6/7/2025;6/7/2025;ZONA 9;MANUELA SÁENZ;SAN JUAN;SAN JUAN 2;17;PICHINCHA;1701;QUITO;86400;-0,212995;-78,506961;HOMBRE;ECUADOR;24;ADULTO;MESTIZO/A;6/7/2025;-0,213802;-78,51008;PICHINCHA;ENCONTRADO;CAUSAS SOCIALES;ALCOHOLISMO;DESAPARICIÓN VOLUNTARIA
5/7/2025;6/7/2025;6/7/2025;ZONA 9;LA DELICIA;POMASQUI;POMASQUI 1;17;PICHINCHA;1701;QUITO;86400;-0,051557;-78,456261;MUJER;ECUADOR;20;ADULTO;MESTIZO/A;6/7/2025;-0,040804;-78,442228;PICHINCHA;ENCONTRADO;CAUSAS PERSONALES;CIRCUNSTANCIAL;DESAPARICIÓN VOLUNTARIA
4/7/2025;10/7/2025;14/7/2025;ZONA 9;CALDERÓN;LOS LLANOS;LOS LLANOS 1;17;PICHINCHA;1701;QUITO;4579200;-0,109773;-78,443807;HOMBRE;ECUADOR;26;ADULTO;MESTIZO/A;26/8/2025;-0,09174;-78,436658;PICHINCHA;ENCONTRADO;EXTRAVIADO - DISCAPACIDAD / ENFERMEDADES / TRASTORNOS;DISCAPACIDAD PSICOSOCIAL;EXTRAVÍO
4/7/2025;5/7/2025;5/7/2025;ZONA 9;TUMBACO;TABLÓN;TABLÓN 1;17;PICHINCHA;1701;QUITO;259200;-0,282428;-78,342115;MUJER;ECUADOR;17;ADOLESCENTES;MESTIZO/A;7/7/2025;-0,282245;-78,342096;PICHINCHA;ENCONTRADO;CAUSAS PERSONALES;CIRCUNSTANCIAL;DESAPARICIÓN VOLUNTARIA
4/7/2025;4/7/2025;4/7/2025;ZONA 9;EUGENIO ESPEJO;LA MARISCAL;LA MARISCAL 6;17;PICHINCHA;1701;QUITO;86400;-0,210488;-78,48592;HOMBRE;ECUADOR;41;ADULTO;MESTIZO/A;5/7/2025;-0,210976;-78,491654;PICHINCHA;ENCONTRADO;CAUSAS SOCIALES;DROGADICCIÓN;DESAPARICIÓN VOLUNTARIA
4/7/2025;6/7/2025;6/7/2025;ZONA 9;ELOY ALFARO - DMQ;CHIMBACALLE;CHIMBACALLE 1;17;PICHINCHA;1701;QUITO;172800;-0,240616;-78,511986;HOMBRE;ECUADOR;19;ADULTO;MESTIZO/A;6/7/2025;-0,140396;-78,499961;PICHINCHA;ENCONTRADO;CAUSAS PERSONALES;CIRCUNSTANCIAL;DESAPARICIÓN VOLUNTARIA
3/7/2025;10/7/2025;11/7/2025;ZONA 9;QUITUMBE;CHILLOGALLO;CHILLOGALLO 1;17;PICHINCHA;1701;QUITO;864000;-0,278158;-78,552694;HOMBRE;ECUADOR;59;ADULTO;MESTIZO/A;13/7/2025;-0,214809;-78,49765;PICHINCHA;ENCONTRADO;EXTRAVIADO - AUSENCIA TEMPORAL;HOSPITALIZADO;EXTRAVÍO
3/7/2025;5/7/2025;5/7/2025;ZONA 9;QUITUMBE;GUAMANÍ;GUAMANÍ 4;17;PICHINCHA;1701;QUITO;259200;-0,353375;-78,552419;HOMBRE;ECUADOR;68;ADULTO MAYOR;MESTIZO/A;6/7/2025;-0,137945;-78,508492;PICHINCHA;ENCONTRADO;CAUSAS FAMILIARES;NO RELACIONADOS A VIOLENCIA;DESAPARICIÓN VOLUNTARIA
3/7/2025;11/7/2025;15/7/2025;ZONA 9;TUMBACO;QUINCHE;QUINCHE 2;17;PICHINCHA;1701;QUITO;1641600;-0,111337;-78,295451;MUJER;ECUADOR;28;ADULTO;MESTIZO/A;22/7/2025;-0,899249;-79,488409;LOS RIOS;ENCONTRADO;CAUSAS PERSONALES;CIRCUNSTANCIAL;DESAPARICIÓN VOLUNTARIA
2/7/2025;8/7/2025;9/7/2025;ZONA 9;MANUELA SÁENZ;PANECILLO;PANECILLO 5;17;PICHINCHA;1701;QUITO;1296000;-0,227805;-78,521783;MUJER;ECUADOR;40;ADULTO;MESTIZO/A;17/7/2025;-0,227595;-78,522918;PICHINCHA;ENCONTRADO;CAUSAS PERSONALES;CIRCUNSTANCIAL;DESAPARICIÓN VOLUNTARIA
2/7/2025;8/7/2025;9/7/2025;ZONA 9;ELOY ALFARO - DMQ;MENA;MENA 3;17;PICHINCHA;1701;QUITO;1641600;-0,260184;-78,552538;HOMBRE;ECUADOR;34;ADULTO;MESTIZO/A;21/7/2025;-0,281508;-78,543112;PICHINCHA;ENCONTRADO;CAUSAS FAMILIARES;NO RELACIONADOS A VIOLENCIA;DESAPARICIÓN VOLUNTARIA
1/7/2025;6/1/2026;8/1/2026;ZONA 9;EUGENIO ESPEJO;LA MARISCAL;LA MARISCAL 2;17;PICHINCHA;1701;QUITO;19008000;-0,20558;-78,492619;HOMBRE;VENEZUELA;30;ADULTO;MESTIZO/A;6/2/2026;-2,188172;-79,886739;GUAYAS;ENCONTRADO;CAUSAS PERSONALES;CIRCUNSTANCIAL;DESAPARICIÓN VOLUNTARIA
1/7/2025;1/7/2025;1/7/2025;ZONA 9;LA DELICIA;PONCIANO;PONCIANO 3;17;PICHINCHA;1701;QUITO;172800;-0,102106;-78,469373;MUJER;ECUADOR;12;ADOLESCENTES;MESTIZO/A;3/7/2025;-0,004456;-80,033649;MANABI;ENCONTRADO;CAUSAS PERSONALES;CIRCUNSTANCIAL;DESAPARICIÓN VOLUNTARIA
1/7/2025;2/7/2025;2/7/2025;ZONA 9;ELOY ALFARO - DMQ;ARGELIA;ARGELIA 4;17;PICHINCHA;1701;QUITO;86400;-0,291124;-78,524079;HOMBRE;ECUADOR;20;ADULTO;MESTIZO/A;2/7/2025;-0,258358;-78,550781;PICHINCHA;ENCONTRADO;CAUSAS PERSONALES;CIRCUNSTANCIAL;DESAPARICIÓN VOLUNTARIA
1/7/2025;2/7/2025;2/7/2025;ZONA 9;CALDERÓN;BICENTENARIO;BICENTENARIO 2;17;PICHINCHA;1701;QUITO;172800;-0,07954;-78,448447;HOMBRE;ECUADOR;26;ADULTO;MULATO/A;3/7/2025;-0,142201;-78,500284;PICHINCHA;ENCONTRADO;CAUSAS PERSONALES;CIRCUNSTANCIAL;DESAPARICIÓN VOLUNTARIA
30/6/2025;2/7/2025;4/7/2025;ZONA 9;QUITUMBE;ECUATORIANA;ECUATORIANA 1;17;PICHINCHA;1701;QUITO;864000;-0,295372;-78,563642;MUJER;ECUADOR;14;ADOLESCENTES;MESTIZO/A;10/7/2025;-0,142464;-78,50003;PICHINCHA;ENCONTRADO;CAUSAS FAMILIARES;NO RELACIONADOS A VIOLENCIA;DESAPARICIÓN VOLUNTARIA
30/6/2025;30/6/2025;30/6/2025;ZONA 9;LA DELICIA;POMASQUI;POMASQUI 2;17;PICHINCHA;1701;QUITO;86400;-0,072036;-78,47556;MUJER;ECUADOR;23;ADULTO;MESTIZO/A;1/7/2025;-1,115905;-79,446747;LOS RIOS;ENCONTRADO;CAUSAS PERSONALES;CIRCUNSTANCIAL;DESAPARICIÓN VOLUNTARIA
30/6/2025;30/6/2025;30/6/2025;ZONA 9;LA DELICIA;POMASQUI;POMASQUI 2;17;PICHINCHA;1701;QUITO;86400;-0,072036;-78,47556;HOMBRE;ECUADOR;20;ADULTO;MESTIZO/A;1/7/2025;-1,115905;-79,446747;LOS RIOS;ENCONTRADO;CAUSAS PERSONALES;CIRCUNSTANCIAL;DESAPARICIÓN VOLUNTARIA
30/6/2025;2/7/2025;2/7/2025;ZONA 9;QUITUMBE;GUAMANÍ;GUAMANÍ 1;17;PICHINCHA;1701;QUITO;259200;-0,329589;-78,554242;HOMBRE;ECUADOR;18;ADULTO;MESTIZO/A;3/7/2025;-0,318822;-78,552527;PICHINCHA;ENCONTRADO;CAUSAS PERSONALES;CIRCUNSTANCIAL;DESAPARICIÓN VOLUNTARIA
30/6/2025;1/7/2025;2/7/2025;ZONA 9;LA DELICIA;LA ROLDÓS;LA ROLDÓS 2;17;PICHINCHA;1701;QUITO;18835200;-0,085627;-78,514266;MUJER;ECUADOR;18;ADULTO;MESTIZO/A;3/2/2026;-0,086099;-78,507486;PICHINCHA;ENCONTRADO;CAUSAS PERSONALES;CIRCUNSTANCIAL;DESAPARICIÓN VOLUNTARIA
29/6/2025;2/7/2025;2/7/2025;ZONA 9;CALDERÓN;CARAPUNGO;CARAPUNGO 3;17;PICHINCHA;1701;QUITO;691200;-0,092876;-78,450564;MUJER;ECUADOR;45;ADULTO;INDIGENA;7/7/2025;-0,142285;-78,500133;PICHINCHA;ENCONTRADO;CAUSAS PERSONALES;CIRCUNSTANCIAL;DESAPARICIÓN VOLUNTARIA
29/6/2025;14/7/2025;14/7/2025;ZONA 9;CALDERÓN;BELLAVISTA DE CALDERÓN;BELLAVISTA DE CALDERÓN 1;17;PICHINCHA;1701;QUITO;1468800;-0,058322;-78,421567;MUJER;ECUADOR;20;ADULTO;MESTIZO/A;16/7/2025;-0,142139;-78,503147;PICHINCHA;ENCONTRADO;CAUSAS PERSONALES;CIRCUNSTANCIAL;DESAPARICIÓN VOLUNTARIA
29/6/2025;29/6/2025;16/7/2025;ZONA 9;ELOY ALFARO - DMQ;MAGDALENA;MAGDALENA 1;17;PICHINCHA;1701;QUITO;18576000;-0,241422;-78,527149;HOMBRE;ECUADOR;41;ADULTO;MESTIZO/A;30/1/2026;0,042036;-78,147072;PICHINCHA;ENCONTRADO;CAUSAS PERSONALES;CIRCUNSTANCIAL;DESAPARICIÓN VOLUNTARIA
29/6/2025;1/7/2025;1/7/2025;ZONA 9;LA DELICIA;PONCIANO;PONCIANO 3;17;PICHINCHA;1701;QUITO;259200;-0,099948;-78,470794;HOMBRE;ECUADOR;38;ADULTO;MESTIZO/A;2/7/2025;-0,14038;-78,502665;PICHINCHA;ENCONTRADO;CAUSAS PERSONALES;CIRCUNSTANCIAL;DESAPARICIÓN VOLUNTARIA
28/6/2025;29/6/2025;29/6/2025;ZONA 9;EUGENIO ESPEJO;UNIVERSITARIO;UNIVERSITARIO 2;17;PICHINCHA;1701;QUITO;86400;-0,199811;-78,499093;MUJER;ECUADOR;36;ADULTO;MESTIZO/A;29/6/2025;-0,214599;-78,507571;PICHINCHA;ENCONTRADO;CAUSAS PERSONALES;CIRCUNSTANCIAL;DESAPARICIÓN VOLUNTARIA
28/6/2025;11/7/2025;13/7/2025;ZONA 9;LA DELICIA;CARCELÉN;CARCELÉN 1;17;PICHINCHA;1701;QUITO;1382400;-0,085809;-78,470907;HOMBRE;ECUADOR;1;NIÑOS(AS);MESTIZO/A;14/7/2025;-0,292008;-78,478321;PICHINCHA;ENCONTRADO;CAUSAS PERSONALES;CIRCUNSTANCIAL;DESAPARICIÓN VOLUNTARIA
28/6/2025;28/6/2025;28/6/2025;ZONA 9;EUGENIO ESPEJO;AEROPUERTO;AEROPUERTO 2;17;PICHINCHA;1701;QUITO;0;-0,143523;-78,491979;HOMBRE;ECUADOR;16;ADOLESCENTES;BLANCO/A;28/6/2025;-0,142139;-78,503147;PICHINCHA;ENCONTRADO;CAUSAS PERSONALES;CIRCUNSTANCIAL;DESAPARICIÓN VOLUNTARIA
28/6/2025;1/7/2025;1/7/2025;ZONA 9;LA DELICIA;LA ROLDÓS;LA ROLDÓS 3;17;PICHINCHA;1701;QUITO;432000;-0,090287;-78,518926;MUJER;ECUADOR;17;ADOLESCENTES;MESTIZO/A;3/7/2025;-0,115222;-78,494389;PICHINCHA;ENCONTRADO;CAUSAS FAMILIARES;NO RELACIONADOS A VIOLENCIA;DESAPARICIÓN VOLUNTARIA
28/6/2025;28/6/2025;28/6/2025;ZONA 9;MANUELA SÁENZ;ITCHIMBIA;ITCHIMBIA 2;17;PICHINCHA;1701;QUITO;86400;-0,220806;-78,484513;MUJER;ECUADOR;13;ADOLESCENTES;MESTIZO/A;29/6/2025;-0,214954;-78,487597;PICHINCHA;ENCONTRADO;CAUSAS PERSONALES;CIRCUNSTANCIAL;DESAPARICIÓN VOLUNTARIA
28/6/2025;29/6/2025;29/6/2025;ZONA 9;QUITUMBE;ECUATORIANA;ECUATORIANA 1;17;PICHINCHA;1701;QUITO;86400;-0,296369;-78,559217;MUJER;ECUADOR;42;ADULTO;MESTIZO/A;29/6/2025;-0,093088;-78,451668;PICHINCHA;ENCONTRADO;CAUSAS PERSONALES;CIRCUNSTANCIAL;DESAPARICIÓN VOLUNTARIA
28/6/2025;28/6/2025;28/6/2025;ZONA 9;EUGENIO ESPEJO;LA MARISCAL;LA MARISCAL 5;17;PICHINCHA;1701;QUITO;0;-0,207538;-78,490207;HOMBRE;ECUADOR;45;ADULTO;MESTIZO/A;28/6/2025;-0,289633;-78,451674;PICHINCHA;ENCONTRADO;CAUSAS PERSONALES;CIRCUNSTANCIAL;DESAPARICIÓN VOLUNTARIA
28/6/2025;3/7/2025;4/7/2025;ZONA 9;LA DELICIA;LA ROLDÓS;LA ROLDÓS 3;17;PICHINCHA;1701;QUITO;1123200;-0,088831;-78,519262;HOMBRE;ECUADOR;36;ADULTO;MESTIZO/A;11/7/2025;-0,142046;-78,499732;PICHINCHA;ENCONTRADO;POSIBLE VINCULACIÓN A DELITO;SECUESTRO EXTORSIVO;DESAPARICIÓN INVOLUNTARIA
28/6/2025;11/7/2025;13/7/2025;ZONA 9;LA DELICIA;CARCELÉN;CARCELÉN 1;17;PICHINCHA;1701;QUITO;1382400;-0,085809;-78,470907;MUJER;ECUADOR;19;ADULTO;MESTIZO/A;14/7/2025;-0,292008;-78,478321;PICHINCHA;ENCONTRADO;CAUSAS PERSONALES;CIRCUNSTANCIAL;DESAPARICIÓN VOLUNTARIA
27/6/2025;11/7/2025;11/7/2025;ZONA 9;MANUELA SÁENZ;PANECILLO;PANECILLO 1;17;PICHINCHA;1701;QUITO;2160000;-0,222827;-78,521725;HOMBRE;ECUADOR;27;ADULTO;MESTIZO/A;22/7/2025;-0,286592;-78,528759;PICHINCHA;ENCONTRADO;CAUSAS SOCIALES;DROGADICCIÓN;DESAPARICIÓN VOLUNTARIA
27/6/2025;2/7/2025;4/7/2025;ZONA 9;EUGENIO ESPEJO;NAYON;NAYON 2;17;PICHINCHA;1701;QUITO;3801600;-0,188959;-78,450189;MUJER;ECUADOR;25;ADULTO;MESTIZO/A;10/8/2025;-0,405954;-78,558179;PICHINCHA;ENCONTRADO;CAUSAS PERSONALES;CIRCUNSTANCIAL;DESAPARICIÓN VOLUNTARIA
27/6/2025;2/7/2025;4/7/2025;ZONA 9;EUGENIO ESPEJO;NAYON;NAYON 2;17;PICHINCHA;1701;QUITO;3801600;-0,188959;-78,450189;HOMBRE;ECUADOR;5;NIÑOS(AS);MESTIZO/A;10/8/2025;-0,405954;-78,558179;PICHINCHA;ENCONTRADO;CAUSAS PERSONALES;CIRCUNSTANCIAL;DESAPARICIÓN VOLUNTARIA
27/6/2025;29/6/2025;29/6/2025;ZONA 9;QUITUMBE;GUAMANÍ;GUAMANÍ 5;17;PICHINCHA;1701;QUITO;432000;-0,335664;-78,567404;HOMBRE;ECUADOR;14;ADOLESCENTES;AFRO;2/7/2025;-0,331422;-78,565217;PICHINCHA;ENCONTRADO;CAUSAS PERSONALES;CIRCUNSTANCIAL;DESAPARICIÓN VOLUNTARIA
27/6/2025;28/6/2025;28/6/2025;ZONA 9;EUGENIO ESPEJO;LA MARISCAL;LA MARISCAL 5;17;PICHINCHA;1701;QUITO;86400;-0,207801;-78,490387;HOMBRE;ECUADOR;19;ADULTO;MESTIZO/A;28/6/2025;-0,142312;-78,500077;PICHINCHA;ENCONTRADO;CAUSAS SOCIALES;ALCOHOLISMO;DESAPARICIÓN VOLUNTARIA
26/6/2025;26/6/2025;26/6/2025;ZONA 9;ELOY ALFARO - DMQ;CHILIBULO;CHILIBULO 3;17;PICHINCHA;1701;QUITO;777600;-0,243675;-78,53569;MUJER;ECUADOR;16;ADOLESCENTES;MESTIZO/A;5/7/2025;-0,245345;-78,54023;PICHINCHA;ENCONTRADO;CAUSAS PERSONALES;CIRCUNSTANCIAL;DESAPARICIÓN VOLUNTARIA
26/6/2025;27/6/2025;27/6/2025;ZONA 9;TUMBACO;QUINCHE;QUINCHE 2;17;PICHINCHA;1701;QUITO;172800;-0,087072;-78,305105;MUJER;ECUADOR;12;ADOLESCENTES;MESTIZO/A;28/6/2025;0,55023;-78,059321;CARCHI;ENCONTRADO;CAUSAS PERSONALES;RELACIÓN AFECTIVA;DESAPARICIÓN VOLUNTARIA
26/6/2025;2/7/2025;7/7/2025;ZONA 9;MANUELA SÁENZ;CENTRO HISTÓRICO;CENTRO HISTÓRICO 4;17;PICHINCHA;1701;QUITO;1036800;-0,219693;-78,507044;HOMBRE;ECUADOR;68;ADULTO MAYOR;MESTIZO/A;8/7/2025;-0,207293;-78,497809;PICHINCHA;ENCONTRADO;CAUSAS PERSONALES;CIRCUNSTANCIAL;DESAPARICIÓN VOLUNTARIA
26/6/2025;26/6/2025;26/6/2025;ZONA 9;ELOY ALFARO - DMQ;ARGELIA;ARGELIA 5;17;PICHINCHA;1701;QUITO;86400;-0,286592;-78,528759;MUJER;ECUADOR;16;ADOLESCENTES;MESTIZO/A;27/6/2025;-0,277819;-78,481054;PICHINCHA;ENCONTRADO;CAUSAS PERSONALES;RELACIÓN AFECTIVA;DESAPARICIÓN VOLUNTARIA
26/6/2025;27/6/2025;27/6/2025;ZONA 9;LA DELICIA;LA BOTA;LA BOTA 1;17;PICHINCHA;1701;QUITO;86400;-0,111913;-78,467102;MUJER;ECUADOR;12;ADOLESCENTES;MESTIZO/A;27/6/2025;-0,142472;-78,499745;PICHINCHA;ENCONTRADO;CAUSAS ACADÉMICAS;ACADÉMICO/ESCOLAR (RENDIMIENTO);DESAPARICIÓN VOLUNTARIA
26/6/2025;20/8/2025;25/8/2025;ZONA 9;LA DELICIA;LA ROLDÓS;LA ROLDÓS 3;17;PICHINCHA;1701;QUITO;20563200;-0,090659;-78,519212;HOMBRE;ECUADOR;31;ADULTO;MESTIZO/A;19/2/2026;-0,162951;-78,502265;PICHINCHA;ENCONTRADO;CAUSAS SOCIALES;DROGADICCIÓN;DESAPARICIÓN VOLUNTARIA
25/6/2025;1/7/2025;7/7/2025;ZONA 9;NANEGAL;NANEGALITO;NANEGALITO 1;17;PICHINCHA;1701;QUITO;2073600;0,062409;-78,681717;MUJER;ECUADOR;16;ADOLESCENTES;MESTIZO/A;19/7/2025;0,062271;-78,681836;PICHINCHA;ENCONTRADO;CAUSAS PERSONALES;CIRCUNSTANCIAL;DESAPARICIÓN VOLUNTARIA
25/6/2025;25/6/2025;25/6/2025;ZONA 9;ELOY ALFARO - DMQ;SOLANDA;SOLANDA 4;17;PICHINCHA;1701;QUITO;86400;-0,268949;-78,541131;MUJER;ECUADOR;16;ADOLESCENTES;MESTIZO/A;26/6/2025;-0,269119;-78,545762;PICHINCHA;ENCONTRADO;CAUSAS PERSONALES;CIRCUNSTANCIAL;DESAPARICIÓN VOLUNTARIA
25/6/2025;25/6/2025;25/6/2025;ZONA 9;QUITUMBE;GUAMANÍ;GUAMANÍ 2;17;PICHINCHA;1701;QUITO;432000;-0,320604;-78,563935;MUJER;ECUADOR;20;ADULTO;MESTIZO/A;30/6/2025;-0,153049;-78,479288;PICHINCHA;ENCONTRADO;CAUSAS PERSONALES;RELACIÓN AFECTIVA;DESAPARICIÓN VOLUNTARIA
25/6/2025;27/6/2025;30/6/2025;ZONA 9;MANUELA SÁENZ;PUENGASÍ;PUENGASÍ 3;17;PICHINCHA;1701;QUITO;432000;-0,249028;-78,501227;MUJER;ECUADOR;13;ADOLESCENTES;MESTIZO/A;30/6/2025;-0,14237;-78,50021;PICHINCHA;ENCONTRADO;CAUSAS PERSONALES;CIRCUNSTANCIAL;DESAPARICIÓN VOLUNTARIA
25/6/2025;26/6/2025;26/6/2025;ZONA 9;LOS CHILLOS;LA MERCED;LA MERCED 1;17;PICHINCHA;1701;QUITO;172800;-0,306519;-78,376716;MUJER;ECUADOR;16;ADOLESCENTES;MESTIZO/A;27/6/2025;-0,190541;-78,354855;PICHINCHA;ENCONTRADO;CAUSAS FAMILIARES;NO RELACIONADOS A VIOLENCIA;DESAPARICIÓN VOLUNTARIA
25/6/2025;1/7/2025;3/7/2025;ZONA 9;LOS CHILLOS;CONOCOTO NORTE;CONOCOTO NORTE 2;17;PICHINCHA;1701;QUITO;5961600;-0,285265;-78,485355;HOMBRE;ECUADOR;17;ADOLESCENTES;MESTIZO/A;2/9/2025;-0,142359;-78,500164;PICHINCHA;ENCONTRADO;CAUSAS PERSONALES;CIRCUNSTANCIAL;DESAPARICIÓN VOLUNTARIA
24/6/2025;25/6/2025;30/6/2025;ZONA 9;QUITUMBE;ECUATORIANA;ECUATORIANA 3;17;PICHINCHA;1701;QUITO;691200;-0,314842;-78,562115;HOMBRE;ECUADOR;14;ADOLESCENTES;MESTIZO/A;2/7/2025;-0,210083;-78,51875;PICHINCHA;ENCONTRADO;CAUSAS FAMILIARES;NO RELACIONADOS A VIOLENCIA;DESAPARICIÓN VOLUNTARIA
24/6/2025;25/6/2025;25/6/2025;ZONA 9;CALDERÓN;SAN JUAN DE CALDERÓN;SAN JUAN DE CALDERÓN 2;17;PICHINCHA;1701;QUITO;1296000;-0,091433;-78,434043;HOMBRE;VENEZUELA;25;ADULTO;MESTIZO/A;9/7/2025;9,321508;-69,110042;PICHINCHA;ENCONTRADO;CAUSAS PERSONALES;CIRCUNSTANCIAL;DESAPARICIÓN VOLUNTARIA
23/6/2025;30/6/2025;30/6/2025;ZONA 9;EUGENIO ESPEJO;COCHAPAMBA;COCHAPAMBA 4;17;PICHINCHA;1701;QUITO;691200;-0,130198;-78,511737;HOMBRE;ECUADOR;26;ADULTO;MESTIZO/A;1/7/2025;-0,142274;-78,500025;PICHINCHA;ENCONTRADO;CAUSAS SOCIALES;ALCOHOLISMO;DESAPARICIÓN VOLUNTARIA
23/6/2025;24/6/2025;24/6/2025;ZONA 9;LA DELICIA;MENA DEL HIERRO;MENA DEL HIERRO 1;17;PICHINCHA;1701;QUITO;432000;-0,125469;-78,516668;MUJER;ECUADOR;13;ADOLESCENTES;MESTIZO/A;28/6/2025;-0,964975;-80,706688;MANABI;ENCONTRADO;CAUSAS FAMILIARES;NO RELACIONADOS A VIOLENCIA;DESAPARICIÓN VOLUNTARIA
23/6/2025;24/6/2025;24/6/2025;ZONA 9;ELOY ALFARO - DMQ;CHIMBACALLE;CHIMBACALLE 2;17;PICHINCHA;1701;QUITO;345600;-0,240897;-78,51627;HOMBRE;ECUADOR;80;ADULTO MAYOR;MESTIZO/A;27/6/2025;-0,159201;-78,499936;PICHINCHA;FALLECIDO;FALLECIDO;SIN_DATO;DESAPARICIÓN INVOLUNTARIA
23/6/2025;23/6/2025;23/6/2025;ZONA 9;LA DELICIA;LA BOTA;LA BOTA 2;17;PICHINCHA;1701;QUITO;172800;-0,116569;-78,461866;MUJER;ECUADOR;15;ADOLESCENTES;MULATO/A;25/6/2025;-0,115184;-78,459312;PICHINCHA;ENCONTRADO;CAUSAS FAMILIARES;NO RELACIONADOS A VIOLENCIA;DESAPARICIÓN VOLUNTARIA
23/6/2025;24/6/2025;24/6/2025;ZONA 9;MANUELA SÁENZ;PANECILLO;PANECILLO 5;17;PICHINCHA;1701;QUITO;86400;-0,225898;-78,519626;HOMBRE;ECUADOR;74;ADULTO MAYOR;MESTIZO/A;24/6/2025;-0,349363;-78,564399;PICHINCHA;ENCONTRADO;EXTRAVIADO - DISCAPACIDAD / ENFERMEDADES / TRASTORNOS;DISCAPACIDAD PSICOSOCIAL;EXTRAVÍO
23/6/2025;24/6/2025;24/6/2025;ZONA 9;EUGENIO ESPEJO;EL BOSQUE;EL BOSQUE 2;17;PICHINCHA;1701;QUITO;432000;-0,165541;-78,495706;HOMBRE;ECUADOR;16;ADOLESCENTES;MESTIZO/A;28/6/2025;-0,964975;-80,706688;MANABI;ENCONTRADO;CAUSAS FAMILIARES;NO RELACIONADOS A VIOLENCIA;DESAPARICIÓN VOLUNTARIA
22/6/2025;23/6/2025;24/7/2025;ZONA 9;ELOY ALFARO - DMQ;BARRIO NUEVO;BARRIO NUEVO 2;17;PICHINCHA;1701;QUITO;691200;-0,28099;-78,545531;MUJER;ECUADOR;15;ADOLESCENTES;MESTIZO/A;30/6/2025;-0,28099;-78,545531;PICHINCHA;ENCONTRADO;CAUSAS PERSONALES;CIRCUNSTANCIAL;DESAPARICIÓN VOLUNTARIA
22/6/2025;22/6/2025;22/6/2025;ZONA 9;CALDERÓN;BICENTENARIO;BICENTENARIO 2;17;PICHINCHA;1701;QUITO;1728000;-0,079551;-78,448436;MUJER;ECUADOR;15;ADOLESCENTES;MESTIZO/A;12/7/2025;-0,094781;-78,430781;PICHINCHA;ENCONTRADO;CAUSAS PERSONALES;RELACIÓN AFECTIVA;DESAPARICIÓN VOLUNTARIA
22/6/2025;22/6/2025;22/6/2025;ZONA 9;LA DELICIA;PONCIANO;PONCIANO 1;17;PICHINCHA;1701;QUITO;86400;-0,117504;-78,483087;MUJER;ECUADOR;83;ADULTO MAYOR;MESTIZO/A;23/6/2025;-0,093193;-78,505913;PICHINCHA;ENCONTRADO;EXTRAVIADO - DISCAPACIDAD / ENFERMEDADES / TRASTORNOS;DISCAPACIDAD INTELECTUAL;EXTRAVÍO
22/6/2025;23/6/2025;23/6/2025;ZONA 9;ELOY ALFARO - DMQ;EL CALZADO;EL CALZADO 2;17;PICHINCHA;1701;QUITO;86400;-0,259755;-78,52294;MUJER;ECUADOR;34;ADULTO;MESTIZO/A;23/6/2025;-0,142419;-78,499877;PICHINCHA;ENCONTRADO;CAUSAS SOCIALES;ALCOHOLISMO;DESAPARICIÓN VOLUNTARIA
21/6/2025;21/6/2025;21/6/2025;ZONA 9;MANUELA SÁENZ;ITCHIMBIA;ITCHIMBIA 3;17;PICHINCHA;1701;QUITO;0;-0,215011;-78,503365;HOMBRE;ECUADOR;30;ADULTO;MESTIZO/A;21/6/2025;-0,244359;-78,541175;PICHINCHA;ENCONTRADO;CAUSAS SOCIALES;GRUPOS DELICTIVOS ORGANIZADOS/GDOS/PANDILLAS/MAFIAS/CARTELES;DESAPARICIÓN INVOLUNTARIA
21/6/2025;22/6/2025;22/6/2025;ZONA 9;QUITUMBE;QUITUMBE;QUITUMBE 3;17;PICHINCHA;1701;QUITO;259200;-0,310473;-78,546019;MUJER;ECUADOR;13;ADOLESCENTES;MESTIZO/A;24/6/2025;-0,274196;-78,527699;PICHINCHA;ENCONTRADO;CAUSAS PERSONALES;CIRCUNSTANCIAL;DESAPARICIÓN VOLUNTARIA
21/6/2025;23/6/2025;23/6/2025;ZONA 9;ELOY ALFARO - DMQ;FERROVIARIA;FERROVIARIA 3;17;PICHINCHA;1701;QUITO;172800;-0,252621;-78,507313;MUJER;ECUADOR;27;ADULTO;MESTIZO/A;23/6/2025;-0,254616;-78,52684;PICHINCHA;ENCONTRADO;CAUSAS PERSONALES;CIRCUNSTANCIAL;DESAPARICIÓN VOLUNTARIA
21/6/2025;22/6/2025;21/6/2025;ZONA 9;TUMBACO;YARUQUÍ;YARUQUÍ 1;17;PICHINCHA;1701;QUITO;86400;-0,166857;-78,317158;MUJER;ECUADOR;12;ADOLESCENTES;MESTIZO/A;22/6/2025;-0,167575;-78,313557;PICHINCHA;ENCONTRADO;CAUSAS PERSONALES;CIRCUNSTANCIAL;DESAPARICIÓN VOLUNTARIA
20/6/2025;25/6/2025;25/6/2025;ZONA 9;ELOY ALFARO - DMQ;MAGDALENA;MAGDALENA 4;17;PICHINCHA;1701;QUITO;5184000;-0,247476;-78,52326;MUJER;ECUADOR;15;ADOLESCENTES;MESTIZO/A;19/8/2025;-0,251703;-78,523638;PICHINCHA;ENCONTRADO;CAUSAS PERSONALES;CIRCUNSTANCIAL;DESAPARICIÓN VOLUNTARIA
20/6/2025;20/6/2025;20/6/2025;ZONA 9;LA DELICIA;SAN ANTONIO BAJO;SAN ANTONIO BAJO 1;17;PICHINCHA;1701;QUITO;86400;-0,004437;-78,453941;MUJER;ECUADOR;15;ADOLESCENTES;INDIGENA;21/6/2025;-0,14045;-78,500068;PICHINCHA;ENCONTRADO;CAUSAS PERSONALES;CIRCUNSTANCIAL;DESAPARICIÓN VOLUNTARIA
20/6/2025;21/6/2025;21/6/2025;ZONA 9;TUMBACO;TUMBACO SUR;TUMBACO SUR 1;17;PICHINCHA;1701;QUITO;172800;-0,215129;-78,405482;HOMBRE;ECUADOR;20;ADULTO;MESTIZO/A;22/6/2025;-0,214447;-78,418458;PICHINCHA;ENCONTRADO;CAUSAS PERSONALES;CIRCUNSTANCIAL;DESAPARICIÓN VOLUNTARIA
20/6/2025;21/6/2025;21/6/2025;ZONA 9;QUITUMBE;CHILLOGALLO;CHILLOGALLO 6;17;PICHINCHA;1701;QUITO;86400;-0,284164;-78,591559;MUJER;ECUADOR;18;ADULTO;MESTIZO/A;21/6/2025;-0,284531;-78,555346;PICHINCHA;ENCONTRADO;CAUSAS PERSONALES;CIRCUNSTANCIAL;DESAPARICIÓN VOLUNTARIA
20/6/2025;21/6/2025;21/6/2025;ZONA 9;EUGENIO ESPEJO;COCHAPAMBA;COCHAPAMBA 4;17;PICHINCHA;1701;QUITO;86400;-0,130193;-78,505497;HOMBRE;ECUADOR;23;ADULTO;MESTIZO/A;21/6/2025;-0,133648;-78,502965;PICHINCHA;ENCONTRADO;CAUSAS SOCIALES;GRUPOS DELICTIVOS ORGANIZADOS/GDOS/PANDILLAS/MAFIAS/CARTELES;DESAPARICIÓN INVOLUNTARIA
20/6/2025;22/6/2025;22/6/2025;ZONA 9;ELOY ALFARO - DMQ;BARRIO NUEVO;BARRIO NUEVO 2;17;PICHINCHA;1701;QUITO;172800;-0,280058;-78,545287;MUJER;ECUADOR;18;ADULTO;MESTIZO/A;22/6/2025;-0,283276;-78,537001;PICHINCHA;ENCONTRADO;CAUSAS PERSONALES;CIRCUNSTANCIAL;DESAPARICIÓN VOLUNTARIA
20/6/2025;20/6/2025;20/6/2025;ZONA 9;EUGENIO ESPEJO;UNIVERSITARIO;UNIVERSITARIO 3;17;PICHINCHA;1701;QUITO;86400;-0,189723;-78,512116;MUJER;ECUADOR;15;ADOLESCENTES;MESTIZO/A;21/6/2025;-0,138429;-78,511916;PICHINCHA;ENCONTRADO;CAUSAS PERSONALES;CIRCUNSTANCIAL;DESAPARICIÓN VOLUNTARIA
20/6/2025;24/6/2025;24/6/2025;ZONA 9;ELOY ALFARO - DMQ;MENA;MENA 5;17;PICHINCHA;1701;QUITO;345600;-0,270302;-78,558105;MUJER;ECUADOR;12;ADOLESCENTES;MESTIZO/A;24/6/2025;-0,063066;-78,499824;PICHINCHA;ENCONTRADO;CAUSAS PERSONALES;CIRCUNSTANCIAL;DESAPARICIÓN VOLUNTARIA
20/6/2025;21/6/2025;21/6/2025;ZONA 9;QUITUMBE;QUITUMBE;QUITUMBE 4;17;PICHINCHA;1701;QUITO;86400;-0,304596;-78,523;MUJER;ECUADOR;15;ADOLESCENTES;MESTIZO/A;21/6/2025;-0,305576;-78,525398;PICHINCHA;ENCONTRADO;CAUSAS PERSONALES;CIRCUNSTANCIAL;DESAPARICIÓN VOLUNTARIA
20/6/2025;22/6/2025;22/6/2025;ZONA 9;QUITUMBE;GUAMANÍ;GUAMANÍ 1;17;PICHINCHA;1701;QUITO;259200;-0,314948;-78,554248;MUJER;ECUADOR;26;ADULTO;MESTIZO/A;23/6/2025;-0,140321;-78,49965;PICHINCHA;ENCONTRADO;CAUSAS PERSONALES;CIRCUNSTANCIAL;DESAPARICIÓN VOLUNTARIA
20/6/2025;23/6/2025;23/6/2025;ZONA 9;ELOY ALFARO - DMQ;BARRIO NUEVO;BARRIO NUEVO 1;17;PICHINCHA;1701;QUITO;259200;-0,269464;-78,550937;MUJER;ECUADOR;23;ADULTO;MESTIZO/A;23/6/2025;-0,14229;-78,500081;PICHINCHA;ENCONTRADO;CAUSAS SOCIALES;ALCOHOLISMO;DESAPARICIÓN VOLUNTARIA
19/6/2025;20/6/2025;24/6/2025;ZONA 9;EUGENIO ESPEJO;AEROPUERTO;AEROPUERTO 3;17;PICHINCHA;1701;QUITO;2246400;-0,142381;-78,499714;MUJER;VENEZUELA;17;ADOLESCENTES;MESTIZO/A;15/7/2025;-0,266782;-78,540895;PICHINCHA;ENCONTRADO;CAUSAS PERSONALES;CIRCUNSTANCIAL;DESAPARICIÓN VOLUNTARIA
19/6/2025;14/7/2025;14/7/2025;ZONA 9;QUITUMBE;QUITUMBE;QUITUMBE 4;17;PICHINCHA;1701;QUITO;3456000;-0,302298;-78,524237;HOMBRE;ECUADOR;22;ADULTO;MESTIZO/A;29/7/2025;-3,061463;-79,743869;AZUAY;ENCONTRADO;CAUSAS PERSONALES;CIRCUNSTANCIAL;DESAPARICIÓN VOLUNTARIA
18/6/2025;18/6/2025;18/6/2025;ZONA 9;MANUELA SÁENZ;PUENGASÍ;PUENGASÍ 2;17;PICHINCHA;1701;QUITO;345600;-0,25101;-78,494265;MUJER;ECUADOR;15;ADOLESCENTES;MESTIZO/A;22/6/2025;-0,140353;-78,500015;PICHINCHA;ENCONTRADO;CAUSAS PERSONALES;CIRCUNSTANCIAL;DESAPARICIÓN VOLUNTARIA
18/6/2025;19/6/2025;19/6/2025;ZONA 9;EUGENIO ESPEJO;COCHAPAMBA;COCHAPAMBA 3;17;PICHINCHA;1701;QUITO;172800;-0,139291;-78,505762;HOMBRE;ECUADOR;45;ADULTO;MESTIZO/A;20/6/2025;-0,142302;-78,500011;PICHINCHA;ENCONTRADO;CAUSAS PERSONALES;CIRCUNSTANCIAL;DESAPARICIÓN VOLUNTARIA
18/6/2025;19/6/2025;19/6/2025;ZONA 9;ELOY ALFARO - DMQ;SOLANDA;SOLANDA 4;17;PICHINCHA;1701;QUITO;86400;-0,267603;-78,54053;HOMBRE;ECUADOR;17;ADOLESCENTES;MESTIZO/A;19/6/2025;-0,140246;-78,500197;PICHINCHA;ENCONTRADO;CAUSAS PERSONALES;CIRCUNSTANCIAL;DESAPARICIÓN VOLUNTARIA
18/6/2025;19/6/2025;19/6/2025;ZONA 9;ELOY ALFARO - DMQ;SOLANDA;SOLANDA 4;17;PICHINCHA;1701;QUITO;86400;-0,267603;-78,54053;MUJER;ECUADOR;16;ADOLESCENTES;MESTIZO/A;19/6/2025;-0,140246;-78,500197;PICHINCHA;ENCONTRADO;CAUSAS PERSONALES;CIRCUNSTANCIAL;DESAPARICIÓN VOLUNTARIA
17/6/2025;17/6/2025;17/6/2025;ZONA 9;EUGENIO ESPEJO;AEROPUERTO;AEROPUERTO 4;17;PICHINCHA;1701;QUITO;0;-0,144765;-78,49195;HOMBRE;VENEZUELA;11;NIÑOS(AS);MESTIZO/A;17/6/2025;-0,15612;-78,468158;PICHINCHA;ENCONTRADO;CAUSAS PERSONALES;CIRCUNSTANCIAL;DESAPARICIÓN VOLUNTARIA
17/6/2025;17/6/2025;17/6/2025;ZONA 9;EUGENIO ESPEJO;COCHAPAMBA;COCHAPAMBA 2;17;PICHINCHA;1701;QUITO;3283200;-0,148485;-78,506767;HOMBRE;ECUADOR;66;ADULTO MAYOR;MESTIZO/A;25/7/2025;-0,092913;-78,441176;PICHINCHA;ENCONTRADO;CAUSAS SOCIALES;ALCOHOLISMO;DESAPARICIÓN VOLUNTARIA
17/6/2025;17/6/2025;17/6/2025;ZONA 9;LA DELICIA;LA PAMPA;LA PAMPA 1;17;PICHINCHA;1701;QUITO;86400;-0,043043;-78,447235;MUJER;SIN_DATO;13;ADOLESCENTES;MESTIZO/A;18/6/2025;-0,052896;-78,455861;PICHINCHA;ENCONTRADO;CAUSAS PERSONALES;CIRCUNSTANCIAL;DESAPARICIÓN VOLUNTARIA
17/6/2025;19/6/2025;19/6/2025;ZONA 9;LA DELICIA;LA ROLDÓS;LA ROLDÓS 3;17;PICHINCHA;1701;QUITO;432000;-0,088724;-78,513697;HOMBRE;ECUADOR;35;ADULTO;MESTIZO/A;22/6/2025;-0,127257;-78,500225;PICHINCHA;ENCONTRADO;CAUSAS SOCIALES;ALCOHOLISMO;DESAPARICIÓN VOLUNTARIA
16/6/2025;16/6/2025;16/6/2025;ZONA 9;EUGENIO ESPEJO;DAMMER;DAMMER 2;17;PICHINCHA;1701;QUITO;86400;-0,145456;-78,474844;HOMBRE;ECUADOR;16;ADOLESCENTES;MESTIZO/A;17/6/2025;-0,120438;-78,469302;PICHINCHA;ENCONTRADO;CAUSAS ACADÉMICAS;ACADÉMICO/ESCOLAR (RENDIMIENTO);DESAPARICIÓN VOLUNTARIA
16/6/2025;17/6/2025;17/6/2025;ZONA 9;LA DELICIA;EL MIRADOR;EL MIRADOR 2;17;PICHINCHA;1701;QUITO;86400;-0,12394;-78,46846;HOMBRE;ECUADOR;13;ADOLESCENTES;INDIGENA;17/6/2025;-0,12022;-78,468072;PICHINCHA;ENCONTRADO;CAUSAS PERSONALES;CIRCUNSTANCIAL;DESAPARICIÓN VOLUNTARIA
16/6/2025;24/6/2025;24/6/2025;ZONA 9;QUITUMBE;ECUATORIANA;ECUATORIANA 2;17;PICHINCHA;1701;QUITO;4579200;-0,298562;-78,57085;HOMBRE;ECUADOR;48;ADULTO;MESTIZO/A;8/8/2025;0,32329;-78,222759;IMBABURA;ENCONTRADO;CAUSAS PERSONALES;CIRCUNSTANCIAL;DESAPARICIÓN VOLUNTARIA
16/6/2025;17/6/2025;17/6/2025;ZONA 9;QUITUMBE;QUITUMBE;QUITUMBE 4;17;PICHINCHA;1701;QUITO;172800;-0,301259;-78,523573;HOMBRE;ECUADOR;12;ADOLESCENTES;MESTIZO/A;18/6/2025;-0,262754;-78,540644;PICHINCHA;ENCONTRADO;CAUSAS PERSONALES;CIRCUNSTANCIAL;DESAPARICIÓN VOLUNTARIA
16/6/2025;17/6/2025;18/6/2025;ZONA 9;ELOY ALFARO - DMQ;CHIMBACALLE;CHIMBACALLE 2;17;PICHINCHA;1701;QUITO;1123200;-0,241696;-78,515819;MUJER;ECUADOR;32;ADULTO;MESTIZO/A;29/6/2025;-0,142306;-78,500004;PICHINCHA;ENCONTRADO;CAUSAS SOCIALES;ALCOHOLISMO;DESAPARICIÓN VOLUNTARIA
16/6/2025;19/6/2025;19/6/2025;ZONA 9;CALDERÓN;LOS LLANOS;LOS LLANOS 1;17;PICHINCHA;1701;QUITO;604800;-0,116275;-78,416368;HOMBRE;ECUADOR;13;ADOLESCENTES;MESTIZO/A;23/6/2025;-0,092861;-78,411028;PICHINCHA;ENCONTRADO;CAUSAS FAMILIARES;NO RELACIONADOS A VIOLENCIA;DESAPARICIÓN VOLUNTARIA
16/6/2025;24/6/2025;24/6/2025;ZONA 9;QUITUMBE;CHILLOGALLO;CHILLOGALLO 1;17;PICHINCHA;1701;QUITO;950400;-0,287891;-78,557812;HOMBRE;ECUADOR;65;ADULTO MAYOR;MESTIZO/A;27/6/2025;-1,019699;-79,543041;GUAYAS;ENCONTRADO;CAUSAS FAMILIARES;NO RELACIONADOS A VIOLENCIA;DESAPARICIÓN VOLUNTARIA
15/6/2025;16/6/2025;16/6/2025;ZONA 9;TUMBACO;TABLÓN;TABLÓN 1;17;PICHINCHA;1701;QUITO;259200;-0,299634;-78,359422;HOMBRE;ECUADOR;16;ADOLESCENTES;MESTIZO/A;18/6/2025;-0,142316;-78,500285;PICHINCHA;ENCONTRADO;CAUSAS PERSONALES;CIRCUNSTANCIAL;DESAPARICIÓN VOLUNTARIA
15/6/2025;23/6/2025;23/6/2025;ZONA 9;QUITUMBE;LAS CUADRAS;LAS CUADRAS 3;17;PICHINCHA;1701;QUITO;691200;-0,293594;-78,554448;HOMBRE;ECUADOR;34;ADULTO;MESTIZO/A;23/6/2025;-0,278562;-78,534439;PICHINCHA;ENCONTRADO;CAUSAS PERSONALES;CIRCUNSTANCIAL;DESAPARICIÓN VOLUNTARIA
14/6/2025;23/6/2025;24/6/2025;ZONA 9;ELOY ALFARO - DMQ;MAGDALENA;MAGDALENA 4;17;PICHINCHA;1701;QUITO;1036800;-0,247515;-78,52443;HOMBRE;COLOMBIA;14;ADOLESCENTES;AFRO;26/6/2025;-0,317405;-78,575714;PICHINCHA;ENCONTRADO;CAUSAS FAMILIARES;NO RELACIONADOS A VIOLENCIA;DESAPARICIÓN VOLUNTARIA
14/6/2025;15/6/2025;15/6/2025;ZONA 9;QUITUMBE;CHILLOGALLO;CHILLOGALLO 6;17;PICHINCHA;1701;QUITO;777600;-0,284164;-78,591559;MUJER;ECUADOR;15;ADOLESCENTES;BLANCO/A;23/6/2025;-0,256094;-78,566864;PICHINCHA;ENCONTRADO;CAUSAS ACADÉMICAS;ACADÉMICO/ESCOLAR (RENDIMIENTO);DESAPARICIÓN VOLUNTARIA
14/6/2025;14/6/2025;14/6/2025;ZONA 9;QUITUMBE;TURUBAMBA;TURUBAMBA 6;17;PICHINCHA;1701;QUITO;1036800;-0,355409;-78,547248;MUJER;ECUADOR;16;ADOLESCENTES;MESTIZO/A;26/6/2025;-0,170592;-78,483476;PICHINCHA;ENCONTRADO;CAUSAS SOCIALES;ALCOHOLISMO;DESAPARICIÓN VOLUNTARIA
14/6/2025;15/6/2025;15/6/2025;ZONA 9;CALDERÓN;CARAPUNGO;CARAPUNGO 2;17;PICHINCHA;1701;QUITO;86400;-0,091616;-78,453435;MUJER;ECUADOR;28;ADULTO;MESTIZO/A;15/6/2025;-0,089192;-78,427937;PICHINCHA;ENCONTRADO;CAUSAS PERSONALES;CIRCUNSTANCIAL;DESAPARICIÓN VOLUNTARIA
14/6/2025;17/6/2025;17/6/2025;ZONA 9;LA DELICIA;LA ROLDÓS;LA ROLDÓS 2;17;PICHINCHA;1701;QUITO;432000;-0,093123;-78,5086;MUJER;ECUADOR;14;ADOLESCENTES;MESTIZO/A;19/6/2025;-0,160921;-78,487664;PICHINCHA;ENCONTRADO;CAUSAS FAMILIARES;NO RELACIONADOS A VIOLENCIA;DESAPARICIÓN VOLUNTARIA
14/6/2025;19/6/2025;19/6/2025;ZONA 9;LOS CHILLOS;CONOCOTO NORTE;CONOCOTO NORTE 1;17;PICHINCHA;1701;QUITO;1468800;-0,264326;-78,462003;HOMBRE;ECUADOR;31;ADULTO;MESTIZO/A;1/7/2025;-0,198304;-78,500277;PICHINCHA;ENCONTRADO;CAUSAS SOCIALES;DROGADICCIÓN;DESAPARICIÓN VOLUNTARIA
13/6/2025;13/6/2025;13/6/2025;ZONA 9;LA DELICIA;COLINAS DEL NORTE;COLINAS DEL NORTE 3;17;PICHINCHA;1701;QUITO;86400;-0,097152;-78,504105;HOMBRE;ECUADOR;77;ADULTO MAYOR;MESTIZO/A;14/6/2025;-0,240689;-78,528168;PICHINCHA;ENCONTRADO;EXTRAVIADO - DISCAPACIDAD / ENFERMEDADES / TRASTORNOS;DISCAPACIDAD PSICOSOCIAL;EXTRAVÍO
13/6/2025;13/6/2025;13/6/2025;ZONA 9;QUITUMBE;ECUATORIANA;ECUATORIANA 4;17;PICHINCHA;1701;QUITO;259200;-0,32704;-78,57318;MUJER;ECUADOR;14;ADOLESCENTES;MESTIZO/A;16/6/2025;-0,320751;-78,551683;PICHINCHA;ENCONTRADO;CAUSAS PERSONALES;RELACIÓN AFECTIVA;DESAPARICIÓN VOLUNTARIA
13/6/2025;16/6/2025;16/6/2025;ZONA 9;MANUELA SÁENZ;PANECILLO;PANECILLO 3;17;PICHINCHA;1701;QUITO;518400;-0,227428;-78,510186;MUJER;ECUADOR;14;ADOLESCENTES;MESTIZO/A;19/6/2025;-0,227403;-78,51017;PICHINCHA;ENCONTRADO;CAUSAS FAMILIARES;NO RELACIONADOS A VIOLENCIA;DESAPARICIÓN VOLUNTARIA
13/6/2025;17/6/2025;17/6/2025;ZONA 9;ELOY ALFARO - DMQ;FERROVIARIA;FERROVIARIA 5;17;PICHINCHA;1701;QUITO;432000;-0,241781;-78,506524;HOMBRE;ECUADOR;24;ADULTO;MESTIZO/A;18/6/2025;-0,243391;-78,516313;PICHINCHA;ENCONTRADO;CAUSAS PERSONALES;CIRCUNSTANCIAL;DESAPARICIÓN VOLUNTARIA
13/6/2025;16/6/2025;20/6/2025;ZONA 9;EUGENIO ESPEJO;COCHAPAMBA;COCHAPAMBA 5;17;PICHINCHA;1701;QUITO;864000;-0,124117;-78,506154;MUJER;ECUADOR;14;ADOLESCENTES;MESTIZO/A;23/6/2025;-0,11748;-78,49836;PICHINCHA;ENCONTRADO;CAUSAS ACADÉMICAS;ACADÉMICO/ESCOLAR (RENDIMIENTO);DESAPARICIÓN VOLUNTARIA
12/6/2025;14/6/2025;14/6/2025;ZONA 9;MANUELA SÁENZ;ITCHIMBIA;ITCHIMBIA 3;17;PICHINCHA;1701;QUITO;432000;-0,208865;-78,498037;MUJER;ECUADOR;25;ADULTO;MESTIZO/A;17/6/2025;-0,142475;-78,499649;PICHINCHA;ENCONTRADO;CAUSAS PERSONALES;CIRCUNSTANCIAL;DESAPARICIÓN VOLUNTARIA
12/6/2025;13/6/2025;13/6/2025;ZONA 9;EUGENIO ESPEJO;SAN ISIDRO DEL INCA;SAN ISIDRO DEL INCA 3;17;PICHINCHA;1701;QUITO;86400;-0,131912;-78,454874;HOMBRE;ECUADOR;17;ADOLESCENTES;MESTIZO/A;13/6/2025;-0,140214;-78,500015;PICHINCHA;ENCONTRADO;CAUSAS SOCIALES;ALCOHOLISMO;DESAPARICIÓN VOLUNTARIA
12/6/2025;13/6/2025;13/6/2025;ZONA 9;CALDERÓN;CARAPUNGO;CARAPUNGO 2;17;PICHINCHA;1701;QUITO;86400;-0,091462;-78,455177;HOMBRE;ECUADOR;30;ADULTO;MESTIZO/A;13/6/2025;-0,207185;-78,498032;PICHINCHA;ENCONTRADO;POSIBLE VINCULACIÓN A DELITO;ROBO (ESCOPOLAMINA U OTRA DROGA ALUCINÓGENA ALTAMENTE TÓXICA);DESAPARICIÓN INVOLUNTARIA
12/6/2025;13/6/2025;13/6/2025;ZONA 9;EUGENIO ESPEJO;LAS CASAS;LAS CASAS 2;17;PICHINCHA;1701;QUITO;172800;-0,183528;-78,508287;MUJER;ECUADOR;16;ADOLESCENTES;MESTIZO/A;14/6/2025;-0,11473;-78,489103;PICHINCHA;ENCONTRADO;CAUSAS PERSONALES;CIRCUNSTANCIAL;DESAPARICIÓN VOLUNTARIA
11/6/2025;13/6/2025;13/6/2025;ZONA 9;LA DELICIA;LA ROLDÓS;LA ROLDÓS 2;17;PICHINCHA;1701;QUITO;172800;-0,084187;-78,504901;MUJER;ECUADOR;14;ADOLESCENTES;MESTIZO/A;13/6/2025;-0,085525;-78,503388;PICHINCHA;ENCONTRADO;CAUSAS PERSONALES;CIRCUNSTANCIAL;DESAPARICIÓN VOLUNTARIA
10/6/2025;1/7/2025;2/7/2025;ZONA 9;MANUELA SÁENZ;CENTRO HISTÓRICO;CENTRO HISTÓRICO 3;17;PICHINCHA;1701;QUITO;2419200;-0,218037;-78,513203;MUJER;ECUADOR;70;ADULTO MAYOR;MESTIZO/A;8/7/2025;-0,328487;-78,458474;PICHINCHA;ENCONTRADO;CAUSAS PERSONALES;CIRCUNSTANCIAL;DESAPARICIÓN VOLUNTARIA
10/6/2025;11/6/2025;11/6/2025;ZONA 9;TUMBACO;TUMBACO SUR;TUMBACO SUR 1;17;PICHINCHA;1701;QUITO;518400;-0,217557;-78,410778;MUJER;ECUADOR;35;ADULTO;MESTIZO/A;16/6/2025;-2,892269;-79,03058;AZUAY;ENCONTRADO;CAUSAS PERSONALES;CIRCUNSTANCIAL;DESAPARICIÓN VOLUNTARIA
10/6/2025;12/6/2025;21/6/2025;ZONA 9;LOS CHILLOS;PINTAG;PINTAG 1;17;PICHINCHA;1701;QUITO;1036800;-0,349099;-78,333162;MUJER;ECUADOR;31;ADULTO;MESTIZO/A;22/6/2025;-0,371748;-78,372752;PICHINCHA;ENCONTRADO;CAUSAS FAMILIARES;NO RELACIONADOS A VIOLENCIA;DESAPARICIÓN VOLUNTARIA
10/6/2025;10/6/2025;10/6/2025;ZONA 9;MANUELA SÁENZ;PANECILLO;PANECILLO 5;17;PICHINCHA;1701;QUITO;0;-0,227773;-78,518407;MUJER;ECUADOR;87;ADULTO MAYOR;MESTIZO/A;10/6/2025;-1,23569;-78,616814;TUNGURAHUA;ENCONTRADO;EXTRAVIADO - DISCAPACIDAD / ENFERMEDADES / TRASTORNOS;DISCAPACIDAD INTELECTUAL;EXTRAVÍO
10/6/2025;10/6/2025;10/6/2025;ZONA 9;QUITUMBE;LAS CUADRAS;LAS CUADRAS 3;17;PICHINCHA;1701;QUITO;345600;-0,287456;-78,553093;HOMBRE;ECUADOR;80;ADULTO MAYOR;MESTIZO/A;14/6/2025;-0,32301;-78,55866;PICHINCHA;ENCONTRADO;EXTRAVIADO - DISCAPACIDAD / ENFERMEDADES / TRASTORNOS;DISCAPACIDAD INTELECTUAL;EXTRAVÍO
9/6/2025;12/6/2025;15/6/2025;ZONA 9;QUITUMBE;ECUATORIANA;ECUATORIANA 3;17;PICHINCHA;1701;QUITO;1296000;-0,308869;-78,562977;MUJER;ECUADOR;15;ADOLESCENTES;MESTIZO/A;24/6/2025;-0,207336;-78,497894;PICHINCHA;ENCONTRADO;CAUSAS PERSONALES;CIRCUNSTANCIAL;DESAPARICIÓN VOLUNTARIA
9/6/2025;10/6/2025;12/6/2025;ZONA 9;ELOY ALFARO - DMQ;MAGDALENA;MAGDALENA 1;17;PICHINCHA;1701;QUITO;432000;-0,24086;-78,528723;MUJER;ECUADOR;16;ADOLESCENTES;MESTIZO/A;14/6/2025;-0,209355;-78,514119;PICHINCHA;ENCONTRADO;VIOLENCIA;VIOLENCIA PSICOLÓGICA;DESAPARICIÓN VOLUNTARIA
9/6/2025;11/6/2025;12/6/2025;ZONA 9;MANUELA SÁENZ;ITCHIMBIA;ITCHIMBIA 4;17;PICHINCHA;1701;QUITO;345600;-0,222936;-78,498395;MUJER;ECUADOR;33;ADULTO;MESTIZO/A;13/6/2025;-0,140257;-78,5001;PICHINCHA;ENCONTRADO;CAUSAS SOCIALES;ALCOHOLISMO;DESAPARICIÓN VOLUNTARIA
9/6/2025;10/6/2025;10/6/2025;ZONA 9;EUGENIO ESPEJO;IÑAQUITO;IÑAQUITO 3;17;PICHINCHA;1701;QUITO;259200;-0,179325;-78,478203;MUJER;ECUADOR;28;ADULTO;MESTIZO/A;12/6/2025;-0,142328;-78,500165;PICHINCHA;ENCONTRADO;CAUSAS PERSONALES;CIRCUNSTANCIAL;DESAPARICIÓN VOLUNTARIA
9/6/2025;10/6/2025;10/6/2025;ZONA 9;CALDERÓN;CALDERÓN;CALDERÓN 1;17;PICHINCHA;1701;QUITO;604800;-0,093572;-78,411682;MUJER;ECUADOR;13;ADOLESCENTES;MESTIZO/A;16/6/2025;-0,142569;-78,499824;PICHINCHA;ENCONTRADO;CAUSAS PERSONALES;CIRCUNSTANCIAL;DESAPARICIÓN VOLUNTARIA
9/6/2025;10/6/2025;10/6/2025;ZONA 9;LA DELICIA;CARCELÉN;CARCELÉN 5;17;PICHINCHA;1701;QUITO;345600;-0,074366;-78,464098;HOMBRE;ECUADOR;47;ADULTO;MESTIZO/A;13/6/2025;-0,122641;-78,444592;PICHINCHA;ENCONTRADO;CAUSAS PERSONALES;CIRCUNSTANCIAL;DESAPARICIÓN VOLUNTARIA
9/6/2025;11/6/2025;11/6/2025;ZONA 9;EUGENIO ESPEJO;EL BOSQUE;EL BOSQUE 2;17;PICHINCHA;1701;QUITO;604800;-0,169349;-78,49196;MUJER;ECUADOR;16;ADOLESCENTES;MESTIZO/A;16/6/2025;-0,14038;-78,502665;PICHINCHA;ENCONTRADO;CAUSAS PERSONALES;CIRCUNSTANCIAL;DESAPARICIÓN VOLUNTARIA
8/6/2025;10/6/2025;10/6/2025;ZONA 9;QUITUMBE;ECUATORIANA;ECUATORIANA 4;17;PICHINCHA;1701;QUITO;259200;-0,327124;-78,572914;HOMBRE;VENEZUELA;59;ADULTO;INDIGENA;11/6/2025;-0,280819;-78,553348;PICHINCHA;ENCONTRADO;CAUSAS PERSONALES;CIRCUNSTANCIAL;DESAPARICIÓN VOLUNTARIA
8/6/2025;13/6/2025;13/6/2025;ZONA 9;ELOY ALFARO - DMQ;SANTA ANITA;SANTA ANITA 3;17;PICHINCHA;1701;QUITO;2592000;-0,250804;-78,536574;HOMBRE;ECUADOR;9;NIÑOS(AS);MESTIZO/A;8/7/2025;-0,172339;-78,485201;PICHINCHA;ENCONTRADO;CAUSAS PERSONALES;CIRCUNSTANCIAL;DESAPARICIÓN VOLUNTARIA
8/6/2025;10/6/2025;10/6/2025;ZONA 9;QUITUMBE;GUAMANÍ;GUAMANÍ 1;17;PICHINCHA;1701;QUITO;518400;-0,315745;-78,551063;HOMBRE;ECUADOR;57;ADULTO;MESTIZO/A;14/6/2025;-0,312815;-78,538313;PICHINCHA;FALLECIDO;FALLECIDO;SIN_DATO;DESAPARICIÓN INVOLUNTARIA
8/6/2025;9/6/2025;9/6/2025;ZONA 9;LA DELICIA;EL CONDADO;EL CONDADO 2;17;PICHINCHA;1701;QUITO;1123200;-0,106271;-78,49305;MUJER;ECUADOR;25;ADULTO;MESTIZO/A;21/6/2025;0,328189;-78,213459;IMBABURA;ENCONTRADO;CAUSAS PERSONALES;RELACIÓN AFECTIVA;DESAPARICIÓN VOLUNTARIA
7/6/2025;10/6/2025;10/6/2025;ZONA 9;LA DELICIA;EL CONDADO;EL CONDADO 2;17;PICHINCHA;1701;QUITO;777600;-0,104967;-78,491409;MUJER;ECUADOR;27;ADULTO;MESTIZO/A;16/6/2025;-0,142461;-78,499675;PICHINCHA;ENCONTRADO;CAUSAS PERSONALES;CIRCUNSTANCIAL;DESAPARICIÓN VOLUNTARIA
7/6/2025;11/6/2025;11/6/2025;ZONA 9;QUITUMBE;GUAMANÍ;GUAMANÍ 1;17;PICHINCHA;1701;QUITO;604800;-0,328212;-78,551147;HOMBRE;ECUADOR;60;ADULTO;MESTIZO/A;14/6/2025;-2,200394;-78,856709;CHIMBORAZO;ENCONTRADO;CAUSAS FAMILIARES;NO RELACIONADOS A VIOLENCIA;DESAPARICIÓN VOLUNTARIA
7/6/2025;9/6/2025;9/6/2025;ZONA 9;EUGENIO ESPEJO;COCHAPAMBA;COCHAPAMBA 2;17;PICHINCHA;1701;QUITO;172800;-0,144868;-78,501967;MUJER;ECUADOR;35;ADULTO;MESTIZO/A;9/6/2025;-0,141429;-78,502095;PICHINCHA;ENCONTRADO;CAUSAS PERSONALES;CIRCUNSTANCIAL;DESAPARICIÓN VOLUNTARIA
7/6/2025;9/6/2025;9/6/2025;ZONA 9;ELOY ALFARO - DMQ;ARGELIA;ARGELIA 1;17;PICHINCHA;1701;QUITO;2160000;-0,279395;-78,52503;MUJER;ECUADOR;15;ADOLESCENTES;MESTIZO/A;2/7/2025;-0,274841;-78,518974;PICHINCHA;ENCONTRADO;CAUSAS PERSONALES;CIRCUNSTANCIAL;DESAPARICIÓN VOLUNTARIA
7/6/2025;9/6/2025;9/6/2025;ZONA 9;ELOY ALFARO - DMQ;ARGELIA;ARGELIA 1;17;PICHINCHA;1701;QUITO;2160000;-0,279395;-78,52503;MUJER;ECUADOR;16;ADOLESCENTES;MESTIZO/A;2/7/2025;-0,274841;-78,518974;PICHINCHA;ENCONTRADO;CAUSAS PERSONALES;CIRCUNSTANCIAL;DESAPARICIÓN VOLUNTARIA
6/6/2025;6/6/2025;10/6/2025;ZONA 9;LA DELICIA;CARCELÉN;CARCELÉN 5;17;PICHINCHA;1701;QUITO;950400;-0,0743;-78,462847;MUJER;ECUADOR;16;ADOLESCENTES;MESTIZO/A;17/6/2025;-0,140418;-78,500036;PICHINCHA;ENCONTRADO;CAUSAS PERSONALES;CIRCUNSTANCIAL;DESAPARICIÓN VOLUNTARIA
6/6/2025;6/6/2025;6/6/2025;ZONA 9;QUITUMBE;GUAMANÍ;GUAMANÍ 5;17;PICHINCHA;1701;QUITO;172800;-0,335664;-78,567404;HOMBRE;ECUADOR;88;ADULTO MAYOR;MESTIZO/A;8/6/2025;-0,308986;-78,567998;PICHINCHA;ENCONTRADO;CAUSAS PERSONALES;CIRCUNSTANCIAL;DESAPARICIÓN VOLUNTARIA
6/6/2025;7/6/2025;7/6/2025;ZONA 9;QUITUMBE;GUAMANÍ;GUAMANÍ 3;17;PICHINCHA;1701;QUITO;950400;-0,329026;-78,559664;MUJER;ECUADOR;17;ADOLESCENTES;MESTIZO/A;17/6/2025;-2,19616;-79,88621;GUAYAS;ENCONTRADO;CAUSAS FAMILIARES;NO RELACIONADOS A VIOLENCIA;DESAPARICIÓN VOLUNTARIA
6/6/2025;11/6/2025;11/6/2025;ZONA 9;MANUELA SÁENZ;MONJAS COLLACOTO;MONJAS COLLACOTO 3;17;PICHINCHA;1701;QUITO;864000;-0,228865;-78,486958;HOMBRE;ECUADOR;17;ADOLESCENTES;MESTIZO/A;16/6/2025;-0,143187;-78,499561;PICHINCHA;ENCONTRADO;CAUSAS FAMILIARES;NO RELACIONADOS A VIOLENCIA;DESAPARICIÓN VOLUNTARIA
5/6/2025;17/7/2025;18/7/2025;ZONA 9;MANUELA SÁENZ;ITCHIMBIA;ITCHIMBIA 3;17;PICHINCHA;1701;QUITO;4320000;-0,215808;-78,49664;HOMBRE;ECUADOR;27;ADULTO;MESTIZO/A;25/7/2025;-0,14038;-78,502665;PICHINCHA;ENCONTRADO;CAUSAS FAMILIARES;NO RELACIONADOS A VIOLENCIA;DESAPARICIÓN VOLUNTARIA
5/6/2025;13/6/2025;17/6/2025;ZONA 9;QUITUMBE;ECUATORIANA;ECUATORIANA 3;17;PICHINCHA;1701;QUITO;7257600;-0,308203;-78,56184;HOMBRE;ECUADOR;15;ADOLESCENTES;MESTIZO/A;28/8/2025;-0,263548;-78,54945;PICHINCHA;ENCONTRADO;VIOLENCIA;VIOLENCIA FÍSICA;DESAPARICIÓN VOLUNTARIA
5/6/2025;5/6/2025;5/6/2025;ZONA 9;EUGENIO ESPEJO;JIPIJAPA;JIPIJAPA 1;17;PICHINCHA;1701;QUITO;0;-0,168619;-78,481663;HOMBRE;ECUADOR;16;ADOLESCENTES;MESTIZO/A;5/6/2025;-0,142671;-78,500148;PICHINCHA;ENCONTRADO;CAUSAS PERSONALES;CIRCUNSTANCIAL;DESAPARICIÓN VOLUNTARIA
5/6/2025;5/6/2025;5/6/2025;ZONA 9;MANUELA SÁENZ;EL PLACER;EL PLACER 1;17;PICHINCHA;1701;QUITO;86400;-0,215881;-78,521273;MUJER;ECUADOR;15;ADOLESCENTES;MESTIZO/A;6/6/2025;-0,215266;-78,521635;PICHINCHA;ENCONTRADO;CAUSAS PERSONALES;CIRCUNSTANCIAL;DESAPARICIÓN VOLUNTARIA
5/6/2025;6/6/2025;6/6/2025;ZONA 9;EUGENIO ESPEJO;UNIVERSITARIO;UNIVERSITARIO 2;17;PICHINCHA;1701;QUITO;1900800;-0,197799;-78,504847;MUJER;ECUADOR;22;ADULTO;MESTIZO/A;27/6/2025;-0,201238;-78,49757;PICHINCHA;ENCONTRADO;CAUSAS SOCIALES;ALCOHOLISMO;DESAPARICIÓN VOLUNTARIA
5/6/2025;5/6/2025;5/6/2025;ZONA 9;LA DELICIA;CARCELÉN;CARCELÉN 5;17;PICHINCHA;1701;QUITO;0;-0,075234;-78,460666;HOMBRE;ECUADOR;11;NIÑOS(AS);MESTIZO/A;5/6/2025;-0,154992;-78,486606;PICHINCHA;ENCONTRADO;CAUSAS PERSONALES;CIRCUNSTANCIAL;DESAPARICIÓN VOLUNTARIA
5/6/2025;6/6/2025;6/6/2025;ZONA 9;EUGENIO ESPEJO;LA MARISCAL;LA MARISCAL 2;17;PICHINCHA;1701;QUITO;86400;-0,201675;-78,495135;HOMBRE;ECUADOR;38;ADULTO;MESTIZO/A;6/6/2025;-0,254189;-78,535527;PICHINCHA;ENCONTRADO;CAUSAS SOCIALES;GRUPOS DELICTIVOS ORGANIZADOS/GDOS/PANDILLAS/MAFIAS/CARTELES;DESAPARICIÓN INVOLUNTARIA
5/6/2025;9/6/2025;9/6/2025;ZONA 9;QUITUMBE;QUITUMBE;QUITUMBE 4;17;PICHINCHA;1701;QUITO;2332800;-0,305721;-78,524275;MUJER;ECUADOR;14;ADOLESCENTES;MESTIZO/A;2/7/2025;-0,305264;-78,524506;PICHINCHA;ENCONTRADO;CAUSAS PERSONALES;CIRCUNSTANCIAL;DESAPARICIÓN VOLUNTARIA
5/6/2025;9/6/2025;9/6/2025;ZONA 9;EUGENIO ESPEJO;COCHAPAMBA;COCHAPAMBA 4;17;PICHINCHA;1701;QUITO;1296000;-0,128344;-78,514121;MUJER;ECUADOR;22;ADULTO;AFRO;20/6/2025;-0,142113;-78,49965;PICHINCHA;ENCONTRADO;CAUSAS PERSONALES;CIRCUNSTANCIAL;DESAPARICIÓN VOLUNTARIA
4/6/2025;4/6/2025;4/6/2025;ZONA 9;CALDERÓN;SAN JUAN DE CALDERÓN;SAN JUAN DE CALDERÓN 2;17;PICHINCHA;1701;QUITO;691200;-0,092104;-78,43927;MUJER;VENEZUELA;16;ADOLESCENTES;MESTIZO/A;12/6/2025;10,634428;-71,84279;PICHINCHA;ENCONTRADO;CAUSAS PERSONALES;RELACIÓN AFECTIVA;DESAPARICIÓN VOLUNTARIA
4/6/2025;6/6/2025;6/6/2025;ZONA 9;QUITUMBE;ECUATORIANA;ECUATORIANA 2;17;PICHINCHA;1701;QUITO;345600;-0,303061;-78,569362;MUJER;ECUADOR;18;ADULTO;MESTIZO/A;8/6/2025;-0,140257;-78,500079;PICHINCHA;ENCONTRADO;CAUSAS PERSONALES;CIRCUNSTANCIAL;DESAPARICIÓN VOLUNTARIA
4/6/2025;5/6/2025;5/6/2025;ZONA 9;CALDERÓN;CALDERÓN;CALDERÓN 3;17;PICHINCHA;1701;QUITO;86400;-0,100157;-78,426847;MUJER;ECUADOR;35;ADULTO;MESTIZO/A;5/6/2025;0,108817;-78,423277;PICHINCHA;ENCONTRADO;CAUSAS PERSONALES;CIRCUNSTANCIAL;DESAPARICIÓN VOLUNTARIA
4/6/2025;5/6/2025;10/6/2025;ZONA 9;ELOY ALFARO - DMQ;CHIMBACALLE;CHIMBACALLE 2;17;PICHINCHA;1701;QUITO;1209600;-0,244588;-78,517609;HOMBRE;ECUADOR;20;ADULTO;MESTIZO/A;18/6/2025;0,056887;-78,13681;PICHINCHA;ENCONTRADO;CAUSAS PERSONALES;CIRCUNSTANCIAL;DESAPARICIÓN VOLUNTARIA
4/6/2025;5/6/2025;5/6/2025;ZONA 9;EUGENIO ESPEJO;AEROPUERTO;AEROPUERTO 3;17;PICHINCHA;1701;QUITO;1382400;-0,142113;-78,499585;MUJER;ECUADOR;13;ADOLESCENTES;MESTIZO/A;20/6/2025;-0,169745;-78,493582;PICHINCHA;ENCONTRADO;CAUSAS PERSONALES;CIRCUNSTANCIAL;DESAPARICIÓN VOLUNTARIA
3/6/2025;3/6/2025;3/6/2025;ZONA 9;EUGENIO ESPEJO;NAYON;NAYON 1;17;PICHINCHA;1701;QUITO;86400;-0,155867;-78,43964;HOMBRE;ECUADOR;84;ADULTO MAYOR;MESTIZO/A;4/6/2025;-0,209174;-78,495388;PICHINCHA;ENCONTRADO;CAUSAS PERSONALES;CIRCUNSTANCIAL;DESAPARICIÓN VOLUNTARIA
3/6/2025;4/6/2025;4/6/2025;ZONA 9;LOS CHILLOS;PINTAG;PINTAG 2;17;PICHINCHA;1701;QUITO;172800;-0,371513;-78,377969;MUJER;ECUADOR;14;ADOLESCENTES;MESTIZO/A;5/6/2025;-0,373897;-78,392408;PICHINCHA;ENCONTRADO;CAUSAS FAMILIARES;NO RELACIONADOS A VIOLENCIA;DESAPARICIÓN VOLUNTARIA
3/6/2025;5/6/2025;5/6/2025;ZONA 9;LA DELICIA;LA ROLDÓS;LA ROLDÓS 2;17;PICHINCHA;1701;QUITO;1987200;-0,084962;-78,504032;MUJER;ECUADOR;17;ADOLESCENTES;MESTIZO/A;26/6/2025;-0,089553;-78,503152;PICHINCHA;ENCONTRADO;CAUSAS PERSONALES;CIRCUNSTANCIAL;DESAPARICIÓN VOLUNTARIA
3/6/2025;3/6/2025;3/6/2025;ZONA 9;EUGENIO ESPEJO;IÑAQUITO;IÑAQUITO 2;17;PICHINCHA;1701;QUITO;0;-0,173146;-78,483414;HOMBRE;ECUADOR;39;ADULTO;MESTIZO/A;3/6/2025;-0,262155;-78,54822;PICHINCHA;ENCONTRADO;CAUSAS PERSONALES;CIRCUNSTANCIAL;DESAPARICIÓN VOLUNTARIA
3/6/2025;5/6/2025;5/6/2025;ZONA 9;EUGENIO ESPEJO;LA MARISCAL;LA MARISCAL 3;17;PICHINCHA;1701;QUITO;259200;-0,204437;-78,492513;HOMBRE;ECUADOR;12;ADOLESCENTES;MESTIZO/A;6/6/2025;-0,122575;-78,491748;PICHINCHA;ENCONTRADO;VIOLENCIA;VIOLENCIA PSICOLÓGICA;DESAPARICIÓN VOLUNTARIA
2/6/2025;4/6/2025;4/6/2025;ZONA 9;MANUELA SÁENZ;CENTRO HISTÓRICO;CENTRO HISTÓRICO 1;17;PICHINCHA;1701;QUITO;345600;-0,227798;-78,509389;MUJER;VENEZUELA;14;ADOLESCENTES;MESTIZO/A;6/6/2025;-0,219539;-78,518912;PICHINCHA;ENCONTRADO;CAUSAS PERSONALES;CIRCUNSTANCIAL;DESAPARICIÓN VOLUNTARIA
2/6/2025;2/6/2025;2/6/2025;ZONA 9;EUGENIO ESPEJO;JIPIJAPA;JIPIJAPA 3;17;PICHINCHA;1701;QUITO;950400;-0,15583;-78,462665;HOMBRE;ECUADOR;14;ADOLESCENTES;MESTIZO/A;13/6/2025;-0,142418;-78,500158;PICHINCHA;ENCONTRADO;CAUSAS SOCIALES;GRUPOS DELICTIVOS ORGANIZADOS/GDOS/PANDILLAS/MAFIAS/CARTELES;DESAPARICIÓN INVOLUNTARIA
2/6/2025;2/6/2025;2/6/2025;ZONA 9;EUGENIO ESPEJO;JIPIJAPA;JIPIJAPA 3;17;PICHINCHA;1701;QUITO;777600;-0,15583;-78,462665;HOMBRE;ECUADOR;14;ADOLESCENTES;MESTIZO/A;11/6/2025;-0,140203;-78,500079;PICHINCHA;ENCONTRADO;CAUSAS SOCIALES;GRUPOS DELICTIVOS ORGANIZADOS/GDOS/PANDILLAS/MAFIAS/CARTELES;DESAPARICIÓN INVOLUNTARIA
2/6/2025;2/6/2025;2/6/2025;ZONA 9;ELOY ALFARO - DMQ;SANTA ANITA;SANTA ANITA 2;17;PICHINCHA;1701;QUITO;86400;-0,259013;-78,53809;HOMBRE;ECUADOR;66;ADULTO MAYOR;MESTIZO/A;3/6/2025;-0,514906;-78,585053;PICHINCHA;ENCONTRADO;CAUSAS PERSONALES;CIRCUNSTANCIAL;DESAPARICIÓN VOLUNTARIA
2/6/2025;3/6/2025;3/6/2025;ZONA 9;QUITUMBE;GUAMANÍ;GUAMANÍ 1;17;PICHINCHA;1701;QUITO;1296000;-0,315533;-78,554719;MUJER;ECUADOR;41;ADULTO;MESTIZO/A;17/6/2025;-0,317746;-78,552312;PICHINCHA;ENCONTRADO;CAUSAS PERSONALES;CIRCUNSTANCIAL;DESAPARICIÓN VOLUNTARIA
1/6/2025;3/6/2025;3/6/2025;ZONA 9;QUITUMBE;GUAMANÍ;GUAMANÍ 2;17;PICHINCHA;1701;QUITO;259200;-0,326734;-78,569729;MUJER;ECUADOR;19;ADULTO;MESTIZO/A;4/6/2025;-0,142242;-78,500218;PICHINCHA;ENCONTRADO;CAUSAS PERSONALES;CIRCUNSTANCIAL;DESAPARICIÓN VOLUNTARIA
1/6/2025;3/6/2025;3/6/2025;ZONA 9;QUITUMBE;GUAMANÍ;GUAMANÍ 2;17;PICHINCHA;1701;QUITO;259200;-0,326734;-78,569729;HOMBRE;ECUADOR;17;ADOLESCENTES;MESTIZO/A;4/6/2025;-0,142242;-78,500218;PICHINCHA;ENCONTRADO;CAUSAS PERSONALES;CIRCUNSTANCIAL;DESAPARICIÓN VOLUNTARIA
1/6/2025;3/6/2025;3/6/2025;ZONA 9;ELOY ALFARO - DMQ;ARGELIA;ARGELIA 5;17;PICHINCHA;1701;QUITO;4406400;-0,287;-78,531014;HOMBRE;ECUADOR;43;ADULTO;MESTIZO/A;22/7/2025;-1,039696;-78,611727;COTOPAXI;ENCONTRADO;CAUSAS PERSONALES;CIRCUNSTANCIAL;DESAPARICIÓN VOLUNTARIA
1/6/2025;4/6/2025;4/6/2025;ZONA 9;EUGENIO ESPEJO;AEROPUERTO;AEROPUERTO 3;17;PICHINCHA;1701;QUITO;950400;-0,142327;-78,500089;MUJER;ECUADOR;29;ADULTO;MESTIZO/A;12/6/2025;-0,247923;-78,507335;PICHINCHA;ENCONTRADO;CAUSAS PERSONALES;CIRCUNSTANCIAL;DESAPARICIÓN VOLUNTARIA
1/6/2025;3/6/2025;3/6/2025;ZONA 9;LOS CHILLOS;PINTAG;PINTAG 1;17;PICHINCHA;1701;QUITO;259200;-0,349957;-78,333333;MUJER;ECUADOR;37;ADULTO;MESTIZO/A;4/6/2025;-0,373897;-78,392408;PICHINCHA;ENCONTRADO;CAUSAS FAMILIARES;NO RELACIONADOS A VIOLENCIA;DESAPARICIÓN VOLUNTARIA
1/6/2025;22/8/2025;26/8/2025;ZONA 9;LA DELICIA;LA ROLDÓS;LA ROLDÓS 4;17;PICHINCHA;1701;QUITO;19699200;-0,088663;-78,529254;HOMBRE;ECUADOR;31;ADULTO;MESTIZO/A;15/1/2026;-0,181704;-78,506957;PICHINCHA;FALLECIDO;FALLECIDO;MUERTE NATURAL;DESAPARICIÓN INVOLUNTARIA
1/6/2025;2/6/2025;10/6/2025;ZONA 9;TUMBACO;PIFO;PIFO 2;17;PICHINCHA;1701;QUITO;9331200;-0,239351;-78,330732;MUJER;ECUADOR;14;ADOLESCENTES;INDIGENA;17/9/2025;-0,689941;-77,309171;ORELLANA;ENCONTRADO;CAUSAS PERSONALES;CIRCUNSTANCIAL;DESAPARICIÓN VOLUNTARIA
31/5/2025;1/6/2025;1/6/2025;ZONA 9;EUGENIO ESPEJO;SAN ISIDRO DEL INCA;SAN ISIDRO DEL INCA 4;17;PICHINCHA;1701;QUITO;86400;-0,149088;-78,446825;MUJER;ECUADOR;14;ADOLESCENTES;MESTIZO/A;1/6/2025;-0,149109;-78,446825;PICHINCHA;ENCONTRADO;CAUSAS PERSONALES;CIRCUNSTANCIAL;DESAPARICIÓN VOLUNTARIA
31/5/2025;1/6/2025;1/6/2025;ZONA 9;CALDERÓN;CALDERÓN;CALDERÓN 3;17;PICHINCHA;1701;QUITO;172800;-0,097913;-78,426565;HOMBRE;ECUADOR;34;ADULTO;MESTIZO/A;2/6/2025;-0,111512;-78,475832;PICHINCHA;ENCONTRADO;CAUSAS PERSONALES;CIRCUNSTANCIAL;DESAPARICIÓN VOLUNTARIA
31/5/2025;2/6/2025;2/6/2025;ZONA 9;ELOY ALFARO - DMQ;MENA;MENA 1;17;PICHINCHA;1701;QUITO;259200;-0,257269;-78,549669;HOMBRE;ECUADOR;29;ADULTO;MESTIZO/A;3/6/2025;-0,256395;-78,575096;PICHINCHA;ENCONTRADO;CAUSAS SOCIALES;ALCOHOLISMO;DESAPARICIÓN VOLUNTARIA
31/5/2025;2/6/2025;2/6/2025;ZONA 9;QUITUMBE;LAS CUADRAS;LAS CUADRAS 3;17;PICHINCHA;1701;QUITO;518400;-0,281904;-78,549479;MUJER;ECUADOR;21;ADULTO;MESTIZO/A;6/6/2025;-0,14241;-78,500095;PICHINCHA;ENCONTRADO;CAUSAS PERSONALES;CIRCUNSTANCIAL;DESAPARICIÓN VOLUNTARIA
31/5/2025;2/6/2025;2/6/2025;ZONA 9;CALDERÓN;BICENTENARIO;BICENTENARIO 1;17;PICHINCHA;1701;QUITO;259200;-0,075126;-78,436636;MUJER;ECUADOR;14;ADOLESCENTES;MESTIZO/A;3/6/2025;-0,114478;-78,383505;PICHINCHA;ENCONTRADO;CAUSAS PERSONALES;CIRCUNSTANCIAL;DESAPARICIÓN VOLUNTARIA
30/5/2025;30/5/2025;30/5/2025;ZONA 9;EUGENIO ESPEJO;COCHAPAMBA;COCHAPAMBA 2;17;PICHINCHA;1701;QUITO;2073600;-0,145563;-78,509867;MUJER;ECUADOR;16;ADOLESCENTES;MESTIZO/A;23/6/2025;-0,082346;-78,511617;PICHINCHA;ENCONTRADO;CAUSAS PERSONALES;CIRCUNSTANCIAL;DESAPARICIÓN VOLUNTARIA
30/5/2025;30/5/2025;30/5/2025;ZONA 9;LA DELICIA;LA ROLDÓS;LA ROLDÓS 3;17;PICHINCHA;1701;QUITO;259200;-0,091815;-78,511581;MUJER;ECUADOR;16;ADOLESCENTES;MESTIZO/A;2/6/2025;-0,093305;-78,506256;PICHINCHA;ENCONTRADO;CAUSAS PERSONALES;CIRCUNSTANCIAL;DESAPARICIÓN VOLUNTARIA
30/5/2025;30/5/2025;30/5/2025;ZONA 9;ELOY ALFARO - DMQ;SOLANDA;SOLANDA 2;17;PICHINCHA;1701;QUITO;172800;-0,271546;-78,538644;MUJER;ECUADOR;14;ADOLESCENTES;MESTIZO/A;1/6/2025;-0,18625;-78,595354;PICHINCHA;ENCONTRADO;CAUSAS PERSONALES;CIRCUNSTANCIAL;DESAPARICIÓN VOLUNTARIA
30/5/2025;31/5/2025;31/5/2025;ZONA 9;LA DELICIA;POMASQUI;POMASQUI 3;17;PICHINCHA;1701;QUITO;259200;-0,068695;-78,465777;MUJER;ECUADOR;39;ADULTO;MESTIZO/A;2/6/2025;-0,599692;-80,404682;MANABI;ENCONTRADO;CAUSAS PERSONALES;CIRCUNSTANCIAL;DESAPARICIÓN VOLUNTARIA
30/5/2025;31/5/2025;31/5/2025;ZONA 9;EUGENIO ESPEJO;LA MARISCAL;LA MARISCAL 3;17;PICHINCHA;1701;QUITO;86400;-0,202942;-78,493631;HOMBRE;ECUADOR;21;ADULTO;AFRO;31/5/2025;-0,14038;-78,502665;PICHINCHA;ENCONTRADO;CAUSAS PERSONALES;CIRCUNSTANCIAL;DESAPARICIÓN VOLUNTARIA
30/5/2025;31/5/2025;31/5/2025;ZONA 9;QUITUMBE;ECUATORIANA;ECUATORIANA 3;17;PICHINCHA;1701;QUITO;172800;-0,309393;-78,563428;MUJER;ECUADOR;15;ADOLESCENTES;MESTIZO/A;1/6/2025;-0,14237;-78,50021;PICHINCHA;ENCONTRADO;CAUSAS FAMILIARES;NO RELACIONADOS A VIOLENCIA;DESAPARICIÓN VOLUNTARIA
30/5/2025;30/5/2025;31/5/2025;ZONA 9;LA DELICIA;EL MIRADOR;EL MIRADOR 2;17;PICHINCHA;1701;QUITO;518400;-0,12168;-78,468132;MUJER;ECUADOR;15;ADOLESCENTES;MESTIZO/A;5/6/2025;-0,142029;-78,500313;PICHINCHA;ENCONTRADO;CAUSAS FAMILIARES;NO RELACIONADOS A VIOLENCIA;DESAPARICIÓN VOLUNTARIA
30/5/2025;4/6/2025;5/6/2025;ZONA 9;LA DELICIA;CARCELÉN;CARCELÉN 1;17;PICHINCHA;1701;QUITO;6134400;-0,085667;-78,471247;HOMBRE;ECUADOR;23;ADULTO;MESTIZO/A;9/8/2025;-0,142102;-78,499564;PICHINCHA;ENCONTRADO;CAUSAS PERSONALES;CIRCUNSTANCIAL;DESAPARICIÓN VOLUNTARIA
29/5/2025;30/5/2025;30/5/2025;ZONA 9;MANUELA SÁENZ;ITCHIMBIA;ITCHIMBIA 3;17;PICHINCHA;1701;QUITO;86400;-0,209444;-78,50005;MUJER;ECUADOR;18;ADULTO;MESTIZO/A;30/5/2025;-0,140386;-78,50009;PICHINCHA;ENCONTRADO;CAUSAS PERSONALES;CIRCUNSTANCIAL;DESAPARICIÓN VOLUNTARIA
29/5/2025;31/5/2025;31/5/2025;ZONA 9;LA DELICIA;MENA DEL HIERRO;MENA DEL HIERRO 1;17;PICHINCHA;1701;QUITO;518400;-0,125453;-78,516684;MUJER;ECUADOR;15;ADOLESCENTES;MESTIZO/A;4/6/2025;-0,137626;-78,506559;PICHINCHA;ENCONTRADO;CAUSAS PERSONALES;CIRCUNSTANCIAL;DESAPARICIÓN VOLUNTARIA
29/5/2025;1/6/2025;1/6/2025;ZONA 9;CALDERÓN;BELLAVISTA DE CALDERÓN;BELLAVISTA DE CALDERÓN 1;17;PICHINCHA;1701;QUITO;691200;-0,066234;-78,41796;HOMBRE;ECUADOR;19;ADULTO;MESTIZO/A;6/6/2025;-0,140139;-78,500186;PICHINCHA;ENCONTRADO;CAUSAS PERSONALES;RELACIÓN AFECTIVA;DESAPARICIÓN VOLUNTARIA
28/5/2025;28/5/2025;28/5/2025;ZONA 9;LOS CHILLOS;CONOCOTO SUR;CONOCOTO SUR 1;17;PICHINCHA;1701;QUITO;86400;-0,299158;-78,479755;MUJER;ECUADOR;15;ADOLESCENTES;MESTIZO/A;29/5/2025;-0,259173;-78,551458;PICHINCHA;ENCONTRADO;CAUSAS FAMILIARES;NO RELACIONADOS A VIOLENCIA;DESAPARICIÓN VOLUNTARIA
28/5/2025;29/5/2025;30/5/2025;ZONA 9;LA DELICIA;SAN ANTONIO BAJO;SAN ANTONIO BAJO 1;17;PICHINCHA;1701;QUITO;172800;-0,003604;-78,445822;MUJER;ECUADOR;15;ADOLESCENTES;MESTIZO/A;30/5/2025;-0,10469;-78,49163;PICHINCHA;ENCONTRADO;CAUSAS FAMILIARES;NO RELACIONADOS A VIOLENCIA;DESAPARICIÓN VOLUNTARIA
28/5/2025;13/6/2025;18/6/2025;ZONA 9;QUITUMBE;QUITUMBE;QUITUMBE 1;17;PICHINCHA;1701;QUITO;3456000;-0,302339;-78,533522;MUJER;ECUADOR;17;ADOLESCENTES;MESTIZO/A;7/7/2025;-0,289299;-78,538648;PICHINCHA;ENCONTRADO;CAUSAS PERSONALES;CIRCUNSTANCIAL;DESAPARICIÓN VOLUNTARIA
28/5/2025;29/5/2025;3/6/2025;ZONA 9;TUMBACO;TUMBACO;TUMBACO 1;17;PICHINCHA;1701;QUITO;518400;-0,21655;-78,398545;HOMBRE;ECUADOR;14;ADOLESCENTES;MESTIZO/A;3/6/2025;-0,206833;-78,497991;PICHINCHA;ENCONTRADO;CAUSAS FAMILIARES;NO RELACIONADOS A VIOLENCIA;DESAPARICIÓN VOLUNTARIA
27/5/2025;28/5/2025;28/5/2025;ZONA 9;LOS CHILLOS;CONOCOTO NORTE;CONOCOTO NORTE 1;17;PICHINCHA;1701;QUITO;86400;-0,288189;-78,465463;HOMBRE;ECUADOR;24;ADULTO;MESTIZO/A;28/5/2025;-0,146868;-78,498039;PICHINCHA;ENCONTRADO;CAUSAS PERSONALES;CIRCUNSTANCIAL;DESAPARICIÓN VOLUNTARIA
27/5/2025;28/5/2025;28/5/2025;ZONA 9;ELOY ALFARO - DMQ;SOLANDA;SOLANDA 4;17;PICHINCHA;1701;QUITO;86400;-0,267855;-78,541539;MUJER;ECUADOR;16;ADOLESCENTES;MESTIZO/A;28/5/2025;-0,308141;-78,565673;PICHINCHA;ENCONTRADO;CAUSAS PERSONALES;CIRCUNSTANCIAL;DESAPARICIÓN VOLUNTARIA
27/5/2025;28/5/2025;28/5/2025;ZONA 9;CALDERÓN;LOS LLANOS;LOS LLANOS 1;17;PICHINCHA;1701;QUITO;172800;-0,116397;-78,429605;HOMBRE;ECUADOR;32;ADULTO;MESTIZO/A;29/5/2025;-0,14237;-78,50021;PICHINCHA;ENCONTRADO;CAUSAS PERSONALES;CIRCUNSTANCIAL;DESAPARICIÓN VOLUNTARIA
27/5/2025;29/5/2025;29/5/2025;ZONA 9;EUGENIO ESPEJO;IÑAQUITO;IÑAQUITO 3;17;PICHINCHA;1701;QUITO;432000;-0,185549;-78,482358;HOMBRE;ECUADOR;33;ADULTO;AFRO;1/6/2025;-0,184027;-78,484648;PICHINCHA;ENCONTRADO;EXTRAVIADO - DISCAPACIDAD / ENFERMEDADES / TRASTORNOS;DISCAPACIDAD SENSORIAL;EXTRAVÍO
27/5/2025;28/5/2025;28/5/2025;ZONA 9;QUITUMBE;ECUATORIANA;ECUATORIANA 3;17;PICHINCHA;1701;QUITO;518400;-0,308525;-78,563277;MUJER;ECUADOR;15;ADOLESCENTES;MESTIZO/A;2/6/2025;-0,090894;-78,505809;PICHINCHA;ENCONTRADO;CAUSAS PERSONALES;CIRCUNSTANCIAL;DESAPARICIÓN VOLUNTARIA
27/5/2025;30/5/2025;30/5/2025;ZONA 9;QUITUMBE;ECUATORIANA;ECUATORIANA 4;17;PICHINCHA;1701;QUITO;1123200;-0,312341;-78,574216;MUJER;ECUADOR;14;ADOLESCENTES;MESTIZO/A;9/6/2025;-0,19659;-78,508977;PICHINCHA;ENCONTRADO;CAUSAS PERSONALES;CIRCUNSTANCIAL;DESAPARICIÓN VOLUNTARIA
26/5/2025;26/5/2025;26/5/2025;ZONA 9;ELOY ALFARO - DMQ;CHIMBACALLE;CHIMBACALLE 3;17;PICHINCHA;1701;QUITO;86400;-0,240328;-78,509896;MUJER;ECUADOR;12;ADOLESCENTES;INDIGENA;27/5/2025;-0,289964;-78,56447;PICHINCHA;ENCONTRADO;CAUSAS ACADÉMICAS;ACADÉMICO/ESCOLAR (RENDIMIENTO);DESAPARICIÓN VOLUNTARIA
26/5/2025;26/5/2025;26/5/2025;ZONA 9;ELOY ALFARO - DMQ;CHILIBULO;CHILIBULO 5;17;PICHINCHA;1701;QUITO;259200;-0,2338;-78,533293;MUJER;ECUADOR;16;ADOLESCENTES;MESTIZO/A;29/5/2025;-0,143283;-78,499883;PICHINCHA;ENCONTRADO;CAUSAS FAMILIARES;NO RELACIONADOS A VIOLENCIA;DESAPARICIÓN VOLUNTARIA
26/5/2025;26/5/2025;26/5/2025;ZONA 9;ELOY ALFARO - DMQ;CHILIBULO;CHILIBULO 5;17;PICHINCHA;1701;QUITO;259200;-0,2338;-78,533293;HOMBRE;ECUADOR;17;ADOLESCENTES;MESTIZO/A;29/5/2025;-0,143283;-78,499883;PICHINCHA;ENCONTRADO;CAUSAS FAMILIARES;NO RELACIONADOS A VIOLENCIA;DESAPARICIÓN VOLUNTARIA
26/5/2025;26/5/2025;26/5/2025;ZONA 9;ELOY ALFARO - DMQ;FERROVIARIA;FERROVIARIA 3;17;PICHINCHA;1701;QUITO;172800;-0,255546;-78,507533;MUJER;ECUADOR;12;ADOLESCENTES;MESTIZO/A;28/5/2025;-0,24102;-78,521248;PICHINCHA;ENCONTRADO;CAUSAS FAMILIARES;NO RELACIONADOS A VIOLENCIA;DESAPARICIÓN VOLUNTARIA
26/5/2025;27/5/2025;27/5/2025;ZONA 9;LA DELICIA;CARCELÉN;CARCELÉN 1;17;PICHINCHA;1701;QUITO;86400;-0,091239;-78,47047;MUJER;ECUADOR;15;ADOLESCENTES;MESTIZO/A;27/5/2025;-0,089543;-78,49142;PICHINCHA;ENCONTRADO;CAUSAS PERSONALES;RELACIÓN AFECTIVA;DESAPARICIÓN VOLUNTARIA
26/5/2025;26/5/2025;26/5/2025;ZONA 9;CALDERÓN;CALDERÓN;CALDERÓN 3;17;PICHINCHA;1701;QUITO;86400;-0,094544;-78,431717;HOMBRE;ECUADOR;17;ADOLESCENTES;MESTIZO/A;27/5/2025;-0,142325;-78,499563;PICHINCHA;ENCONTRADO;CAUSAS PERSONALES;CIRCUNSTANCIAL;DESAPARICIÓN VOLUNTARIA
26/5/2025;26/5/2025;26/5/2025;ZONA 9;LOS CHILLOS;CONOCOTO NORTE;CONOCOTO NORTE 4;17;PICHINCHA;1701;QUITO;86400;-0,273633;-78,473211;HOMBRE;ECUADOR;19;ADULTO;MESTIZO/A;27/5/2025;-0,273606;-78,473269;PICHINCHA;ENCONTRADO;CAUSAS PERSONALES;CIRCUNSTANCIAL;DESAPARICIÓN VOLUNTARIA
26/5/2025;27/5/2025;27/5/2025;ZONA 9;TUMBACO;QUINCHE;QUINCHE 2;17;PICHINCHA;1701;QUITO;259200;-0,109597;-78,295645;MUJER;ECUADOR;13;ADOLESCENTES;MESTIZO/A;29/5/2025;-0,14237;-78,50021;PICHINCHA;ENCONTRADO;CAUSAS PERSONALES;CIRCUNSTANCIAL;DESAPARICIÓN VOLUNTARIA
26/5/2025;29/5/2025;29/5/2025;ZONA 9;QUITUMBE;LAS CUADRAS;LAS CUADRAS 1;17;PICHINCHA;1701;QUITO;604800;-0,307549;-78,54455;MUJER;ECUADOR;17;ADOLESCENTES;MESTIZO/A;2/6/2025;-0,30836;-78,54078;PICHINCHA;ENCONTRADO;CAUSAS PERSONALES;CIRCUNSTANCIAL;DESAPARICIÓN VOLUNTARIA
25/5/2025;29/5/2025;30/5/2025;ZONA 9;TUMBACO;YARUQUÍ;YARUQUÍ 1;17;PICHINCHA;1701;QUITO;864000;-0,163811;-78,316427;HOMBRE;ECUADOR;15;ADOLESCENTES;MESTIZO/A;4/6/2025;-0,128609;-78,311079;PICHINCHA;ENCONTRADO;CAUSAS FAMILIARES;NO RELACIONADOS A VIOLENCIA;DESAPARICIÓN VOLUNTARIA
24/5/2025;6/6/2025;10/6/2025;ZONA 9;CALDERÓN;SAN JUAN DE CALDERÓN;SAN JUAN DE CALDERÓN 2;17;PICHINCHA;1701;QUITO;5443200;-0,093665;-78,440394;HOMBRE;ECUADOR;30;ADULTO;AFRO;26/7/2025;-0,207396;-78,500701;PICHINCHA;ENCONTRADO;CAUSAS PERSONALES;CIRCUNSTANCIAL;DESAPARICIÓN VOLUNTARIA
24/5/2025;25/5/2025;25/5/2025;ZONA 9;CALDERÓN;LOS LLANOS;LOS LLANOS 1;17;PICHINCHA;1701;QUITO;86400;-0,109188;-78,437894;MUJER;ECUADOR;17;ADOLESCENTES;MESTIZO/A;25/5/2025;-0,146281;-78,454639;PICHINCHA;ENCONTRADO;CAUSAS PERSONALES;CIRCUNSTANCIAL;DESAPARICIÓN VOLUNTARIA
24/5/2025;25/5/2025;25/5/2025;ZONA 9;CALDERÓN;LLANO CHICO;LLANO CHICO 1;17;PICHINCHA;1701;QUITO;86400;-0,130386;-78,44452;MUJER;ECUADOR;16;ADOLESCENTES;MESTIZO/A;25/5/2025;-0,149066;-78,473434;PICHINCHA;ENCONTRADO;CAUSAS PERSONALES;CIRCUNSTANCIAL;DESAPARICIÓN VOLUNTARIA
24/5/2025;26/5/2025;26/5/2025;ZONA 9;EUGENIO ESPEJO;COCHAPAMBA;COCHAPAMBA 4;17;PICHINCHA;1701;QUITO;172800;-0,128169;-78,511657;MUJER;ECUADOR;13;ADOLESCENTES;MESTIZO/A;26/5/2025;-0,138059;-78,509041;PICHINCHA;ENCONTRADO;CAUSAS ACADÉMICAS;ACADÉMICO/ESCOLAR (RENDIMIENTO);DESAPARICIÓN VOLUNTARIA
24/5/2025;27/5/2025;27/5/2025;ZONA 9;EUGENIO ESPEJO;COCHAPAMBA;COCHAPAMBA 3;17;PICHINCHA;1701;QUITO;345600;-0,139484;-78,505274;HOMBRE;ECUADOR;28;ADULTO;MESTIZO/A;28/5/2025;-0,14038;-78,502665;PICHINCHA;ENCONTRADO;CAUSAS SOCIALES;ALCOHOLISMO;DESAPARICIÓN VOLUNTARIA
24/5/2025;9/6/2025;11/6/2025;ZONA 9;QUITUMBE;LAS CUADRAS;LAS CUADRAS 3;17;PICHINCHA;1701;QUITO;15206400;-0,279739;-78,552782;HOMBRE;ECUADOR;40;ADULTO;MESTIZO/A;16/11/2025;-0,257099;-78,550256;PICHINCHA;ENCONTRADO;CAUSAS FAMILIARES;NO RELACIONADOS A VIOLENCIA;DESAPARICIÓN VOLUNTARIA
24/5/2025;25/5/2025;25/5/2025;ZONA 9;QUITUMBE;ECUATORIANA;ECUATORIANA 3;17;PICHINCHA;1701;QUITO;86400;-0,305626;-78,560329;HOMBRE;ECUADOR;27;ADULTO;MESTIZO/A;25/5/2025;-0,303752;-78,545917;PICHINCHA;ENCONTRADO;POSIBLE VINCULACIÓN A DELITO;ROBO (ESCOPOLAMINA U OTRA DROGA ALUCINÓGENA ALTAMENTE TÓXICA);DESAPARICIÓN INVOLUNTARIA
24/5/2025;29/5/2025;29/5/2025;ZONA 9;ELOY ALFARO - DMQ;CHILIBULO;CHILIBULO 5;17;PICHINCHA;1701;QUITO;432000;-0,215021;-78,533888;HOMBRE;ECUADOR;19;ADULTO;MESTIZO/A;29/5/2025;-0,140246;-78,500111;PICHINCHA;ENCONTRADO;CAUSAS PERSONALES;CIRCUNSTANCIAL;DESAPARICIÓN VOLUNTARIA
24/5/2025;29/5/2025;2/6/2025;ZONA 9;ELOY ALFARO - DMQ;CHILIBULO;CHILIBULO 3;17;PICHINCHA;1701;QUITO;777600;-0,2416;-78,532521;MUJER;ECUADOR;15;ADOLESCENTES;MESTIZO/A;2/6/2025;-0,293605;-78,554448;PICHINCHA;ENCONTRADO;CAUSAS PERSONALES;CIRCUNSTANCIAL;DESAPARICIÓN VOLUNTARIA
23/5/2025;23/5/2025;23/5/2025;ZONA 9;CALDERÓN;BICENTENARIO;BICENTENARIO 1;17;PICHINCHA;1701;QUITO;259200;-0,061693;-78,455469;MUJER;ECUADOR;17;ADOLESCENTES;MESTIZO/A;26/5/2025;-2,171961;-79,460203;GUAYAS;ENCONTRADO;CAUSAS PERSONALES;CIRCUNSTANCIAL;DESAPARICIÓN VOLUNTARIA
23/5/2025;24/5/2025;24/5/2025;ZONA 9;MANUELA SÁENZ;PUENGASÍ;PUENGASÍ 3;17;PICHINCHA;1701;QUITO;86400;-0,242847;-78,499936;MUJER;ECUADOR;12;ADOLESCENTES;MESTIZO/A;24/5/2025;-0,185354;-78,498564;PICHINCHA;ENCONTRADO;CAUSAS PERSONALES;CIRCUNSTANCIAL;DESAPARICIÓN VOLUNTARIA
23/5/2025;24/5/2025;24/5/2025;ZONA 9;ELOY ALFARO - DMQ;FERROVIARIA;FERROVIARIA 3;17;PICHINCHA;1701;QUITO;259200;-0,252392;-78,515078;MUJER;ECUADOR;15;ADOLESCENTES;MESTIZO/A;26/5/2025;-0,248669;-78,564786;PICHINCHA;ENCONTRADO;CAUSAS PERSONALES;RELACIÓN AFECTIVA;DESAPARICIÓN VOLUNTARIA
23/5/2025;24/5/2025;24/5/2025;ZONA 9;EUGENIO ESPEJO;SAN ISIDRO DEL INCA;SAN ISIDRO DEL INCA 4;17;PICHINCHA;1701;QUITO;86400;-0,140593;-78,465989;HOMBRE;ECUADOR;15;ADOLESCENTES;MESTIZO/A;24/5/2025;-0,188546;-78,494698;PICHINCHA;ENCONTRADO;CAUSAS PERSONALES;CIRCUNSTANCIAL;DESAPARICIÓN VOLUNTARIA
23/5/2025;24/5/2025;24/5/2025;ZONA 9;ELOY ALFARO - DMQ;FERROVIARIA;FERROVIARIA 3;17;PICHINCHA;1701;QUITO;86400;-0,252392;-78,515078;MUJER;ECUADOR;17;ADOLESCENTES;MESTIZO/A;24/5/2025;-0,14031;-78,500143;PICHINCHA;ENCONTRADO;CAUSAS PERSONALES;CIRCUNSTANCIAL;DESAPARICIÓN VOLUNTARIA
23/5/2025;24/5/2025;24/5/2025;ZONA 9;MANUELA SÁENZ;PUENGASÍ;PUENGASÍ 2;17;PICHINCHA;1701;QUITO;172800;-0,246465;-78,496062;MUJER;ECUADOR;13;ADOLESCENTES;MESTIZO/A;25/5/2025;-0,13592;-78,442523;PICHINCHA;ENCONTRADO;CAUSAS FAMILIARES;NO RELACIONADOS A VIOLENCIA;DESAPARICIÓN VOLUNTARIA
23/5/2025;23/5/2025;23/5/2025;ZONA 9;EUGENIO ESPEJO;UNIVERSITARIO;UNIVERSITARIO 2;17;PICHINCHA;1701;QUITO;0;-0,197944;-78,507379;HOMBRE;ECUADOR;33;ADULTO;MESTIZO/A;23/5/2025;-0,283804;-78,469099;PICHINCHA;ENCONTRADO;POSIBLE VINCULACIÓN A DELITO;ROBO (ESCOPOLAMINA U OTRA DROGA ALUCINÓGENA ALTAMENTE TÓXICA);DESAPARICIÓN INVOLUNTARIA
22/5/2025;23/5/2025;23/5/2025;ZONA 9;QUITUMBE;ECUATORIANA;ECUATORIANA 4;17;PICHINCHA;1701;QUITO;259200;-0,338711;-78,607761;MUJER;ECUADOR;16;ADOLESCENTES;MESTIZO/A;25/5/2025;-0,299812;-78,568553;PICHINCHA;ENCONTRADO;CAUSAS FAMILIARES;NO RELACIONADOS A VIOLENCIA;DESAPARICIÓN VOLUNTARIA
22/5/2025;23/5/2025;23/5/2025;ZONA 9;MANUELA SÁENZ;PUENGASÍ;PUENGASÍ 3;17;PICHINCHA;1701;QUITO;86400;-0,242847;-78,499936;MUJER;ECUADOR;16;ADOLESCENTES;MESTIZO/A;23/5/2025;-0,140225;-78,500133;PICHINCHA;ENCONTRADO;CAUSAS PERSONALES;CIRCUNSTANCIAL;DESAPARICIÓN VOLUNTARIA
22/5/2025;22/5/2025;23/5/2025;ZONA 9;ELOY ALFARO - DMQ;ARGELIA;ARGELIA 5;17;PICHINCHA;1701;QUITO;432000;-0,286592;-78,528759;HOMBRE;ECUADOR;21;ADULTO;MESTIZO/A;27/5/2025;-0,223237;-78,519323;PICHINCHA;ENCONTRADO;CAUSAS SOCIALES;ALCOHOLISMO;DESAPARICIÓN VOLUNTARIA
22/5/2025;26/5/2025;26/5/2025;ZONA 9;ELOY ALFARO - DMQ;SANTA ANITA;SANTA ANITA 3;17;PICHINCHA;1701;QUITO;345600;-0,255983;-78,53604;HOMBRE;ECUADOR;45;ADULTO;MESTIZO/A;26/5/2025;-0,102138;-78,549158;PICHINCHA;ENCONTRADO;CAUSAS PERSONALES;CIRCUNSTANCIAL;DESAPARICIÓN VOLUNTARIA
22/5/2025;30/5/2025;30/5/2025;ZONA 9;ELOY ALFARO - DMQ;MENA;MENA 5;17;PICHINCHA;1701;QUITO;777600;-0,263867;-78,565737;HOMBRE;ECUADOR;39;ADULTO;MESTIZO/A;31/5/2025;-0,25843;-78,539897;PICHINCHA;ENCONTRADO;CAUSAS PERSONALES;CIRCUNSTANCIAL;DESAPARICIÓN VOLUNTARIA
21/5/2025;21/5/2025;21/5/2025;ZONA 9;EUGENIO ESPEJO;IÑAQUITO;IÑAQUITO 3;17;PICHINCHA;1701;QUITO;86400;-0,176749;-78,485066;HOMBRE;ECUADOR;35;ADULTO;MESTIZO/A;22/5/2025;-0,17202;-78,473238;PICHINCHA;ENCONTRADO;CAUSAS PERSONALES;CIRCUNSTANCIAL;DESAPARICIÓN VOLUNTARIA
21/5/2025;22/5/2025;22/5/2025;ZONA 9;QUITUMBE;CHILLOGALLO;CHILLOGALLO 5;17;PICHINCHA;1701;QUITO;86400;-0,29116;-78,56759;MUJER;ECUADOR;15;ADOLESCENTES;MESTIZO/A;22/5/2025;-0,284164;-78,591559;PICHINCHA;ENCONTRADO;CAUSAS PERSONALES;CIRCUNSTANCIAL;DESAPARICIÓN VOLUNTARIA
21/5/2025;22/5/2025;22/5/2025;ZONA 9;CALDERÓN;SAN JUAN DE CALDERÓN;SAN JUAN DE CALDERÓN 2;17;PICHINCHA;1701;QUITO;172800;-0,09238;-78,43623;MUJER;ECUADOR;16;ADOLESCENTES;MESTIZO/A;23/5/2025;-1,260224;-78,624425;TUNGURAHUA;ENCONTRADO;CAUSAS PERSONALES;CIRCUNSTANCIAL;DESAPARICIÓN VOLUNTARIA
21/5/2025;22/5/2025;22/5/2025;ZONA 9;LOS CHILLOS;SANTA ISABEL;SANTA ISABEL 1;17;PICHINCHA;1701;QUITO;259200;-0,341051;-78,48446;MUJER;ECUADOR;14;ADOLESCENTES;MESTIZO/A;24/5/2025;-0,243171;-78,491783;PICHINCHA;ENCONTRADO;CAUSAS PERSONALES;CIRCUNSTANCIAL;DESAPARICIÓN VOLUNTARIA
21/5/2025;22/5/2025;27/5/2025;ZONA 9;ELOY ALFARO - DMQ;MAGDALENA;MAGDALENA 4;17;PICHINCHA;1701;QUITO;604800;-0,247562;-78,5234;MUJER;ECUADOR;14;ADOLESCENTES;MESTIZO/A;28/5/2025;-0,259387;-78,504479;PICHINCHA;ENCONTRADO;CAUSAS FAMILIARES;NO RELACIONADOS A VIOLENCIA;DESAPARICIÓN VOLUNTARIA
21/5/2025;22/5/2025;27/5/2025;ZONA 9;ELOY ALFARO - DMQ;MAGDALENA;MAGDALENA 4;17;PICHINCHA;1701;QUITO;604800;-0,247562;-78,5234;HOMBRE;ECUADOR;14;ADOLESCENTES;MESTIZO/A;28/5/2025;-0,259387;-78,504479;PICHINCHA;ENCONTRADO;CAUSAS FAMILIARES;NO RELACIONADOS A VIOLENCIA;DESAPARICIÓN VOLUNTARIA
21/5/2025;3/6/2025;3/6/2025;ZONA 9;ELOY ALFARO - DMQ;CHIMBACALLE;CHIMBACALLE 2;17;PICHINCHA;1701;QUITO;3456000;-0,243035;-78,513201;MUJER;ECUADOR;13;ADOLESCENTES;MESTIZO/A;30/6/2025;-0,140117;-78,499693;PICHINCHA;ENCONTRADO;CAUSAS PERSONALES;CIRCUNSTANCIAL;DESAPARICIÓN VOLUNTARIA
20/5/2025;21/5/2025;21/5/2025;ZONA 9;ELOY ALFARO - DMQ;ARGELIA;ARGELIA 4;17;PICHINCHA;1701;QUITO;86400;-0,291963;-78,520903;HOMBRE;ECUADOR;14;ADOLESCENTES;MESTIZO/A;21/5/2025;-0,293687;-78,528761;PICHINCHA;ENCONTRADO;CAUSAS PERSONALES;CIRCUNSTANCIAL;DESAPARICIÓN VOLUNTARIA
20/5/2025;23/5/2025;23/5/2025;ZONA 9;LA DELICIA;LA ROLDÓS;LA ROLDÓS 1;17;PICHINCHA;1701;QUITO;518400;-0,087494;-78,484834;HOMBRE;ECUADOR;34;ADULTO;MESTIZO/A;26/5/2025;-0,081798;-78,475949;PICHINCHA;ENCONTRADO;CAUSAS SOCIALES;ALCOHOLISMO;DESAPARICIÓN VOLUNTARIA
20/5/2025;21/5/2025;21/5/2025;ZONA 9;ELOY ALFARO - DMQ;BARRIO NUEVO;BARRIO NUEVO 2;17;PICHINCHA;1701;QUITO;86400;-0,280101;-78,545759;MUJER;ECUADOR;13;ADOLESCENTES;MESTIZO/A;21/5/2025;-0,318359;-78,549455;PICHINCHA;ENCONTRADO;CAUSAS PERSONALES;CIRCUNSTANCIAL;DESAPARICIÓN VOLUNTARIA
20/5/2025;21/5/2025;21/5/2025;ZONA 9;LA DELICIA;COTOCOLLAO;COTOCOLLAO 4;17;PICHINCHA;1701;QUITO;86400;-0,104962;-78,500011;MUJER;ECUADOR;16;ADOLESCENTES;MESTIZO/A;21/5/2025;-0,14237;-78,50021;PICHINCHA;ENCONTRADO;CAUSAS PERSONALES;CIRCUNSTANCIAL;DESAPARICIÓN VOLUNTARIA
20/5/2025;21/5/2025;21/5/2025;ZONA 9;CALDERÓN;GUAYLLABAMBA;GUAYLLABAMBA 1;17;PICHINCHA;1701;QUITO;172800;-0,067048;-78,352882;MUJER;ECUADOR;14;ADOLESCENTES;MESTIZO/A;22/5/2025;-0,471292;-76,984273;ORELLANA;ENCONTRADO;CAUSAS FAMILIARES;NO RELACIONADOS A VIOLENCIA;DESAPARICIÓN VOLUNTARIA
20/5/2025;21/5/2025;22/5/2025;ZONA 9;MANUELA SÁENZ;PANECILLO;PANECILLO 2;17;PICHINCHA;1701;QUITO;345600;-0,223923;-78,516441;MUJER;ECUADOR;16;ADOLESCENTES;MESTIZO/A;24/5/2025;-0,227252;-78,490205;PICHINCHA;ENCONTRADO;CAUSAS SOCIALES;ALCOHOLISMO;DESAPARICIÓN VOLUNTARIA
20/5/2025;9/6/2025;9/6/2025;ZONA 9;QUITUMBE;LAS CUADRAS;LAS CUADRAS 1;17;PICHINCHA;1701;QUITO;11318400;-0,304072;-78,559012;MUJER;ECUADOR;17;ADOLESCENTES;MESTIZO/A;28/9/2025;-0,310574;-78,564136;PICHINCHA;ENCONTRADO;CAUSAS PERSONALES;RELACIÓN AFECTIVA;DESAPARICIÓN VOLUNTARIA
19/5/2025;2/6/2025;3/6/2025;ZONA 9;QUITUMBE;GUAMANÍ;GUAMANÍ 3;17;PICHINCHA;1701;QUITO;1555200;-0,339449;-78,558323;MUJER;VENEZUELA;22;ADULTO;MESTIZO/A;6/6/2025;-0,181967;-78,504063;PICHINCHA;FALLECIDO;FALLECIDO;SIN_DATO;DESAPARICIÓN INVOLUNTARIA
19/5/2025;20/5/2025;20/5/2025;ZONA 9;EUGENIO ESPEJO;COCHAPAMBA;COCHAPAMBA 1;17;PICHINCHA;1701;QUITO;86400;-0,151269;-78,505488;HOMBRE;ECUADOR;55;ADULTO;MESTIZO/A;20/5/2025;-0,150246;-78,50223;PICHINCHA;ENCONTRADO;POSIBLE VINCULACIÓN A DELITO;ROBO (ESCOPOLAMINA U OTRA DROGA ALUCINÓGENA ALTAMENTE TÓXICA);DESAPARICIÓN INVOLUNTARIA
19/5/2025;20/5/2025;20/5/2025;ZONA 9;MANUELA SÁENZ;LA LIBERTAD;LA LIBERTAD 1;17;PICHINCHA;1701;QUITO;604800;-0,224237;-78,52749;MUJER;ECUADOR;15;ADOLESCENTES;MESTIZO/A;26/5/2025;-0,335812;-78,478121;PICHINCHA;ENCONTRADO;CAUSAS SOCIALES;ALCOHOLISMO;DESAPARICIÓN VOLUNTARIA
19/5/2025;20/5/2025;20/5/2025;ZONA 9;ELOY ALFARO - DMQ;EL CALZADO;EL CALZADO 3;17;PICHINCHA;1701;QUITO;172800;-0,266162;-78,534069;MUJER;ECUADOR;15;ADOLESCENTES;MESTIZO/A;21/5/2025;-0,142015;-78,505256;PICHINCHA;ENCONTRADO;CAUSAS PERSONALES;CIRCUNSTANCIAL;DESAPARICIÓN VOLUNTARIA
19/5/2025;19/5/2025;19/5/2025;ZONA 9;EUGENIO ESPEJO;LA MARISCAL;LA MARISCAL 1;17;PICHINCHA;1701;QUITO;172800;-0,198629;-78,493833;HOMBRE;ECUADOR;14;ADOLESCENTES;MESTIZO/A;21/5/2025;-0,208623;-78,497747;PICHINCHA;ENCONTRADO;CAUSAS PERSONALES;CIRCUNSTANCIAL;DESAPARICIÓN VOLUNTARIA
19/5/2025;20/5/2025;20/5/2025;ZONA 9;EUGENIO ESPEJO;JIPIJAPA;JIPIJAPA 1;17;PICHINCHA;1701;QUITO;86400;-0,159201;-78,483988;MUJER;ECUADOR;15;ADOLESCENTES;MESTIZO/A;20/5/2025;-0,999102;-77,812519;NAPO;ENCONTRADO;CAUSAS PERSONALES;CIRCUNSTANCIAL;DESAPARICIÓN VOLUNTARIA
19/5/2025;20/5/2025;20/5/2025;ZONA 9;EUGENIO ESPEJO;JIPIJAPA;JIPIJAPA 1;17;PICHINCHA;1701;QUITO;86400;-0,159201;-78,483988;HOMBRE;ECUADOR;16;ADOLESCENTES;MESTIZO/A;20/5/2025;-0,983107;-77,816313;NAPO;ENCONTRADO;CAUSAS PERSONALES;CIRCUNSTANCIAL;DESAPARICIÓN VOLUNTARIA
19/5/2025;20/5/2025;20/5/2025;ZONA 9;CALDERÓN;CARAPUNGO;CARAPUNGO 3;17;PICHINCHA;1701;QUITO;518400;-0,092277;-78,45478;HOMBRE;ECUADOR;16;ADOLESCENTES;MESTIZO/A;25/5/2025;-0,094077;-78,452152;PICHINCHA;ENCONTRADO;CAUSAS PERSONALES;CIRCUNSTANCIAL;DESAPARICIÓN VOLUNTARIA
19/5/2025;23/5/2025;23/5/2025;ZONA 9;ELOY ALFARO - DMQ;CHILIBULO;CHILIBULO 5;17;PICHINCHA;1701;QUITO;518400;-0,218003;-78,53295;MUJER;ECUADOR;15;ADOLESCENTES;MESTIZO/A;25/5/2025;-0,215937;-78,466796;PICHINCHA;ENCONTRADO;CAUSAS PERSONALES;CIRCUNSTANCIAL;DESAPARICIÓN VOLUNTARIA
18/5/2025;18/5/2025;18/5/2025;ZONA 9;MANUELA SÁENZ;PANECILLO;PANECILLO 2;17;PICHINCHA;1701;QUITO;0;-0,222762;-78,519037;MUJER;ECUADOR;15;ADOLESCENTES;MESTIZO/A;18/5/2025;-0,218787;-78,517383;PICHINCHA;ENCONTRADO;CAUSAS PERSONALES;CIRCUNSTANCIAL;DESAPARICIÓN VOLUNTARIA
18/5/2025;19/5/2025;19/5/2025;ZONA 9;ELOY ALFARO - DMQ;SANTA ANITA;SANTA ANITA 1;17;PICHINCHA;1701;QUITO;172800;-0,264749;-78,548845;HOMBRE;ECUADOR;66;ADULTO MAYOR;MESTIZO/A;20/5/2025;-0,246804;-78,571312;PICHINCHA;ENCONTRADO;CAUSAS PERSONALES;CIRCUNSTANCIAL;DESAPARICIÓN VOLUNTARIA
18/5/2025;20/5/2025;20/5/2025;ZONA 9;QUITUMBE;ECUATORIANA;ECUATORIANA 1;17;PICHINCHA;1701;QUITO;259200;-0,298764;-78,567973;MUJER;ECUADOR;18;ADULTO;MESTIZO/A;21/5/2025;-0,275608;-78,553227;PICHINCHA;ENCONTRADO;CAUSAS PERSONALES;CIRCUNSTANCIAL;DESAPARICIÓN VOLUNTARIA
18/5/2025;19/5/2025;19/5/2025;ZONA 9;LA DELICIA;POMASQUI;POMASQUI 3;17;PICHINCHA;1701;QUITO;172800;-0,064512;-78,464663;HOMBRE;ECUADOR;35;ADULTO;MESTIZO/A;20/5/2025;-0,092007;-78,436708;PICHINCHA;ENCONTRADO;EXTRAVIADO - AUSENCIA TEMPORAL;HOSPITALIZADO;EXTRAVÍO
17/5/2025;17/5/2025;17/5/2025;ZONA 9;LA DELICIA;LA ROLDÓS;LA ROLDÓS 3;17;PICHINCHA;1701;QUITO;259200;-0,090401;-78,518568;MUJER;ECUADOR;16;ADOLESCENTES;MESTIZO/A;20/5/2025;-0,142371;-78,500302;PICHINCHA;ENCONTRADO;CAUSAS PERSONALES;CIRCUNSTANCIAL;DESAPARICIÓN VOLUNTARIA
17/5/2025;18/5/2025;18/5/2025;ZONA 9;TUMBACO;YARUQUÍ;YARUQUÍ 1;17;PICHINCHA;1701;QUITO;86400;-0,162468;-78,318919;MUJER;ECUADOR;12;ADOLESCENTES;MESTIZO/A;18/5/2025;-0,16111;-78,321151;PICHINCHA;ENCONTRADO;CAUSAS PERSONALES;CIRCUNSTANCIAL;DESAPARICIÓN VOLUNTARIA
17/5/2025;17/5/2025;17/5/2025;ZONA 9;EUGENIO ESPEJO;LA MARISCAL;LA MARISCAL 3;17;PICHINCHA;1701;QUITO;86400;-0,203012;-78,491077;HOMBRE;ECUADOR;39;ADULTO;MESTIZO/A;18/5/2025;-1,48369;-78,00257;PASTAZA;ENCONTRADO;CAUSAS PERSONALES;CIRCUNSTANCIAL;DESAPARICIÓN VOLUNTARIA
17/5/2025;18/5/2025;18/5/2025;ZONA 9;MANUELA SÁENZ;CENTRO HISTÓRICO;CENTRO HISTÓRICO 2;17;PICHINCHA;1701;QUITO;172800;-0,220164;-78,512327;MUJER;ECUADOR;15;ADOLESCENTES;MESTIZO/A;19/5/2025;-0,275049;-78,541256;PICHINCHA;ENCONTRADO;CAUSAS PERSONALES;CIRCUNSTANCIAL;DESAPARICIÓN VOLUNTARIA
17/5/2025;18/5/2025;18/5/2025;ZONA 9;MANUELA SÁENZ;CENTRO HISTÓRICO;CENTRO HISTÓRICO 2;17;PICHINCHA;1701;QUITO;86400;-0,220164;-78,512327;HOMBRE;ECUADOR;23;ADULTO;MESTIZO/A;18/5/2025;-0,255086;-78,62491;PICHINCHA;ENCONTRADO;CAUSAS PERSONALES;CIRCUNSTANCIAL;DESAPARICIÓN VOLUNTARIA
17/5/2025;17/5/2025;19/5/2025;ZONA 9;MANUELA SÁENZ;LA LIBERTAD;LA LIBERTAD 1;17;PICHINCHA;1701;QUITO;259200;-0,230337;-78,52421;HOMBRE;ECUADOR;95;ADULTO MAYOR;MESTIZO/A;20/5/2025;-0,140139;-78,50009;PICHINCHA;ENCONTRADO;EXTRAVIADO - DISCAPACIDAD / ENFERMEDADES / TRASTORNOS;DISCAPACIDAD SENSORIAL;EXTRAVÍO
17/5/2025;19/5/2025;19/5/2025;ZONA 9;TUMBACO;TUMBACO SUR;TUMBACO SUR 2;17;PICHINCHA;1701;QUITO;950400;-0,211463;-78,379057;HOMBRE;ECUADOR;17;ADOLESCENTES;MESTIZO/A;28/5/2025;0,221902;-78,419711;PICHINCHA;ENCONTRADO;CAUSAS PERSONALES;CIRCUNSTANCIAL;DESAPARICIÓN VOLUNTARIA
16/5/2025;17/5/2025;19/5/2025;ZONA 9;ELOY ALFARO - DMQ;EL CALZADO;EL CALZADO 1;17;PICHINCHA;1701;QUITO;172800;-0,254244;-78,527041;HOMBRE;ECUADOR;28;ADULTO;MESTIZO/A;18/5/2025;-0,283593;-78,561821;PICHINCHA;ENCONTRADO;CAUSAS PERSONALES;CIRCUNSTANCIAL;DESAPARICIÓN VOLUNTARIA
16/5/2025;17/5/2025;17/5/2025;ZONA 9;LA DELICIA;COTOCOLLAO;COTOCOLLAO 1;17;PICHINCHA;1701;QUITO;172800;-0,129073;-78,496927;HOMBRE;ECUADOR;33;ADULTO;MESTIZO/A;18/5/2025;-0,140354;-78,502684;PICHINCHA;ENCONTRADO;CAUSAS PERSONALES;CIRCUNSTANCIAL;DESAPARICIÓN VOLUNTARIA
16/5/2025;18/5/2025;18/5/2025;ZONA 9;LOS CHILLOS;CONOCOTO NORTE;CONOCOTO NORTE 2;17;PICHINCHA;1701;QUITO;172800;-0,282901;-78,476267;HOMBRE;ECUADOR;20;ADULTO;MESTIZO/A;18/5/2025;-0,14237;-78,50021;PICHINCHA;FALLECIDO;FALLECIDO;ACCIDENTAL;DESAPARICIÓN INVOLUNTARIA
16/5/2025;16/5/2025;16/5/2025;ZONA 9;MANUELA SÁENZ;CENTRO HISTÓRICO;CENTRO HISTÓRICO 5;17;PICHINCHA;1701;QUITO;0;-0,223207;-78,505107;HOMBRE;ECUADOR;56;ADULTO;MESTIZO/A;16/5/2025;-0,128142;-78,469619;PICHINCHA;ENCONTRADO;CAUSAS PERSONALES;CIRCUNSTANCIAL;DESAPARICIÓN VOLUNTARIA
16/5/2025;17/5/2025;17/5/2025;ZONA 9;LA DELICIA;PONCIANO;PONCIANO 1;17;PICHINCHA;1701;QUITO;86400;-0,118851;-78,487518;MUJER;ECUADOR;18;ADULTO;MESTIZO/A;17/5/2025;-0,140354;-78,502684;PICHINCHA;ENCONTRADO;CAUSAS PERSONALES;CIRCUNSTANCIAL;DESAPARICIÓN VOLUNTARIA
16/5/2025;20/5/2025;23/5/2025;ZONA 9;EUGENIO ESPEJO;COCHAPAMBA;COCHAPAMBA 3;17;PICHINCHA;1701;QUITO;604800;-0,13778;-78,508236;HOMBRE;ECUADOR;17;ADOLESCENTES;MESTIZO/A;23/5/2025;-0,130341;-78,504571;PICHINCHA;ENCONTRADO;CAUSAS PERSONALES;CIRCUNSTANCIAL;DESAPARICIÓN VOLUNTARIA
16/5/2025;26/5/2025;26/5/2025;ZONA 9;LA DELICIA;PONCIANO;PONCIANO 2;17;PICHINCHA;1701;QUITO;864000;-0,109955;-78,487637;MUJER;ECUADOR;16;ADOLESCENTES;MESTIZO/A;26/5/2025;-0,14235;-78,4996;PICHINCHA;ENCONTRADO;CAUSAS PERSONALES;CIRCUNSTANCIAL;DESAPARICIÓN VOLUNTARIA
15/5/2025;16/5/2025;16/5/2025;ZONA 9;LA DELICIA;COLINAS DEL NORTE;COLINAS DEL NORTE 3;17;PICHINCHA;1701;QUITO;86400;-0,094434;-78,505142;HOMBRE;ECUADOR;13;ADOLESCENTES;MESTIZO/A;16/5/2025;-0,140354;-78,502684;PICHINCHA;ENCONTRADO;CAUSAS PERSONALES;CIRCUNSTANCIAL;DESAPARICIÓN VOLUNTARIA
15/5/2025;15/5/2025;15/5/2025;ZONA 9;LA DELICIA;CALACALI;CALACALI 1;17;PICHINCHA;1701;QUITO;777600;-0,038538;-78,500062;MUJER;ECUADOR;16;ADOLESCENTES;AFRO;24/5/2025;-0,04961;-78,455094;PICHINCHA;ENCONTRADO;CAUSAS FAMILIARES;NO RELACIONADOS A VIOLENCIA;DESAPARICIÓN VOLUNTARIA
15/5/2025;16/5/2025;16/5/2025;ZONA 9;LOS CHILLOS;ALANGASÍ;ALANGASÍ 1;17;PICHINCHA;1701;QUITO;432000;-0,303723;-78,421913;HOMBRE;ECUADOR;41;ADULTO;MESTIZO/A;20/5/2025;-0,286678;-78,528759;PICHINCHA;ENCONTRADO;POSIBLE VINCULACIÓN A DELITO;ROBO (ESCOPOLAMINA U OTRA DROGA ALUCINÓGENA ALTAMENTE TÓXICA);DESAPARICIÓN INVOLUNTARIA
15/5/2025;16/5/2025;16/5/2025;ZONA 9;QUITUMBE;ECUATORIANA;ECUATORIANA 4;17;PICHINCHA;1701;QUITO;259200;-0,338711;-78,607761;HOMBRE;ECUADOR;15;ADOLESCENTES;MESTIZO/A;18/5/2025;-0,276034;-78,554883;PICHINCHA;ENCONTRADO;CAUSAS PERSONALES;CIRCUNSTANCIAL;DESAPARICIÓN VOLUNTARIA
15/5/2025;16/5/2025;16/5/2025;ZONA 9;MANUELA SÁENZ;SAN JUAN;SAN JUAN 1;17;PICHINCHA;1701;QUITO;86400;-0,207876;-78,499974;MUJER;ECUADOR;8;NIÑOS(AS);AFRO;16/5/2025;-0,207514;-78,501055;PICHINCHA;ENCONTRADO;EXTRAVIADO - AUSENCIA TEMPORAL;ACCIDENTAL POR DESCUIDO;EXTRAVÍO
15/5/2025;16/5/2025;16/5/2025;ZONA 9;QUITUMBE;ECUATORIANA;ECUATORIANA 4;17;PICHINCHA;1701;QUITO;432000;-0,320607;-78,572545;HOMBRE;ECUADOR;13;ADOLESCENTES;MESTIZO/A;20/5/2025;-0,322853;-78,57377;PICHINCHA;ENCONTRADO;CAUSAS PERSONALES;CIRCUNSTANCIAL;DESAPARICIÓN VOLUNTARIA
15/5/2025;16/5/2025;21/5/2025;ZONA 9;LOS CHILLOS;CONOCOTO NORTE;CONOCOTO NORTE 4;17;PICHINCHA;1701;QUITO;777600;-0,266739;-78,48051;HOMBRE;ECUADOR;13;ADOLESCENTES;MESTIZO/A;24/5/2025;-0,266739;-78,48051;PICHINCHA;ENCONTRADO;EXTRAVIADO - DISCAPACIDAD / ENFERMEDADES / TRASTORNOS;DISCAPACIDAD INTELECTUAL;EXTRAVÍO
14/5/2025;14/5/2025;14/5/2025;ZONA 9;EUGENIO ESPEJO;LA MARISCAL;LA MARISCAL 4;17;PICHINCHA;1701;QUITO;0;-0,208313;-78,496123;HOMBRE;ECUADOR;64;ADULTO;MESTIZO/A;14/5/2025;-0,108559;-78,487738;PICHINCHA;ENCONTRADO;CAUSAS PERSONALES;CIRCUNSTANCIAL;DESAPARICIÓN VOLUNTARIA
14/5/2025;14/5/2025;14/5/2025;ZONA 9;LA DELICIA;POMASQUI;POMASQUI 1;17;PICHINCHA;1701;QUITO;86400;-0,066689;-78,454663;MUJER;ECUADOR;13;ADOLESCENTES;MESTIZO/A;15/5/2025;-0,14237;-78,50021;PICHINCHA;ENCONTRADO;CAUSAS PERSONALES;CIRCUNSTANCIAL;DESAPARICIÓN VOLUNTARIA
14/5/2025;16/5/2025;16/5/2025;ZONA 9;QUITUMBE;ECUATORIANA;ECUATORIANA 4;17;PICHINCHA;1701;QUITO;691200;-0,309395;-78,567462;HOMBRE;ECUADOR;22;ADULTO;MESTIZO/A;22/5/2025;-0,142317;-78,500251;PICHINCHA;ENCONTRADO;CAUSAS PERSONALES;CIRCUNSTANCIAL;DESAPARICIÓN VOLUNTARIA
14/5/2025;14/5/2025;15/5/2025;ZONA 9;LA DELICIA;EL MIRADOR;EL MIRADOR 2;17;PICHINCHA;1701;QUITO;345600;-0,121754;-78,470776;MUJER;ECUADOR;13;ADOLESCENTES;MESTIZO/A;18/5/2025;-0,09497;-78,52776;PICHINCHA;ENCONTRADO;CAUSAS PERSONALES;CIRCUNSTANCIAL;DESAPARICIÓN VOLUNTARIA
13/5/2025;14/5/2025;14/5/2025;ZONA 9;LA DELICIA;EL MIRADOR;EL MIRADOR 3;17;PICHINCHA;1701;QUITO;777600;-0,125617;-78,465412;MUJER;ECUADOR;19;ADULTO;MESTIZO/A;22/5/2025;-0,123852;-78,468947;PICHINCHA;ENCONTRADO;CAUSAS PERSONALES;CIRCUNSTANCIAL;DESAPARICIÓN VOLUNTARIA
13/5/2025;14/5/2025;14/5/2025;ZONA 9;EUGENIO ESPEJO;DAMMER;DAMMER 1;17;PICHINCHA;1701;QUITO;86400;-0,14497;-78,474076;HOMBRE;ECUADOR;52;ADULTO;MESTIZO/A;14/5/2025;-0,176469;-78,485849;PICHINCHA;ENCONTRADO;CAUSAS PERSONALES;CIRCUNSTANCIAL;DESAPARICIÓN VOLUNTARIA
13/5/2025;15/5/2025;15/5/2025;ZONA 9;MANUELA SÁENZ;PUENGASÍ;PUENGASÍ 3;17;PICHINCHA;1701;QUITO;518400;-0,242847;-78,499936;HOMBRE;ECUADOR;41;ADULTO;MESTIZO/A;19/5/2025;-0,181752;-78,504431;PICHINCHA;FALLECIDO;FALLECIDO;ACCIDENTAL;DESAPARICIÓN INVOLUNTARIA
13/5/2025;15/5/2025;15/5/2025;ZONA 9;LA DELICIA;COLINAS DEL NORTE;COLINAS DEL NORTE 3;17;PICHINCHA;1701;QUITO;777600;-0,095158;-78,502268;MUJER;ECUADOR;25;ADULTO;MESTIZO/A;22/5/2025;-0,140364;-78,500122;PICHINCHA;ENCONTRADO;CAUSAS PERSONALES;CIRCUNSTANCIAL;DESAPARICIÓN VOLUNTARIA
13/5/2025;16/5/2025;16/5/2025;ZONA 9;MANUELA SÁENZ;PUENGASÍ;PUENGASÍ 3;17;PICHINCHA;1701;QUITO;518400;-0,242847;-78,499936;HOMBRE;ECUADOR;18;ADULTO;MESTIZO/A;19/5/2025;-0,206982;-78,4977;PICHINCHA;ENCONTRADO;EXTRAVIADO - DISCAPACIDAD / ENFERMEDADES / TRASTORNOS;DISCAPACIDAD INTELECTUAL;EXTRAVÍO
13/5/2025;14/5/2025;14/5/2025;ZONA 9;CALDERÓN;BICENTENARIO;BICENTENARIO 2;17;PICHINCHA;1701;QUITO;2937600;-0,082225;-78,436897;MUJER;ECUADOR;16;ADOLESCENTES;MONTUBIO/A;16/6/2025;-1,022603;-79,459542;LOS RIOS;ENCONTRADO;CAUSAS PERSONALES;RELACIÓN AFECTIVA;DESAPARICIÓN VOLUNTARIA
12/5/2025;12/5/2025;12/5/2025;ZONA 9;LA DELICIA;SAN ANTONIO BAJO;SAN ANTONIO BAJO 1;17;PICHINCHA;1701;QUITO;604800;-0,007996;-78,457345;HOMBRE;COLOMBIA;17;ADOLESCENTES;MESTIZO/A;19/5/2025;-0,140493;-78,502686;PICHINCHA;ENCONTRADO;CAUSAS FAMILIARES;NO RELACIONADOS A VIOLENCIA;DESAPARICIÓN VOLUNTARIA
12/5/2025;12/5/2025;12/5/2025;ZONA 9;LA DELICIA;EL MIRADOR;EL MIRADOR 2;17;PICHINCHA;1701;QUITO;0;-0,122129;-78,467472;MUJER;PERU;11;NIÑOS(AS);MESTIZO/A;12/5/2025;-0,1529;-78,48804;PICHINCHA;ENCONTRADO;CAUSAS PERSONALES;CIRCUNSTANCIAL;DESAPARICIÓN VOLUNTARIA
12/5/2025;12/5/2025;12/5/2025;ZONA 9;LA DELICIA;EL MIRADOR;EL MIRADOR 2;17;PICHINCHA;1701;QUITO;0;-0,120241;-78,466678;MUJER;ECUADOR;11;NIÑOS(AS);MESTIZO/A;12/5/2025;-0,1529;-78,48804;PICHINCHA;ENCONTRADO;CAUSAS PERSONALES;CIRCUNSTANCIAL;DESAPARICIÓN VOLUNTARIA
12/5/2025;13/5/2025;13/5/2025;ZONA 9;MANUELA SÁENZ;CENTRO HISTÓRICO;CENTRO HISTÓRICO 3;17;PICHINCHA;1701;QUITO;518400;-0,219503;-78,519362;MUJER;ECUADOR;18;ADULTO;MESTIZO/A;18/5/2025;-2,633648;-80,389941;GUAYAS;ENCONTRADO;CAUSAS PERSONALES;RELACIÓN AFECTIVA;DESAPARICIÓN VOLUNTARIA
12/5/2025;13/5/2025;13/5/2025;ZONA 9;ELOY ALFARO - DMQ;BARRIO NUEVO;BARRIO NUEVO 1;17;PICHINCHA;1701;QUITO;604800;-0,269464;-78,550937;MUJER;ECUADOR;17;ADOLESCENTES;INDIGENA;19/5/2025;-0,269464;-78,550937;PICHINCHA;ENCONTRADO;CAUSAS PERSONALES;CIRCUNSTANCIAL;DESAPARICIÓN VOLUNTARIA
12/5/2025;23/5/2025;23/5/2025;ZONA 9;LA DELICIA;EL MIRADOR;EL MIRADOR 2;17;PICHINCHA;1701;QUITO;1036800;-0,121754;-78,470776;HOMBRE;ECUADOR;34;ADULTO;MESTIZO/A;24/5/2025;-0,142139;-78,503147;PICHINCHA;ENCONTRADO;CAUSAS SOCIALES;ALCOHOLISMO;DESAPARICIÓN VOLUNTARIA
11/5/2025;12/5/2025;12/5/2025;ZONA 9;CALDERÓN;BICENTENARIO;BICENTENARIO 2;17;PICHINCHA;1701;QUITO;86400;-0,079392;-78,448562;MUJER;ECUADOR;81;ADULTO MAYOR;MESTIZO/A;12/5/2025;-0,089229;-78,44022;PICHINCHA;ENCONTRADO;CAUSAS FAMILIARES;NO RELACIONADOS A VIOLENCIA;DESAPARICIÓN VOLUNTARIA
11/5/2025;11/5/2025;11/5/2025;ZONA 9;EUGENIO ESPEJO;DAMMER;DAMMER 1;17;PICHINCHA;1701;QUITO;86400;-0,154168;-78,475571;MUJER;ECUADOR;11;NIÑOS(AS);MESTIZO/A;12/5/2025;-0,121754;-78,470776;PICHINCHA;ENCONTRADO;CAUSAS PERSONALES;CIRCUNSTANCIAL;DESAPARICIÓN VOLUNTARIA
11/5/2025;13/5/2025;13/5/2025;ZONA 9;EUGENIO ESPEJO;AEROPUERTO;AEROPUERTO 3;17;PICHINCHA;1701;QUITO;172800;-0,14237;-78,50021;MUJER;ECUADOR;17;ADOLESCENTES;MESTIZO/A;13/5/2025;-0,109722;-78,487778;PICHINCHA;ENCONTRADO;CAUSAS PERSONALES;CIRCUNSTANCIAL;DESAPARICIÓN VOLUNTARIA
11/5/2025;13/5/2025;15/5/2025;ZONA 9;ELOY ALFARO - DMQ;ARGELIA;ARGELIA 5;17;PICHINCHA;1701;QUITO;777600;-0,286678;-78,528759;HOMBRE;ECUADOR;15;ADOLESCENTES;MESTIZO/A;20/5/2025;-0,338797;-78,607761;PICHINCHA;ENCONTRADO;CAUSAS PERSONALES;CIRCUNSTANCIAL;DESAPARICIÓN VOLUNTARIA
10/5/2025;10/5/2025;10/5/2025;ZONA 9;QUITUMBE;TURUBAMBA;TURUBAMBA 3;17;PICHINCHA;1701;QUITO;0;-0,328637;-78,546798;HOMBRE;ECUADOR;18;ADULTO;MESTIZO/A;10/5/2025;-0,59191;-76,891937;ORELLANA;ENCONTRADO;POSIBLE VINCULACIÓN A DELITO;ROBO (ESCOPOLAMINA U OTRA DROGA ALUCINÓGENA ALTAMENTE TÓXICA);DESAPARICIÓN INVOLUNTARIA
10/5/2025;10/5/2025;10/5/2025;ZONA 9;ELOY ALFARO - DMQ;BARRIO NUEVO;BARRIO NUEVO 2;17;PICHINCHA;1701;QUITO;86400;-0,28099;-78,545531;MUJER;ECUADOR;19;ADULTO;MESTIZO/A;11/5/2025;-0,142402;-78,500207;PICHINCHA;ENCONTRADO;CAUSAS PERSONALES;RELACIÓN AFECTIVA;DESAPARICIÓN VOLUNTARIA
10/5/2025;13/5/2025;13/5/2025;ZONA 9;EUGENIO ESPEJO;EL BOSQUE;EL BOSQUE 5;17;PICHINCHA;1701;QUITO;691200;-0,186944;-78,52029;MUJER;ECUADOR;21;ADULTO;MESTIZO/A;18/5/2025;-0,216025;-78,517002;PICHINCHA;ENCONTRADO;CAUSAS PERSONALES;CIRCUNSTANCIAL;DESAPARICIÓN VOLUNTARIA
9/5/2025;9/5/2025;10/5/2025;ZONA 9;EUGENIO ESPEJO;SAN ISIDRO DEL INCA;SAN ISIDRO DEL INCA 2;17;PICHINCHA;1701;QUITO;86400;-0,137143;-78,466266;MUJER;ECUADOR;46;ADULTO;MESTIZO/A;10/5/2025;-0,142204;-78,500236;PICHINCHA;ENCONTRADO;CAUSAS PERSONALES;CIRCUNSTANCIAL;DESAPARICIÓN VOLUNTARIA
9/5/2025;11/5/2025;11/5/2025;ZONA 9;ELOY ALFARO - DMQ;CHILIBULO;CHILIBULO 6;17;PICHINCHA;1701;QUITO;950400;-0,238036;-78,529714;HOMBRE;ECUADOR;46;ADULTO;MESTIZO/A;20/5/2025;-0,234769;-78,535938;PICHINCHA;ENCONTRADO;CAUSAS FAMILIARES;NO RELACIONADOS A VIOLENCIA;DESAPARICIÓN VOLUNTARIA
9/5/2025;9/5/2025;9/5/2025;ZONA 9;LA DELICIA;LA ROLDÓS;LA ROLDÓS 2;17;PICHINCHA;1701;QUITO;0;-0,092785;-78,508981;MUJER;ECUADOR;14;ADOLESCENTES;MESTIZO/A;9/5/2025;-0,140227;-78,488253;PICHINCHA;ENCONTRADO;CAUSAS PERSONALES;CIRCUNSTANCIAL;DESAPARICIÓN VOLUNTARIA
9/5/2025;12/5/2025;12/5/2025;ZONA 9;LA DELICIA;PONCIANO;PONCIANO 3;17;PICHINCHA;1701;QUITO;345600;-0,10049;-78,472704;MUJER;ECUADOR;16;ADOLESCENTES;MESTIZO/A;13/5/2025;0,33206;-78,21567;IMBABURA;ENCONTRADO;CAUSAS PERSONALES;RELACIÓN AFECTIVA;DESAPARICIÓN VOLUNTARIA
9/5/2025;10/5/2025;10/5/2025;ZONA 9;CALDERÓN;LLANO CHICO;LLANO CHICO 1;17;PICHINCHA;1701;QUITO;172800;-0,140069;-78,436194;HOMBRE;ECUADOR;15;ADOLESCENTES;MESTIZO/A;11/5/2025;-0,134363;-78,419014;PICHINCHA;ENCONTRADO;CAUSAS PERSONALES;CIRCUNSTANCIAL;DESAPARICIÓN VOLUNTARIA
9/5/2025;10/5/2025;10/5/2025;ZONA 9;QUITUMBE;LAS CUADRAS;LAS CUADRAS 3;17;PICHINCHA;1701;QUITO;86400;-0,299696;-78,551849;MUJER;ECUADOR;20;ADULTO;MESTIZO/A;10/5/2025;-0,142481;-78,500178;PICHINCHA;ENCONTRADO;CAUSAS PERSONALES;CIRCUNSTANCIAL;DESAPARICIÓN VOLUNTARIA
9/5/2025;12/5/2025;12/5/2025;ZONA 9;QUITUMBE;GUAMANÍ;GUAMANÍ 3;17;PICHINCHA;1701;QUITO;777600;-0,337919;-78,555763;MUJER;ECUADOR;17;ADOLESCENTES;MESTIZO/A;18/5/2025;-0,140354;-78,502684;PICHINCHA;ENCONTRADO;CAUSAS PERSONALES;CIRCUNSTANCIAL;DESAPARICIÓN VOLUNTARIA
9/5/2025;12/5/2025;12/5/2025;ZONA 9;TUMBACO;TUMBACO SUR;TUMBACO SUR 1;17;PICHINCHA;1701;QUITO;518400;-0,228992;-78,409133;HOMBRE;ECUADOR;43;ADULTO;MESTIZO/A;15/5/2025;-0,206753;-78,497669;PICHINCHA;ENCONTRADO;CERRADO POR FISCALÍA / DELITO REFORMULADO;CERRADO POR FISCALÍA / DELITO REFORMULADO;DESAPARICIÓN INVOLUNTARIA
9/5/2025;14/5/2025;14/5/2025;ZONA 9;QUITUMBE;QUITUMBE;QUITUMBE 1;17;PICHINCHA;1701;QUITO;432000;-0,297103;-78,539789;MUJER;ECUADOR;26;ADULTO;MESTIZO/A;14/5/2025;-0,285976;-78,5432;PICHINCHA;ENCONTRADO;CAUSAS PERSONALES;CIRCUNSTANCIAL;DESAPARICIÓN VOLUNTARIA
9/5/2025;15/5/2025;17/5/2025;ZONA 9;ELOY ALFARO - DMQ;CHIMBACALLE;CHIMBACALLE 1;17;PICHINCHA;1701;QUITO;1468800;-0,238928;-78,514489;HOMBRE;ECUADOR;17;ADOLESCENTES;MESTIZO/A;26/5/2025;-0,33071;-78,554166;PICHINCHA;ENCONTRADO;CAUSAS PERSONALES;CIRCUNSTANCIAL;DESAPARICIÓN VOLUNTARIA
8/5/2025;8/5/2025;8/5/2025;ZONA 9;EUGENIO ESPEJO;DAMMER;DAMMER 2;17;PICHINCHA;1701;QUITO;0;-0,14823;-78,478827;HOMBRE;ECUADOR;84;ADULTO MAYOR;MESTIZO/A;8/5/2025;-0,14406;-78,4832;PICHINCHA;ENCONTRADO;CAUSAS PERSONALES;CIRCUNSTANCIAL;DESAPARICIÓN VOLUNTARIA
8/5/2025;9/5/2025;9/5/2025;ZONA 9;QUITUMBE;TURUBAMBA;TURUBAMBA 4;17;PICHINCHA;1701;QUITO;86400;-0,331865;-78,546266;HOMBRE;ECUADOR;21;ADULTO;MESTIZO/A;9/5/2025;-0,142258;-78,500408;PICHINCHA;ENCONTRADO;CAUSAS PERSONALES;CIRCUNSTANCIAL;DESAPARICIÓN VOLUNTARIA
8/5/2025;9/5/2025;9/5/2025;ZONA 9;ELOY ALFARO - DMQ;ARGELIA;ARGELIA 3;17;PICHINCHA;1701;QUITO;86400;-0,289909;-78,537417;HOMBRE;ECUADOR;23;ADULTO;MESTIZO/A;9/5/2025;-0,258099;-78,525194;PICHINCHA;ENCONTRADO;CAUSAS PERSONALES;CIRCUNSTANCIAL;DESAPARICIÓN VOLUNTARIA
8/5/2025;13/5/2025;14/5/2025;ZONA 9;ELOY ALFARO - DMQ;MAGDALENA;MAGDALENA 1;17;PICHINCHA;1701;QUITO;691200;-0,240806;-78,527328;MUJER;ECUADOR;14;ADOLESCENTES;MESTIZO/A;16/5/2025;-0,33442;-78,49365;PICHINCHA;ENCONTRADO;CAUSAS FAMILIARES;NO RELACIONADOS A VIOLENCIA;DESAPARICIÓN VOLUNTARIA
7/5/2025;9/5/2025;14/5/2025;ZONA 9;ELOY ALFARO - DMQ;CHILIBULO;CHILIBULO 5;17;PICHINCHA;1701;QUITO;1123200;-0,226975;-78,538932;MUJER;COLOMBIA;44;ADULTO;AFRO;20/5/2025;-0,304237;-78,552321;PICHINCHA;ENCONTRADO;VIOLENCIA;VIOLENCIA FÍSICA;DESAPARICIÓN VOLUNTARIA
7/5/2025;15/5/2025;15/5/2025;ZONA 9;QUITUMBE;ECUATORIANA;ECUATORIANA 4;17;PICHINCHA;1701;QUITO;777600;-0,338711;-78,607761;HOMBRE;ECUADOR;26;ADULTO;MESTIZO/A;16/5/2025;-0,140354;-78,502684;PICHINCHA;ENCONTRADO;CAUSAS PERSONALES;CIRCUNSTANCIAL;DESAPARICIÓN VOLUNTARIA
6/5/2025;7/5/2025;7/5/2025;ZONA 9;ELOY ALFARO - DMQ;FERROVIARIA;FERROVIARIA 1;17;PICHINCHA;1701;QUITO;345600;-0,271395;-78,52058;MUJER;ECUADOR;20;ADULTO;MESTIZO/A;10/5/2025;-0,145073;-78,504688;PICHINCHA;ENCONTRADO;CAUSAS PERSONALES;CIRCUNSTANCIAL;DESAPARICIÓN VOLUNTARIA
6/5/2025;7/5/2025;7/5/2025;ZONA 9;ELOY ALFARO - DMQ;CHIMBACALLE;CHIMBACALLE 3;17;PICHINCHA;1701;QUITO;172800;-0,238816;-78,510027;MUJER;ECUADOR;15;ADOLESCENTES;MESTIZO/A;8/5/2025;-0,244445;-78,541079;PICHINCHA;ENCONTRADO;CAUSAS PERSONALES;CIRCUNSTANCIAL;DESAPARICIÓN VOLUNTARIA
6/5/2025;8/5/2025;9/5/2025;ZONA 9;EUGENIO ESPEJO;UNIVERSITARIO;UNIVERSITARIO 1;17;PICHINCHA;1701;QUITO;14428800;-0,197678;-78,500535;MUJER;ECUADOR;15;ADOLESCENTES;MESTIZO/A;20/10/2025;-0,19668;-78,503602;PICHINCHA;ENCONTRADO;CAUSAS PERSONALES;CIRCUNSTANCIAL;DESAPARICIÓN VOLUNTARIA
5/5/2025;5/5/2025;5/5/2025;ZONA 9;QUITUMBE;LAS CUADRAS;LAS CUADRAS 3;17;PICHINCHA;1701;QUITO;172800;-0,281003;-78,552612;HOMBRE;ECUADOR;88;ADULTO MAYOR;MESTIZO/A;7/5/2025;-0,20461;-78,49394;PICHINCHA;FALLECIDO;FALLECIDO;ACCIDENTAL;DESAPARICIÓN INVOLUNTARIA
5/5/2025;6/5/2025;6/5/2025;ZONA 9;ELOY ALFARO - DMQ;MAGDALENA;MAGDALENA 1;17;PICHINCHA;1701;QUITO;86400;-0,241267;-78,528125;MUJER;ECUADOR;14;ADOLESCENTES;MESTIZO/A;6/5/2025;-0,243992;-78,525547;PICHINCHA;ENCONTRADO;CAUSAS PERSONALES;CIRCUNSTANCIAL;DESAPARICIÓN VOLUNTARIA
5/5/2025;5/5/2025;5/5/2025;ZONA 9;MANUELA SÁENZ;MONJAS COLLACOTO;MONJAS COLLACOTO 3;17;PICHINCHA;1701;QUITO;86400;-0,231111;-78,491389;MUJER;ECUADOR;18;ADULTO;SIN_DATO;6/5/2025;-0,14237;-78,50021;PICHINCHA;ENCONTRADO;CAUSAS PERSONALES;CIRCUNSTANCIAL;DESAPARICIÓN VOLUNTARIA
5/5/2025;6/5/2025;6/5/2025;ZONA 9;TUMBACO;TUMBACO SUR;TUMBACO SUR 1;17;PICHINCHA;1701;QUITO;259200;-0,21693;-78,411407;HOMBRE;ECUADOR;13;ADOLESCENTES;MESTIZO/A;8/5/2025;-0,220049;-78,411653;PICHINCHA;ENCONTRADO;CAUSAS PERSONALES;CIRCUNSTANCIAL;DESAPARICIÓN VOLUNTARIA
5/5/2025;8/5/2025;8/5/2025;ZONA 9;QUITUMBE;ECUATORIANA;ECUATORIANA 1;17;PICHINCHA;1701;QUITO;432000;-0,291613;-78,559777;HOMBRE;ECUADOR;38;ADULTO;MESTIZO/A;10/5/2025;-0,263477;-78,515675;PICHINCHA;ENCONTRADO;CAUSAS SOCIALES;ALCOHOLISMO;DESAPARICIÓN VOLUNTARIA
5/5/2025;5/5/2025;5/5/2025;ZONA 9;MANUELA SÁENZ;ITCHIMBIA;ITCHIMBIA 3;17;PICHINCHA;1701;QUITO;0;-0,21322;-78,49367;HOMBRE;ECUADOR;44;ADULTO;MESTIZO/A;5/5/2025;-0,209752;-78,497072;PICHINCHA;ENCONTRADO;EXTRAVIADO - DISCAPACIDAD / ENFERMEDADES / TRASTORNOS;DISCAPACIDAD INTELECTUAL;EXTRAVÍO
5/5/2025;5/5/2025;5/5/2025;ZONA 9;ELOY ALFARO - DMQ;BARRIO NUEVO;BARRIO NUEVO 1;17;PICHINCHA;1701;QUITO;0;-0,269486;-78,550937;HOMBRE;ECUADOR;43;ADULTO;MESTIZO/A;5/5/2025;-0,269464;-78,550937;PICHINCHA;ENCONTRADO;CAUSAS PERSONALES;CIRCUNSTANCIAL;DESAPARICIÓN VOLUNTARIA
5/5/2025;15/5/2025;17/5/2025;ZONA 9;LA DELICIA;CARCELÉN;CARCELÉN 2;17;PICHINCHA;1701;QUITO;1209600;-0,087828;-78,482321;HOMBRE;ECUADOR;30;ADULTO;MESTIZO/A;19/5/2025;-0,142443;-78,502764;PICHINCHA;ENCONTRADO;CAUSAS PERSONALES;CIRCUNSTANCIAL;DESAPARICIÓN VOLUNTARIA
4/5/2025;5/5/2025;5/5/2025;ZONA 9;ELOY ALFARO - DMQ;MENA;MENA 2;17;PICHINCHA;1701;QUITO;86400;-0,256106;-78,55323;MUJER;ECUADOR;18;ADULTO;MESTIZO/A;5/5/2025;-0,257025;-78,552453;PICHINCHA;ENCONTRADO;CAUSAS FAMILIARES;NO RELACIONADOS A VIOLENCIA;DESAPARICIÓN VOLUNTARIA
4/5/2025;4/5/2025;4/5/2025;ZONA 9;LA DELICIA;POMASQUI;POMASQUI 2;17;PICHINCHA;1701;QUITO;86400;-0,071392;-78,473562;MUJER;ECUADOR;79;ADULTO MAYOR;MESTIZO/A;5/5/2025;-0,107004;-78,491058;PICHINCHA;ENCONTRADO;EXTRAVIADO - AUSENCIA TEMPORAL;ACCIDENTAL POR DESCUIDO;EXTRAVÍO
4/5/2025;5/5/2025;5/5/2025;ZONA 9;CALDERÓN;CALDERÓN;CALDERÓN 2;17;PICHINCHA;1701;QUITO;172800;-0,097222;-78,4225;HOMBRE;ECUADOR;48;ADULTO;MESTIZO/A;6/5/2025;-0,093665;-78,440394;PICHINCHA;ENCONTRADO;CAUSAS SOCIALES;ALCOHOLISMO;DESAPARICIÓN VOLUNTARIA
3/5/2025;11/6/2025;11/6/2025;ZONA 9;ELOY ALFARO - DMQ;SOLANDA;SOLANDA 2;17;PICHINCHA;1701;QUITO;4060800;-0,270738;-78,539653;MUJER;VENEZUELA;17;ADOLESCENTES;SIN_DATO;19/6/2025;-0,142274;-78,5001;PICHINCHA;ENCONTRADO;CAUSAS PERSONALES;CIRCUNSTANCIAL;DESAPARICIÓN VOLUNTARIA
3/5/2025;3/5/2025;3/5/2025;ZONA 9;QUITUMBE;GUAMANÍ;GUAMANÍ 3;17;PICHINCHA;1701;QUITO;0;-0,332544;-78,555215;HOMBRE;ECUADOR;13;ADOLESCENTES;MESTIZO/A;3/5/2025;-0,332541;-78,557934;PICHINCHA;ENCONTRADO;CAUSAS FAMILIARES;NO RELACIONADOS A VIOLENCIA;DESAPARICIÓN VOLUNTARIA
3/5/2025;3/5/2025;3/5/2025;ZONA 9;EUGENIO ESPEJO;COCHAPAMBA;COCHAPAMBA 3;17;PICHINCHA;1701;QUITO;172800;-0,124105;-78,505383;HOMBRE;ECUADOR;13;ADOLESCENTES;AFRO;5/5/2025;-0,099216;-78,453203;PICHINCHA;ENCONTRADO;CAUSAS FAMILIARES;NO RELACIONADOS A VIOLENCIA;DESAPARICIÓN VOLUNTARIA
3/5/2025;4/5/2025;4/5/2025;ZONA 9;QUITUMBE;ECUATORIANA;ECUATORIANA 2;17;PICHINCHA;1701;QUITO;259200;-0,30815;-78,573443;MUJER;ECUADOR;14;ADOLESCENTES;INDIGENA;6/5/2025;-0,276299;-78,552585;PICHINCHA;ENCONTRADO;CAUSAS PERSONALES;CIRCUNSTANCIAL;DESAPARICIÓN VOLUNTARIA
3/5/2025;4/5/2025;4/5/2025;ZONA 9;LA DELICIA;SAN ANTONIO BAJO;SAN ANTONIO BAJO 1;17;PICHINCHA;1701;QUITO;172800;0,000081;-78,448114;MUJER;ECUADOR;19;ADULTO;MESTIZO/A;5/5/2025;-0,093622;-78,440394;PICHINCHA;ENCONTRADO;CAUSAS PERSONALES;CIRCUNSTANCIAL;DESAPARICIÓN VOLUNTARIA
3/5/2025;7/5/2025;7/5/2025;ZONA 9;ELOY ALFARO - DMQ;CHIMBACALLE;CHIMBACALLE 4;17;PICHINCHA;1701;QUITO;345600;-0,250891;-78,517992;HOMBRE;ECUADOR;16;ADOLESCENTES;MESTIZO/A;7/5/2025;-0,24102;-78,525325;PICHINCHA;ENCONTRADO;CAUSAS PERSONALES;CIRCUNSTANCIAL;DESAPARICIÓN VOLUNTARIA
2/5/2025;6/5/2025;6/5/2025;ZONA 9;QUITUMBE;TURUBAMBA;TURUBAMBA 3;17;PICHINCHA;1701;QUITO;604800;-0,326899;-78,540535;MUJER;ECUADOR;22;ADULTO;MESTIZO/A;9/5/2025;0,965331;-79,653038;ESMERALDAS;ENCONTRADO;CAUSAS PERSONALES;RELACIÓN AFECTIVA;DESAPARICIÓN VOLUNTARIA
2/5/2025;2/5/2025;2/5/2025;ZONA 9;EUGENIO ESPEJO;LA MARISCAL;LA MARISCAL 5;17;PICHINCHA;1701;QUITO;0;-0,203545;-78,485513;HOMBRE;ECUADOR;19;ADULTO;MESTIZO/A;2/5/2025;-0,142445;-78,501546;PICHINCHA;ENCONTRADO;CAUSAS SOCIALES;ALCOHOLISMO;DESAPARICIÓN VOLUNTARIA
2/5/2025;2/5/2025;2/5/2025;ZONA 9;MANUELA SÁENZ;ITCHIMBIA;ITCHIMBIA 4;17;PICHINCHA;1701;QUITO;86400;-0,228797;-78,506982;HOMBRE;ECUADOR;28;ADULTO;MESTIZO/A;3/5/2025;-0,331365;-78,472993;PICHINCHA;ENCONTRADO;CAUSAS PERSONALES;CIRCUNSTANCIAL;DESAPARICIÓN VOLUNTARIA
2/5/2025;2/5/2025;2/5/2025;ZONA 9;EUGENIO ESPEJO;DAMMER;DAMMER 1;17;PICHINCHA;1701;QUITO;259200;-0,149066;-78,473434;MUJER;ECUADOR;18;ADULTO;MESTIZO/A;5/5/2025;-0,15017;-78,438377;PICHINCHA;ENCONTRADO;CAUSAS PERSONALES;CIRCUNSTANCIAL;DESAPARICIÓN VOLUNTARIA
2/5/2025;23/5/2025;23/5/2025;ZONA 9;TUMBACO;TUMBACO;TUMBACO 2;17;PICHINCHA;1701;QUITO;3024000;-0,169966;-78,409994;HOMBRE;ECUADOR;21;ADULTO;MESTIZO/A;6/6/2025;-0,142137;-78,499831;PICHINCHA;ENCONTRADO;CAUSAS FAMILIARES;NO RELACIONADOS A VIOLENCIA;DESAPARICIÓN VOLUNTARIA
1/5/2025;1/5/2025;1/5/2025;ZONA 9;ELOY ALFARO - DMQ;EL CALZADO;EL CALZADO 2;17;PICHINCHA;1701;QUITO;1900800;-0,258617;-78,526;MUJER;ECUADOR;15;ADOLESCENTES;MESTIZO/A;23/5/2025;-0,2953;-78,568816;PICHINCHA;ENCONTRADO;CAUSAS FAMILIARES;NO RELACIONADOS A VIOLENCIA;DESAPARICIÓN VOLUNTARIA
1/5/2025;1/5/2025;1/5/2025;ZONA 9;ELOY ALFARO - DMQ;EL CALZADO;EL CALZADO 2;17;PICHINCHA;1701;QUITO;86400;-0,258617;-78,526;MUJER;ECUADOR;15;ADOLESCENTES;MESTIZO/A;2/5/2025;-0,248584;-78,5647;PICHINCHA;ENCONTRADO;CAUSAS PERSONALES;RELACIÓN AFECTIVA;DESAPARICIÓN VOLUNTARIA
1/5/2025;1/5/2025;1/5/2025;ZONA 9;CALDERÓN;SAN JUAN DE CALDERÓN;SAN JUAN DE CALDERÓN 2;17;PICHINCHA;1701;QUITO;172800;-0,087439;-78,429952;MUJER;ECUADOR;17;ADOLESCENTES;MESTIZO/A;3/5/2025;-0,142443;-78,504802;PICHINCHA;ENCONTRADO;CAUSAS PERSONALES;RELACIÓN AFECTIVA;DESAPARICIÓN VOLUNTARIA
1/5/2025;2/5/2025;2/5/2025;ZONA 9;LA DELICIA;MENA DEL HIERRO;MENA DEL HIERRO 1;17;PICHINCHA;1701;QUITO;86400;-0,108533;-78,50594;MUJER;ECUADOR;14;ADOLESCENTES;MESTIZO/A;2/5/2025;-0,142139;-78,503147;PICHINCHA;ENCONTRADO;CAUSAS PERSONALES;CIRCUNSTANCIAL;DESAPARICIÓN VOLUNTARIA
1/5/2025;2/5/2025;2/5/2025;ZONA 9;EUGENIO ESPEJO;LA MARISCAL;LA MARISCAL 6;17;PICHINCHA;1701;QUITO;86400;-0,212797;-78,483305;HOMBRE;ECUADOR;17;ADOLESCENTES;MESTIZO/A;2/5/2025;-0,142443;-78,502764;PICHINCHA;ENCONTRADO;CAUSAS PERSONALES;RELACIÓN AFECTIVA;DESAPARICIÓN VOLUNTARIA
1/5/2025;2/5/2025;2/5/2025;ZONA 9;LA DELICIA;LA ROLDÓS;LA ROLDÓS 2;17;PICHINCHA;1701;QUITO;172800;-0,084434;-78,517386;HOMBRE;ECUADOR;39;ADULTO;MESTIZO/A;3/5/2025;-0,142445;-78,501546;PICHINCHA;ENCONTRADO;CAUSAS SOCIALES;ALCOHOLISMO;DESAPARICIÓN VOLUNTARIA
1/5/2025;2/5/2025;2/5/2025;ZONA 9;LOS CHILLOS;CONOCOTO SUR;CONOCOTO SUR 2;17;PICHINCHA;1701;QUITO;172800;-0,309658;-78,484706;HOMBRE;ECUADOR;28;ADULTO;MESTIZO/A;3/5/2025;-0,142445;-78,501546;PICHINCHA;ENCONTRADO;CAUSAS PERSONALES;CIRCUNSTANCIAL;DESAPARICIÓN VOLUNTARIA
1/5/2025;3/5/2025;3/5/2025;ZONA 9;EUGENIO ESPEJO;IÑAQUITO;IÑAQUITO 4;17;PICHINCHA;1701;QUITO;259200;-0,189823;-78,488211;HOMBRE;ECUADOR;23;ADULTO;MESTIZO/A;4/5/2025;-0,300385;-78,535623;PICHINCHA;ENCONTRADO;CAUSAS SOCIALES;ALCOHOLISMO;DESAPARICIÓN VOLUNTARIA
1/5/2025;9/5/2025;9/5/2025;ZONA 9;ELOY ALFARO - DMQ;CHIMBACALLE;CHIMBACALLE 4;17;PICHINCHA;1701;QUITO;1555200;-0,248916;-78,516167;MUJER;ECUADOR;16;ADOLESCENTES;MESTIZO/A;19/5/2025;-0,142083;-78,500236;PICHINCHA;ENCONTRADO;CAUSAS PERSONALES;CIRCUNSTANCIAL;DESAPARICIÓN VOLUNTARIA
30/4/2025;1/5/2025;1/5/2025;ZONA 9;CALDERÓN;CALDERÓN;CALDERÓN 2;17;PICHINCHA;1701;QUITO;172800;-0,092978;-78,423143;MUJER;ECUADOR;22;ADULTO;MESTIZO/A;2/5/2025;-0,076965;-78,500108;PICHINCHA;ENCONTRADO;CAUSAS PERSONALES;CIRCUNSTANCIAL;DESAPARICIÓN VOLUNTARIA
30/4/2025;2/5/2025;2/5/2025;ZONA 9;LA DELICIA;PONCIANO;PONCIANO 3;17;PICHINCHA;1701;QUITO;172800;-0,100147;-78,472545;MUJER;ECUADOR;14;ADOLESCENTES;MESTIZO/A;2/5/2025;-0,100698;-78,483488;PICHINCHA;ENCONTRADO;CAUSAS PERSONALES;CIRCUNSTANCIAL;DESAPARICIÓN VOLUNTARIA
30/4/2025;6/5/2025;6/5/2025;ZONA 9;LA DELICIA;CARCELÉN;CARCELÉN 4;17;PICHINCHA;1701;QUITO;11577600;-0,0886;-78,463736;MUJER;ECUADOR;17;ADOLESCENTES;MESTIZO/A;11/9/2025;-0,142665;-78,500143;PICHINCHA;ENCONTRADO;CAUSAS PERSONALES;CIRCUNSTANCIAL;DESAPARICIÓN VOLUNTARIA
29/4/2025;1/5/2025;1/5/2025;ZONA 9;QUITUMBE;TURUBAMBA;TURUBAMBA 4;17;PICHINCHA;1701;QUITO;259200;-0,34041;-78,54903;HOMBRE;ECUADOR;18;ADULTO;MESTIZO/A;2/5/2025;-0,327467;-78,565704;PICHINCHA;ENCONTRADO;CAUSAS PERSONALES;CIRCUNSTANCIAL;DESAPARICIÓN VOLUNTARIA
29/4/2025;30/4/2025;2/5/2025;ZONA 9;ELOY ALFARO - DMQ;EL CALZADO;EL CALZADO 2;17;PICHINCHA;1701;QUITO;10195200;-0,259353;-78,529769;MUJER;ECUADOR;15;ADOLESCENTES;MESTIZO/A;25/8/2025;-0,250359;-79,16116;SANTO DOMINGO DE LOS TSACHILAS;ENCONTRADO;CAUSAS PERSONALES;RELACIÓN AFECTIVA;DESAPARICIÓN VOLUNTARIA
29/4/2025;30/4/2025;2/5/2025;ZONA 9;ELOY ALFARO - DMQ;SANTA ANITA;SANTA ANITA 2;17;PICHINCHA;1701;QUITO;27907200;-0,25843;-78,539897;MUJER;ECUADOR;14;ADOLESCENTES;AFRO;18/3/2026;-0,263328;-78,519633;PICHINCHA;ENCONTRADO;CAUSAS PERSONALES;CIRCUNSTANCIAL;DESAPARICIÓN VOLUNTARIA
28/4/2025;29/4/2025;29/4/2025;ZONA 9;CALDERÓN;LOS LLANOS;LOS LLANOS 1;17;PICHINCHA;1701;QUITO;86400;-0,105375;-78,432809;MUJER;ECUADOR;15;ADOLESCENTES;MESTIZO/A;29/4/2025;-0,12896;-78,504254;PICHINCHA;ENCONTRADO;CAUSAS PERSONALES;CIRCUNSTANCIAL;DESAPARICIÓN VOLUNTARIA
28/4/2025;29/4/2025;29/4/2025;ZONA 9;MANUELA SÁENZ;MONJAS COLLACOTO;MONJAS COLLACOTO 3;17;PICHINCHA;1701;QUITO;1900800;-0,239166;-78,501905;HOMBRE;ECUADOR;52;ADULTO;MESTIZO/A;20/5/2025;-0,201648;-78,489703;PICHINCHA;ENCONTRADO;CAUSAS PERSONALES;CIRCUNSTANCIAL;DESAPARICIÓN VOLUNTARIA
28/4/2025;29/4/2025;29/4/2025;ZONA 9;LOS CHILLOS;AMAGUAÑA CENTRO;AMAGUAÑA CENTRO 1;17;PICHINCHA;1701;QUITO;2160000;-0,357918;-78,479463;HOMBRE;ECUADOR;21;ADULTO;MESTIZO/A;23/5/2025;-0,12896;-78,464444;PICHINCHA;ENCONTRADO;CAUSAS FAMILIARES;NO RELACIONADOS A VIOLENCIA;DESAPARICIÓN VOLUNTARIA
28/4/2025;30/4/2025;30/4/2025;ZONA 9;QUITUMBE;QUITUMBE;QUITUMBE 4;17;PICHINCHA;1701;QUITO;518400;-0,330628;-78,525027;MUJER;ECUADOR;16;ADOLESCENTES;MESTIZO/A;4/5/2025;-0,142443;-78,502764;PICHINCHA;ENCONTRADO;CAUSAS PERSONALES;CIRCUNSTANCIAL;DESAPARICIÓN VOLUNTARIA
28/4/2025;29/4/2025;29/4/2025;ZONA 9;EUGENIO ESPEJO;COCHAPAMBA;COCHAPAMBA 5;17;PICHINCHA;1701;QUITO;86400;-0,123547;-78,504258;HOMBRE;ECUADOR;21;ADULTO;MESTIZO/A;29/4/2025;-0,224653;-78,520514;PICHINCHA;ENCONTRADO;CAUSAS FAMILIARES;NO RELACIONADOS A VIOLENCIA;DESAPARICIÓN VOLUNTARIA
27/4/2025;30/4/2025;30/4/2025;ZONA 9;ELOY ALFARO - DMQ;SOLANDA;SOLANDA 3;17;PICHINCHA;1701;QUITO;4320000;-0,268117;-78,533957;HOMBRE;ECUADOR;16;ADOLESCENTES;MESTIZO/A;16/6/2025;-0,142169;-78,500245;PICHINCHA;ENCONTRADO;CAUSAS PERSONALES;RELACIÓN AFECTIVA;DESAPARICIÓN VOLUNTARIA
27/4/2025;30/4/2025;2/5/2025;ZONA 9;TUMBACO;TUMBACO SUR;TUMBACO SUR 1;17;PICHINCHA;1701;QUITO;777600;-0,217214;-78,407824;MUJER;ECUADOR;13;ADOLESCENTES;MESTIZO/A;6/5/2025;-0,116997;-78,459055;PICHINCHA;ENCONTRADO;CAUSAS PERSONALES;CIRCUNSTANCIAL;DESAPARICIÓN VOLUNTARIA
27/4/2025;27/4/2025;27/4/2025;ZONA 9;QUITUMBE;ECUATORIANA;ECUATORIANA 1;17;PICHINCHA;1701;QUITO;0;-0,299551;-78,562717;HOMBRE;ECUADOR;22;ADULTO;MESTIZO/A;27/4/2025;-0,142459;-78,500135;PICHINCHA;ENCONTRADO;EXTRAVIADO - DISCAPACIDAD / ENFERMEDADES / TRASTORNOS;DISCAPACIDAD INTELECTUAL;EXTRAVÍO
26/4/2025;28/4/2025;28/4/2025;ZONA 9;QUITUMBE;LAS CUADRAS;LAS CUADRAS 3;17;PICHINCHA;1701;QUITO;432000;-0,295469;-78,550414;HOMBRE;ECUADOR;64;ADULTO;MESTIZO/A;1/5/2025;0,596985;-77,832883;CARCHI;ENCONTRADO;CAUSAS FAMILIARES;NO RELACIONADOS A VIOLENCIA;DESAPARICIÓN VOLUNTARIA
26/4/2025;28/4/2025;30/4/2025;ZONA 9;LA DELICIA;LA PAMPA;LA PAMPA 1;17;PICHINCHA;1701;QUITO;259200;-0,041981;-78,454948;HOMBRE;ECUADOR;21;ADULTO;MESTIZO/A;29/4/2025;-0,14221;-78,500423;PICHINCHA;ENCONTRADO;CAUSAS PERSONALES;CIRCUNSTANCIAL;DESAPARICIÓN VOLUNTARIA
26/4/2025;28/4/2025;28/4/2025;ZONA 9;MANUELA SÁENZ;PANECILLO;PANECILLO 1;17;PICHINCHA;1701;QUITO;4406400;-0,222318;-78,521407;MUJER;ECUADOR;16;ADOLESCENTES;MESTIZO/A;16/6/2025;-0,218803;-78,5241;PICHINCHA;ENCONTRADO;CAUSAS PERSONALES;CIRCUNSTANCIAL;DESAPARICIÓN VOLUNTARIA
26/4/2025;30/4/2025;5/5/2025;ZONA 9;MANUELA SÁENZ;PANECILLO;PANECILLO 1;17;PICHINCHA;1701;QUITO;16848000;-0,220769;-78,519882;HOMBRE;ECUADOR;46;ADULTO;MESTIZO/A;7/11/2025;-0,20732;-78,500405;PICHINCHA;FALLECIDO;FALLECIDO;SIN_DATO;DESAPARICIÓN INVOLUNTARIA
26/4/2025;27/4/2025;27/4/2025;ZONA 9;EUGENIO ESPEJO;KENNEDY;KENNEDY 3;17;PICHINCHA;1701;QUITO;259200;-0,141019;-78,482677;HOMBRE;ECUADOR;87;ADULTO MAYOR;MESTIZO/A;29/4/2025;-0,126967;-78,497425;PICHINCHA;ENCONTRADO;CAUSAS PERSONALES;CIRCUNSTANCIAL;DESAPARICIÓN VOLUNTARIA
26/4/2025;27/4/2025;27/4/2025;ZONA 9;ELOY ALFARO - DMQ;ARGELIA;ARGELIA 4;17;PICHINCHA;1701;QUITO;259200;-0,291931;-78,520925;HOMBRE;ECUADOR;12;ADOLESCENTES;MESTIZO/A;29/4/2025;-0,142363;-78,500156;PICHINCHA;ENCONTRADO;CAUSAS PERSONALES;CIRCUNSTANCIAL;DESAPARICIÓN VOLUNTARIA
25/4/2025;30/5/2025;10/6/2025;ZONA 9;EUGENIO ESPEJO;LA MARISCAL;LA MARISCAL 3;17;PICHINCHA;1701;QUITO;13132800;-0,203059;-78,49084;HOMBRE;VENEZUELA;23;ADULTO;MESTIZO/A;24/9/2025;-0,142213;-78,499964;PICHINCHA;ENCONTRADO;CAUSAS PERSONALES;CIRCUNSTANCIAL;DESAPARICIÓN VOLUNTARIA
25/4/2025;26/4/2025;26/4/2025;ZONA 9;EUGENIO ESPEJO;LA MARISCAL;LA MARISCAL 1;17;PICHINCHA;1701;QUITO;172800;-0,198145;-78,489261;MUJER;ECUADOR;17;ADOLESCENTES;MESTIZO/A;27/4/2025;-0,121893;-78,466249;PICHINCHA;ENCONTRADO;CAUSAS PERSONALES;CIRCUNSTANCIAL;DESAPARICIÓN VOLUNTARIA
25/4/2025;29/4/2025;30/4/2025;ZONA 9;MANUELA SÁENZ;LA LIBERTAD;LA LIBERTAD 3;17;PICHINCHA;1701;QUITO;1036800;-0,220448;-78,523152;MUJER;ECUADOR;52;ADULTO;MESTIZO/A;7/5/2025;-0,222044;-78,523956;PICHINCHA;ENCONTRADO;CAUSAS FAMILIARES;NO RELACIONADOS A VIOLENCIA;DESAPARICIÓN VOLUNTARIA
25/4/2025;27/4/2025;27/4/2025;ZONA 9;LOS CHILLOS;LA MERCED;LA MERCED 1;17;PICHINCHA;1701;QUITO;3283200;-0,294887;-78,405191;HOMBRE;ECUADOR;43;ADULTO;MESTIZO/A;2/6/2025;-0,142285;-78,500111;PICHINCHA;ENCONTRADO;CAUSAS PERSONALES;CIRCUNSTANCIAL;DESAPARICIÓN VOLUNTARIA
25/4/2025;25/4/2025;25/4/2025;ZONA 9;LOS CHILLOS;CONOCOTO NORTE;CONOCOTO NORTE 4;17;PICHINCHA;1701;QUITO;86400;-0,268391;-78,48117;MUJER;ECUADOR;15;ADOLESCENTES;BLANCO/A;26/4/2025;-0,306742;-78,502001;PICHINCHA;ENCONTRADO;CAUSAS PERSONALES;CIRCUNSTANCIAL;DESAPARICIÓN VOLUNTARIA
25/4/2025;27/4/2025;27/4/2025;ZONA 9;ELOY ALFARO - DMQ;FERROVIARIA;FERROVIARIA 5;17;PICHINCHA;1701;QUITO;345600;-0,240488;-78,505163;MUJER;ECUADOR;19;ADULTO;MESTIZO/A;29/4/2025;-0,142373;-78,500135;PICHINCHA;ENCONTRADO;CAUSAS PERSONALES;CIRCUNSTANCIAL;DESAPARICIÓN VOLUNTARIA
25/4/2025;25/4/2025;29/4/2025;ZONA 9;MANUELA SÁENZ;ITCHIMBIA;ITCHIMBIA 3;17;PICHINCHA;1701;QUITO;864000;-0,208382;-78,498581;MUJER;ECUADOR;86;ADULTO MAYOR;MESTIZO/A;5/5/2025;-0,206755;-78,498399;PICHINCHA;ENCONTRADO;CAUSAS FAMILIARES;NO RELACIONADOS A VIOLENCIA;DESAPARICIÓN VOLUNTARIA
24/4/2025;1/5/2025;1/5/2025;ZONA 9;MANUELA SÁENZ;MONJAS COLLACOTO;MONJAS COLLACOTO 3;17;PICHINCHA;1701;QUITO;4233600;-0,230788;-78,49488;HOMBRE;ECUADOR;42;ADULTO;MESTIZO/A;12/6/2025;-0,228165;-78,492214;PICHINCHA;ENCONTRADO;CAUSAS ECONÓMICAS;DEUDAS;DESAPARICIÓN VOLUNTARIA
24/4/2025;25/4/2025;25/4/2025;ZONA 9;ELOY ALFARO - DMQ;ARGELIA;ARGELIA 4;17;PICHINCHA;1701;QUITO;3369600;-0,291684;-78,522999;MUJER;ECUADOR;20;ADULTO;MESTIZO/A;2/6/2025;-0,188756;-76,642259;SUCUMBIOS;ENCONTRADO;CAUSAS FAMILIARES;NO RELACIONADOS A VIOLENCIA;DESAPARICIÓN VOLUNTARIA
23/4/2025;28/4/2025;6/5/2025;ZONA 9;QUITUMBE;CHILLOGALLO;CHILLOGALLO 5;17;PICHINCHA;1701;QUITO;1123200;-0,29209;-78,56752;HOMBRE;ECUADOR;17;ADOLESCENTES;MESTIZO/A;6/5/2025;-0,1401;-78,5001;PICHINCHA;ENCONTRADO;CAUSAS PERSONALES;CIRCUNSTANCIAL;DESAPARICIÓN VOLUNTARIA
23/4/2025;9/6/2025;9/6/2025;ZONA 9;EUGENIO ESPEJO;IÑAQUITO;IÑAQUITO 2;17;PICHINCHA;1701;QUITO;4320000;-0,186193;-78,487574;HOMBRE;ECUADOR;64;ADULTO;MESTIZO/A;12/6/2025;-0,204261;-78,489977;PICHINCHA;ENCONTRADO;CAUSAS SOCIALES;DROGADICCIÓN;DESAPARICIÓN VOLUNTARIA
23/4/2025;17/4/2026;17/4/2026;ZONA 9;ELOY ALFARO - DMQ;SANTA ANITA;SANTA ANITA 3;17;PICHINCHA;1701;QUITO;33436800;-0,25366;-78,533072;MUJER;ECUADOR;14;ADOLESCENTES;AFRO;15/5/2026;-0,142154;-78,500112;PICHINCHA;ENCONTRADO;CAUSAS PERSONALES;RELACIÓN AFECTIVA;DESAPARICIÓN VOLUNTARIA
22/4/2025;23/4/2025;23/4/2025;ZONA 9;MANUELA SÁENZ;ITCHIMBIA;ITCHIMBIA 2;17;PICHINCHA;1701;QUITO;172800;-0,214954;-78,487597;MUJER;ECUADOR;16;ADOLESCENTES;MESTIZO/A;24/4/2025;-0,212754;-78,499302;PICHINCHA;ENCONTRADO;CAUSAS FAMILIARES;NO RELACIONADOS A VIOLENCIA;DESAPARICIÓN VOLUNTARIA
22/4/2025;22/4/2025;23/4/2025;ZONA 9;EUGENIO ESPEJO;IÑAQUITO;IÑAQUITO 3;17;PICHINCHA;1701;QUITO;86400;-0,181817;-78,480099;HOMBRE;ECUADOR;8;NIÑOS(AS);MESTIZO/A;23/4/2025;-0,285292;-78,472427;PICHINCHA;ENCONTRADO;CAUSAS FAMILIARES;NO RELACIONADOS A VIOLENCIA;DESAPARICIÓN VOLUNTARIA
22/4/2025;24/4/2025;24/4/2025;ZONA 9;QUITUMBE;TURUBAMBA;TURUBAMBA 2;17;PICHINCHA;1701;QUITO;604800;-0,324893;-78,530436;MUJER;ECUADOR;5;NIÑOS(AS);MESTIZO/A;29/4/2025;-0,142144;-78,503152;PICHINCHA;ENCONTRADO;CAUSAS FAMILIARES;NO RELACIONADOS A VIOLENCIA;DESAPARICIÓN VOLUNTARIA
22/4/2025;23/4/2025;23/4/2025;ZONA 9;EUGENIO ESPEJO;IÑAQUITO;IÑAQUITO 4;17;PICHINCHA;1701;QUITO;86400;-0,183374;-78,489985;HOMBRE;VENEZUELA;9;NIÑOS(AS);SIN_DATO;23/4/2025;-0,286082;-78,473135;PICHINCHA;ENCONTRADO;CAUSAS FAMILIARES;NO RELACIONADOS A VIOLENCIA;DESAPARICIÓN VOLUNTARIA
22/4/2025;22/4/2025;22/4/2025;ZONA 9;QUITUMBE;LAS CUADRAS;LAS CUADRAS 1;17;PICHINCHA;1701;QUITO;0;-0,304237;-78,552321;HOMBRE;ECUADOR;93;ADULTO MAYOR;MESTIZO/A;22/4/2025;-0,244324;-78,541127;PICHINCHA;ENCONTRADO;EXTRAVIADO - AUSENCIA TEMPORAL;HOSPITALIZADO;EXTRAVÍO
22/4/2025;24/4/2025;24/4/2025;ZONA 9;QUITUMBE;TURUBAMBA;TURUBAMBA 2;17;PICHINCHA;1701;QUITO;604800;-0,324893;-78,530436;MUJER;ECUADOR;15;ADOLESCENTES;MESTIZO/A;29/4/2025;-0,142144;-78,503152;PICHINCHA;ENCONTRADO;CAUSAS FAMILIARES;NO RELACIONADOS A VIOLENCIA;DESAPARICIÓN VOLUNTARIA
22/4/2025;24/4/2025;26/4/2025;ZONA 9;TUMBACO;TUMBACO SUR;TUMBACO SUR 1;17;PICHINCHA;1701;QUITO;15724800;-0,224704;-78,41717;MUJER;ECUADOR;15;ADOLESCENTES;MESTIZO/A;21/10/2025;-0,214447;-78,418458;PICHINCHA;ENCONTRADO;CAUSAS PERSONALES;CIRCUNSTANCIAL;DESAPARICIÓN VOLUNTARIA
21/4/2025;23/4/2025;28/4/2025;ZONA 9;TUMBACO;TUMBACO;TUMBACO 1;17;PICHINCHA;1701;QUITO;604800;-0,212259;-78,404494;HOMBRE;ECUADOR;9;NIÑOS(AS);MESTIZO/A;28/4/2025;-0,142309;-78,500081;PICHINCHA;ENCONTRADO;CAUSAS PERSONALES;CIRCUNSTANCIAL;DESAPARICIÓN VOLUNTARIA
21/4/2025;21/4/2025;21/4/2025;ZONA 9;LA DELICIA;COTOCOLLAO;COTOCOLLAO 4;17;PICHINCHA;1701;QUITO;0;-0,109042;-78,497673;MUJER;ECUADOR;78;ADULTO MAYOR;MESTIZO/A;21/4/2025;-0,142245;-78,500199;PICHINCHA;ENCONTRADO;CAUSAS PERSONALES;CIRCUNSTANCIAL;DESAPARICIÓN VOLUNTARIA
21/4/2025;21/4/2025;21/4/2025;ZONA 9;EUGENIO ESPEJO;COCHAPAMBA;COCHAPAMBA 4;17;PICHINCHA;1701;QUITO;86400;-0,128703;-78,516771;HOMBRE;ECUADOR;39;ADULTO;MESTIZO/A;22/4/2025;-0,128403;-78,51411;PICHINCHA;ENCONTRADO;CAUSAS PERSONALES;CIRCUNSTANCIAL;DESAPARICIÓN VOLUNTARIA
21/4/2025;22/4/2025;22/4/2025;ZONA 9;QUITUMBE;ECUATORIANA;ECUATORIANA 3;17;PICHINCHA;1701;QUITO;86400;-0,305443;-78,559783;HOMBRE;ECUADOR;12;ADOLESCENTES;MESTIZO/A;22/4/2025;-0,142373;-78,500103;PICHINCHA;ENCONTRADO;CAUSAS PERSONALES;CIRCUNSTANCIAL;DESAPARICIÓN VOLUNTARIA
21/4/2025;23/4/2025;28/4/2025;ZONA 9;TUMBACO;TUMBACO;TUMBACO 1;17;PICHINCHA;1701;QUITO;604800;-0,212259;-78,404494;MUJER;ECUADOR;6;NIÑOS(AS);MESTIZO/A;28/4/2025;-0,142309;-78,500081;PICHINCHA;ENCONTRADO;CAUSAS PERSONALES;CIRCUNSTANCIAL;DESAPARICIÓN VOLUNTARIA
21/4/2025;23/4/2025;28/4/2025;ZONA 9;TUMBACO;TUMBACO;TUMBACO 1;17;PICHINCHA;1701;QUITO;604800;-0,212259;-78,404494;MUJER;ECUADOR;21;ADULTO;MESTIZO/A;28/4/2025;-0,142309;-78,500081;PICHINCHA;ENCONTRADO;CAUSAS PERSONALES;CIRCUNSTANCIAL;DESAPARICIÓN VOLUNTARIA
21/4/2025;23/4/2025;28/4/2025;ZONA 9;TUMBACO;TUMBACO;TUMBACO 1;17;PICHINCHA;1701;QUITO;604800;-0,212259;-78,404494;HOMBRE;ECUADOR;27;ADULTO;MESTIZO/A;28/4/2025;-0,142309;-78,500081;PICHINCHA;ENCONTRADO;CAUSAS PERSONALES;CIRCUNSTANCIAL;DESAPARICIÓN VOLUNTARIA
21/4/2025;22/4/2025;22/4/2025;ZONA 9;TUMBACO;CUMBAYÁ SUR;CUMBAYÁ SUR 2;17;PICHINCHA;1701;QUITO;172800;-0,210659;-78,427806;MUJER;ECUADOR;14;ADOLESCENTES;MESTIZO/A;23/4/2025;-0,142443;-78,502764;PICHINCHA;ENCONTRADO;CAUSAS FAMILIARES;NO RELACIONADOS A VIOLENCIA;DESAPARICIÓN VOLUNTARIA
21/4/2025;24/4/2025;24/4/2025;ZONA 9;EUGENIO ESPEJO;COCHAPAMBA;COCHAPAMBA 2;17;PICHINCHA;1701;QUITO;259200;-0,145386;-78,506788;MUJER;ECUADOR;20;ADULTO;MESTIZO/A;24/4/2025;-0,14238;-78,500175;PICHINCHA;ENCONTRADO;CAUSAS PERSONALES;CIRCUNSTANCIAL;DESAPARICIÓN VOLUNTARIA
21/4/2025;24/4/2025;24/4/2025;ZONA 9;ELOY ALFARO - DMQ;CHIMBACALLE;CHIMBACALLE 4;17;PICHINCHA;1701;QUITO;345600;-0,250877;-78,520527;MUJER;ECUADOR;17;ADOLESCENTES;MESTIZO/A;25/4/2025;-0,251039;-78,520366;PICHINCHA;ENCONTRADO;CAUSAS PERSONALES;CIRCUNSTANCIAL;DESAPARICIÓN VOLUNTARIA
20/4/2025;21/5/2025;21/5/2025;ZONA 9;ELOY ALFARO - DMQ;BARRIO NUEVO;BARRIO NUEVO 2;17;PICHINCHA;1701;QUITO;3110400;-0,280467;-78,54475;HOMBRE;ECUADOR;17;ADOLESCENTES;MESTIZO/A;26/5/2025;-0,350735;-78,561264;PICHINCHA;ENCONTRADO;CAUSAS FAMILIARES;NO RELACIONADOS A VIOLENCIA;DESAPARICIÓN VOLUNTARIA
20/4/2025;20/4/2025;20/4/2025;ZONA 9;EUGENIO ESPEJO;COCHAPAMBA;COCHAPAMBA 4;17;PICHINCHA;1701;QUITO;86400;-0,129964;-78,514132;MUJER;ECUADOR;13;ADOLESCENTES;AFRO;21/4/2025;-0,14237;-78,50021;PICHINCHA;ENCONTRADO;CAUSAS PERSONALES;CIRCUNSTANCIAL;DESAPARICIÓN VOLUNTARIA
20/4/2025;20/4/2025;22/4/2025;ZONA 9;ELOY ALFARO - DMQ;LLOA;LLOA 1;17;PICHINCHA;1701;QUITO;432000;-0,13726;-78,661075;MUJER;ECUADOR;26;ADULTO;MESTIZO/A;25/4/2025;-0,142775;-78,50003;PICHINCHA;ENCONTRADO;VIOLENCIA;VIOLENCIA PSICOLÓGICA;DESAPARICIÓN VOLUNTARIA
19/4/2025;20/4/2025;20/4/2025;ZONA 9;LA DELICIA;EL MIRADOR;EL MIRADOR 3;17;PICHINCHA;1701;QUITO;86400;-0,122466;-78,465096;MUJER;ECUADOR;54;ADULTO;MESTIZO/A;20/4/2025;0,143384;-78,503518;PICHINCHA;ENCONTRADO;CAUSAS PERSONALES;CIRCUNSTANCIAL;DESAPARICIÓN VOLUNTARIA
19/4/2025;9/6/2025;9/6/2025;ZONA 9;TUMBACO;TUMBACO;TUMBACO 2;17;PICHINCHA;1701;QUITO;5961600;-0,209366;-78,388166;HOMBRE;ECUADOR;36;ADULTO;MESTIZO/A;27/6/2025;-0,181699;-78,506952;PICHINCHA;FALLECIDO;FALLECIDO;SIN_DATO;DESAPARICIÓN INVOLUNTARIA
18/4/2025;19/4/2025;19/4/2025;ZONA 9;LA DELICIA;NONO;NONO 1;17;PICHINCHA;1701;QUITO;172800;-0,056748;-78,532162;MUJER;ECUADOR;19;ADULTO;MESTIZO/A;20/4/2025;-0,183995;-78,48467;PICHINCHA;ENCONTRADO;CAUSAS PERSONALES;CIRCUNSTANCIAL;DESAPARICIÓN VOLUNTARIA
18/4/2025;22/4/2025;22/4/2025;ZONA 9;LA DELICIA;COLINAS DEL NORTE;COLINAS DEL NORTE 3;17;PICHINCHA;1701;QUITO;345600;-0,096301;-78,513413;HOMBRE;ECUADOR;22;ADULTO;MESTIZO/A;22/4/2025;0,001745;-78,452431;PICHINCHA;ENCONTRADO;CAUSAS PERSONALES;CIRCUNSTANCIAL;DESAPARICIÓN VOLUNTARIA
17/4/2025;18/4/2025;18/4/2025;ZONA 9;CALDERÓN;LLANO CHICO;LLANO CHICO 1;17;PICHINCHA;1701;QUITO;86400;-0,12327;-78,44656;HOMBRE;ECUADOR;56;ADULTO;MESTIZO/A;18/4/2025;-0,087485;-78,424773;PICHINCHA;ENCONTRADO;POSIBLE VINCULACIÓN A DELITO;ROBO (ESCOPOLAMINA U OTRA DROGA ALUCINÓGENA ALTAMENTE TÓXICA);DESAPARICIÓN INVOLUNTARIA
16/4/2025;17/4/2025;17/4/2025;ZONA 9;ELOY ALFARO - DMQ;BARRIO NUEVO;BARRIO NUEVO 1;17;PICHINCHA;1701;QUITO;86400;-0,274298;-78,544359;HOMBRE;ECUADOR;29;ADULTO;MESTIZO/A;17/4/2025;-0,294055;-78,542628;PICHINCHA;ENCONTRADO;CAUSAS SOCIALES;DETENCIÓN;DESAPARICIÓN INVOLUNTARIA
16/4/2025;21/4/2025;28/4/2025;ZONA 9;LOS CHILLOS;AMAGUAÑA CENTRO;AMAGUAÑA CENTRO 1;17;PICHINCHA;1701;QUITO;6220800;-0,379119;-78,507002;MUJER;ECUADOR;16;ADOLESCENTES;MESTIZO/A;27/6/2025;-0,372685;-78,503039;PICHINCHA;ENCONTRADO;CAUSAS PERSONALES;CIRCUNSTANCIAL;DESAPARICIÓN VOLUNTARIA
16/4/2025;21/4/2025;28/4/2025;ZONA 9;LOS CHILLOS;AMAGUAÑA CENTRO;AMAGUAÑA CENTRO 1;17;PICHINCHA;1701;QUITO;12182400;-0,379119;-78,507002;MUJER;ECUADOR;12;ADOLESCENTES;MESTIZO/A;4/9/2025;-0,120393;-78,44329;PICHINCHA;ENCONTRADO;CAUSAS PERSONALES;CIRCUNSTANCIAL;DESAPARICIÓN VOLUNTARIA
16/4/2025;30/4/2025;30/4/2025;ZONA 9;MANUELA SÁENZ;ITCHIMBIA;ITCHIMBIA 3;17;PICHINCHA;1701;QUITO;1209600;-0,216177;-78,492344;MUJER;ECUADOR;36;ADULTO;MESTIZO/A;30/4/2025;0,932539;-79,66211;ESMERALDAS;ENCONTRADO;CAUSAS PERSONALES;RELACIÓN AFECTIVA;DESAPARICIÓN VOLUNTARIA
16/4/2025;18/4/2025;18/4/2025;ZONA 9;LA DELICIA;PONCIANO;PONCIANO 1;17;PICHINCHA;1701;QUITO;691200;-0,121754;-78,493101;MUJER;ECUADOR;14;ADOLESCENTES;MESTIZO/A;24/4/2025;-0,107872;-78,457908;PICHINCHA;ENCONTRADO;CAUSAS FAMILIARES;NO RELACIONADOS A VIOLENCIA;DESAPARICIÓN VOLUNTARIA
15/4/2025;15/4/2025;21/4/2025;ZONA 9;EUGENIO ESPEJO;KENNEDY;KENNEDY 1;17;PICHINCHA;1701;QUITO;2160000;-0,126243;-78,487304;MUJER;VENEZUELA;15;ADOLESCENTES;MESTIZO/A;10/5/2025;-0,142193;-78,500299;PICHINCHA;ENCONTRADO;CAUSAS PERSONALES;RELACIÓN AFECTIVA;DESAPARICIÓN VOLUNTARIA
15/4/2025;2/5/2025;2/5/2025;ZONA 9;ELOY ALFARO - DMQ;ARGELIA;ARGELIA 4;17;PICHINCHA;1701;QUITO;2332800;-0,290066;-78,519822;HOMBRE;ECUADOR;29;ADULTO;MESTIZO/A;12/5/2025;-0,335882;-78,532407;PICHINCHA;ENCONTRADO;CAUSAS SOCIALES;ALCOHOLISMO;DESAPARICIÓN VOLUNTARIA
15/4/2025;16/4/2025;16/4/2025;ZONA 9;LA DELICIA;LA BOTA;LA BOTA 1;17;PICHINCHA;1701;QUITO;86400;-0,115203;-78,475181;HOMBRE;ECUADOR;40;ADULTO;MESTIZO/A;16/4/2025;-0,088642;-78,519341;PICHINCHA;ENCONTRADO;CAUSAS PERSONALES;CIRCUNSTANCIAL;DESAPARICIÓN VOLUNTARIA
15/4/2025;16/4/2025;18/4/2025;ZONA 9;TUMBACO;YARUQUÍ;YARUQUÍ 1;17;PICHINCHA;1701;QUITO;518400;-0,163047;-78,321451;MUJER;ECUADOR;13;ADOLESCENTES;MESTIZO/A;21/4/2025;-0,142443;-78,502764;PICHINCHA;ENCONTRADO;CAUSAS PERSONALES;CIRCUNSTANCIAL;DESAPARICIÓN VOLUNTARIA
15/4/2025;15/4/2025;21/4/2025;ZONA 9;EUGENIO ESPEJO;KENNEDY;KENNEDY 1;17;PICHINCHA;1701;QUITO;2160000;-0,126243;-78,487304;MUJER;ECUADOR;5;NIÑOS(AS);MESTIZO/A;10/5/2025;-0,142193;-78,500299;PICHINCHA;ENCONTRADO;CAUSAS PERSONALES;RELACIÓN AFECTIVA;DESAPARICIÓN VOLUNTARIA
15/4/2025;15/4/2025;15/4/2025;ZONA 9;EUGENIO ESPEJO;LA MARISCAL;LA MARISCAL 3;17;PICHINCHA;1701;QUITO;1209600;-0,203378;-78,490904;HOMBRE;ECUADOR;42;ADULTO;MESTIZO/A;29/4/2025;-0,205338;-78,504704;PICHINCHA;ENCONTRADO;CAUSAS PERSONALES;CIRCUNSTANCIAL;DESAPARICIÓN VOLUNTARIA
15/4/2025;1/5/2025;2/5/2025;ZONA 9;LA DELICIA;COTOCOLLAO;COTOCOLLAO 2;17;PICHINCHA;1701;QUITO;28944000;-0,121499;-78,500661;HOMBRE;ECUADOR;67;ADULTO MAYOR;MESTIZO/A;16/3/2026;-0,324054;-78,531059;PICHINCHA;ENCONTRADO;CAUSAS FAMILIARES;NO RELACIONADOS A VIOLENCIA;DESAPARICIÓN VOLUNTARIA
14/4/2025;15/4/2025;15/4/2025;ZONA 9;EUGENIO ESPEJO;LA MARISCAL;LA MARISCAL 3;17;PICHINCHA;1701;QUITO;86400;-0,20333;-78,49003;MUJER;ECUADOR;70;ADULTO MAYOR;MESTIZO/A;15/4/2025;-0,224959;-78,522055;PICHINCHA;ENCONTRADO;CAUSAS PERSONALES;CIRCUNSTANCIAL;DESAPARICIÓN VOLUNTARIA
14/4/2025;15/4/2025;15/4/2025;ZONA 9;LOS CHILLOS;CONOCOTO NORTE;CONOCOTO NORTE 2;17;PICHINCHA;1701;QUITO;86400;-0,280045;-78,474948;HOMBRE;ECUADOR;17;ADOLESCENTES;MESTIZO/A;15/4/2025;-0,279954;-78,474691;PICHINCHA;ENCONTRADO;CAUSAS PERSONALES;CIRCUNSTANCIAL;DESAPARICIÓN VOLUNTARIA
14/4/2025;14/4/2025;16/4/2025;ZONA 9;LOS CHILLOS;CONOCOTO NORTE;CONOCOTO NORTE 1;17;PICHINCHA;1701;QUITO;3801600;-0,273632;-78,456022;HOMBRE;ECUADOR;15;ADOLESCENTES;MESTIZO/A;28/5/2025;-0,14237;-78,500229;PICHINCHA;ENCONTRADO;CAUSAS PERSONALES;CIRCUNSTANCIAL;DESAPARICIÓN VOLUNTARIA
14/4/2025;14/4/2025;14/4/2025;ZONA 9;MANUELA SÁENZ;MONJAS COLLACOTO;MONJAS COLLACOTO 1;17;PICHINCHA;1701;QUITO;604800;-0,250844;-78,461873;HOMBRE;ECUADOR;10;NIÑOS(AS);MESTIZO/A;21/4/2025;-0,204053;-78,418854;PICHINCHA;FALLECIDO;FALLECIDO;ACCIDENTAL;DESAPARICIÓN INVOLUNTARIA
13/4/2025;14/4/2025;14/4/2025;ZONA 9;LOS CHILLOS;EL EJIDO;EL EJIDO 1;17;PICHINCHA;1701;QUITO;172800;-0,373511;-78,485603;MUJER;ECUADOR;14;ADOLESCENTES;MESTIZO/A;15/4/2025;-0,386648;-78,503072;PICHINCHA;ENCONTRADO;CAUSAS PERSONALES;CIRCUNSTANCIAL;DESAPARICIÓN VOLUNTARIA
13/4/2025;14/4/2025;14/4/2025;ZONA 9;LA DELICIA;COLINAS DEL NORTE;COLINAS DEL NORTE 3;17;PICHINCHA;1701;QUITO;864000;-0,095529;-78,512105;HOMBRE;ECUADOR;25;ADULTO;MESTIZO/A;23/4/2025;-0,083423;-78,509027;PICHINCHA;ENCONTRADO;CAUSAS SOCIALES;DROGADICCIÓN;DESAPARICIÓN VOLUNTARIA
13/4/2025;14/4/2025;14/4/2025;ZONA 9;ELOY ALFARO - DMQ;MAGDALENA;MAGDALENA 3;17;PICHINCHA;1701;QUITO;1036800;-0,24102;-78,521248;MUJER;ECUADOR;18;ADULTO;MESTIZO/A;25/4/2025;-1,256488;-78,580499;TUNGURAHUA;ENCONTRADO;CAUSAS PERSONALES;RELACIÓN AFECTIVA;DESAPARICIÓN VOLUNTARIA
12/4/2025;14/4/2025;13/4/2025;ZONA 9;LOS CHILLOS;CONOCOTO SUR;CONOCOTO SUR 1;17;PICHINCHA;1701;QUITO;1555200;-0,32485;-78,46974;HOMBRE;ECUADOR;42;ADULTO;MESTIZO/A;30/4/2025;-0,317074;-78,466939;PICHINCHA;ENCONTRADO;CAUSAS PERSONALES;CIRCUNSTANCIAL;DESAPARICIÓN VOLUNTARIA
12/4/2025;13/4/2025;13/4/2025;ZONA 9;MANUELA SÁENZ;SAN JUAN;SAN JUAN 4;17;PICHINCHA;1701;QUITO;259200;-0,213061;-78,510506;MUJER;SIN_DATO;16;ADOLESCENTES;MESTIZO/A;15/4/2025;-0,142344;-78,500151;PICHINCHA;ENCONTRADO;CAUSAS PERSONALES;CIRCUNSTANCIAL;DESAPARICIÓN VOLUNTARIA
12/4/2025;12/4/2025;12/4/2025;ZONA 9;EUGENIO ESPEJO;LAS CASAS;LAS CASAS 2;17;PICHINCHA;1701;QUITO;0;-0,180924;-78,511759;MUJER;ECUADOR;13;ADOLESCENTES;MESTIZO/A;12/4/2025;-0,142159;-78,500167;PICHINCHA;ENCONTRADO;CAUSAS FAMILIARES;NO RELACIONADOS A VIOLENCIA;DESAPARICIÓN VOLUNTARIA
12/4/2025;13/4/2025;13/4/2025;ZONA 9;TUMBACO;TUMBACO;TUMBACO 2;17;PICHINCHA;1701;QUITO;86400;-0,210199;-78,39906;HOMBRE;ECUADOR;16;ADOLESCENTES;MESTIZO/A;13/4/2025;-0,217628;-78,411603;PICHINCHA;ENCONTRADO;CAUSAS FAMILIARES;NO RELACIONADOS A VIOLENCIA;DESAPARICIÓN VOLUNTARIA
12/4/2025;15/4/2025;18/4/2025;ZONA 9;QUITUMBE;TURUBAMBA;TURUBAMBA 2;17;PICHINCHA;1701;QUITO;1036800;-0,314797;-78,536009;HOMBRE;ECUADOR;16;ADOLESCENTES;MESTIZO/A;24/4/2025;-0,317457;-78,527856;PICHINCHA;ENCONTRADO;CAUSAS PERSONALES;CIRCUNSTANCIAL;DESAPARICIÓN VOLUNTARIA
12/4/2025;14/4/2025;21/4/2025;ZONA 9;LA DELICIA;SAN ANTONIO BAJO;SAN ANTONIO BAJO 1;17;PICHINCHA;1701;QUITO;950400;0,000043;-78,447318;MUJER;ECUADOR;13;ADOLESCENTES;MESTIZO/A;23/4/2025;-2,112355;-79,905105;GUAYAS;ENCONTRADO;CAUSAS PERSONALES;CIRCUNSTANCIAL;DESAPARICIÓN VOLUNTARIA
12/4/2025;14/4/2025;21/4/2025;ZONA 9;LA DELICIA;SAN ANTONIO BAJO;SAN ANTONIO BAJO 1;17;PICHINCHA;1701;QUITO;950400;0,000043;-78,447318;MUJER;ECUADOR;44;ADULTO;MESTIZO/A;23/4/2025;-2,112355;-79,905105;GUAYAS;ENCONTRADO;CAUSAS PERSONALES;CIRCUNSTANCIAL;DESAPARICIÓN VOLUNTARIA
12/4/2025;16/4/2025;21/4/2025;ZONA 9;ELOY ALFARO - DMQ;CHILIBULO;CHILIBULO 3;17;PICHINCHA;1701;QUITO;1209600;-0,2416;-78,532521;MUJER;ECUADOR;17;ADOLESCENTES;MESTIZO/A;26/4/2025;-0,236692;-78,529751;PICHINCHA;ENCONTRADO;CAUSAS PERSONALES;CIRCUNSTANCIAL;DESAPARICIÓN VOLUNTARIA
11/4/2025;12/4/2025;12/4/2025;ZONA 9;ELOY ALFARO - DMQ;EL CALZADO;EL CALZADO 2;17;PICHINCHA;1701;QUITO;86400;-0,260293;-78,530708;MUJER;ECUADOR;16;ADOLESCENTES;MESTIZO/A;12/4/2025;-0,259739;-78,531357;PICHINCHA;ENCONTRADO;CAUSAS FAMILIARES;NO RELACIONADOS A VIOLENCIA;DESAPARICIÓN VOLUNTARIA
11/4/2025;11/4/2025;11/4/2025;ZONA 9;EUGENIO ESPEJO;LAS CASAS;LAS CASAS 2;17;PICHINCHA;1701;QUITO;0;-0,183545;-78,504295;HOMBRE;ECUADOR;37;ADULTO;MESTIZO/A;11/4/2025;-0,2427;-78,51868;PICHINCHA;ENCONTRADO;POSIBLE VINCULACIÓN A DELITO;ROBO (ESCOPOLAMINA U OTRA DROGA ALUCINÓGENA ALTAMENTE TÓXICA);DESAPARICIÓN INVOLUNTARIA
10/4/2025;11/4/2025;11/4/2025;ZONA 9;LA DELICIA;POMASQUI;POMASQUI 2;17;PICHINCHA;1701;QUITO;172800;-0,06972;-78,47807;HOMBRE;ECUADOR;16;ADOLESCENTES;MESTIZO/A;12/4/2025;-0,069799;-78,478026;PICHINCHA;ENCONTRADO;CAUSAS PERSONALES;CIRCUNSTANCIAL;DESAPARICIÓN VOLUNTARIA
10/4/2025;11/4/2025;11/4/2025;ZONA 9;QUITUMBE;GUAMANÍ;GUAMANÍ 2;17;PICHINCHA;1701;QUITO;259200;-0,327067;-78,56749;MUJER;ECUADOR;16;ADOLESCENTES;MESTIZO/A;13/4/2025;-0,142427;-78,500156;PICHINCHA;ENCONTRADO;CAUSAS PERSONALES;CIRCUNSTANCIAL;DESAPARICIÓN VOLUNTARIA
10/4/2025;11/4/2025;11/4/2025;ZONA 9;EUGENIO ESPEJO;IÑAQUITO;IÑAQUITO 3;17;PICHINCHA;1701;QUITO;172800;-0,18479;-78,48399;HOMBRE;ECUADOR;34;ADULTO;MESTIZO/A;12/4/2025;-0,180218;-78,479456;PICHINCHA;ENCONTRADO;CAUSAS PERSONALES;CIRCUNSTANCIAL;DESAPARICIÓN VOLUNTARIA
10/4/2025;11/4/2025;11/4/2025;ZONA 9;QUITUMBE;QUITUMBE;QUITUMBE 3;17;PICHINCHA;1701;QUITO;2592000;-0,307641;-78,528554;MUJER;ECUADOR;14;ADOLESCENTES;AFRO;10/5/2025;-0,307551;-78,528527;PICHINCHA;ENCONTRADO;CAUSAS PERSONALES;CIRCUNSTANCIAL;DESAPARICIÓN VOLUNTARIA
10/4/2025;12/4/2025;12/3/2025;ZONA 9;ELOY ALFARO - DMQ;MENA;MENA 5;17;PICHINCHA;1701;QUITO;172800;-0,266118;-78,563208;HOMBRE;ECUADOR;29;ADULTO;MESTIZO/A;12/4/2025;-0,214172;-78,499003;PICHINCHA;ENCONTRADO;CAUSAS SOCIALES;ALCOHOLISMO;DESAPARICIÓN VOLUNTARIA
10/4/2025;14/4/2025;14/4/2025;ZONA 9;LA DELICIA;MENA DEL HIERRO;MENA DEL HIERRO 1;17;PICHINCHA;1701;QUITO;432000;-0,125469;-78,516668;MUJER;ECUADOR;29;ADULTO;MESTIZO/A;15/4/2025;-0,096586;-78,511075;PICHINCHA;ENCONTRADO;CAUSAS PERSONALES;CIRCUNSTANCIAL;DESAPARICIÓN VOLUNTARIA
10/4/2025;10/4/2025;10/4/2025;ZONA 9;ELOY ALFARO - DMQ;MENA;MENA 2;17;PICHINCHA;1701;QUITO;86400;-0,257157;-78,550233;MUJER;ECUADOR;13;ADOLESCENTES;MESTIZO/A;11/4/2025;-0,142502;-78,499985;PICHINCHA;ENCONTRADO;CAUSAS PERSONALES;CIRCUNSTANCIAL;DESAPARICIÓN VOLUNTARIA
9/4/2025;15/1/2026;16/1/2026;ZONA 9;ELOY ALFARO - DMQ;SOLANDA;SOLANDA 3;17;PICHINCHA;1701;QUITO;27043200;-0,268123;-78,535818;HOMBRE;COLOMBIA;41;ADULTO;MESTIZO/A;16/2/2026;0,814729;-77,740073;CARCHI;ENCONTRADO;CAUSAS PERSONALES;CIRCUNSTANCIAL;DESAPARICIÓN VOLUNTARIA
9/4/2025;9/4/2025;9/4/2025;ZONA 9;CALDERÓN;BICENTENARIO;BICENTENARIO 2;17;PICHINCHA;1701;QUITO;345600;-0,06897;-78,45209;MUJER;ECUADOR;14;ADOLESCENTES;MESTIZO/A;13/4/2025;-0,098412;-78,446092;PICHINCHA;ENCONTRADO;CAUSAS PERSONALES;CIRCUNSTANCIAL;DESAPARICIÓN VOLUNTARIA
8/4/2025;9/4/2025;9/4/2025;ZONA 9;TUMBACO;PIFO;PIFO 2;17;PICHINCHA;1701;QUITO;86400;-0,225889;-78,338878;MUJER;ECUADOR;16;ADOLESCENTES;MESTIZO/A;9/4/2025;-0,212655;-78,396422;PICHINCHA;ENCONTRADO;CAUSAS PERSONALES;CIRCUNSTANCIAL;DESAPARICIÓN VOLUNTARIA
7/4/2025;7/4/2025;7/4/2025;ZONA 9;EUGENIO ESPEJO;COCHAPAMBA;COCHAPAMBA 5;17;PICHINCHA;1701;QUITO;1209600;-0,119905;-78,509964;MUJER;ECUADOR;15;ADOLESCENTES;MESTIZO/A;21/4/2025;-0,25151;-78,52202;PICHINCHA;ENCONTRADO;CAUSAS PERSONALES;CIRCUNSTANCIAL;DESAPARICIÓN VOLUNTARIA
7/4/2025;8/4/2025;8/4/2025;ZONA 9;LA DELICIA;MENA DEL HIERRO;MENA DEL HIERRO 1;17;PICHINCHA;1701;QUITO;86400;-0,121595;-78,514476;MUJER;ECUADOR;22;ADULTO;MESTIZO/A;8/4/2025;-0,088819;-78,428625;PICHINCHA;ENCONTRADO;CAUSAS PERSONALES;CIRCUNSTANCIAL;DESAPARICIÓN VOLUNTARIA
7/4/2025;8/4/2025;8/4/2025;ZONA 9;LA DELICIA;COLINAS DEL NORTE;COLINAS DEL NORTE 3;17;PICHINCHA;1701;QUITO;172800;-0,097973;-78,511678;HOMBRE;ECUADOR;29;ADULTO;INDIGENA;9/4/2025;-0,092753;-78,509045;PICHINCHA;ENCONTRADO;CAUSAS PERSONALES;CIRCUNSTANCIAL;DESAPARICIÓN VOLUNTARIA
6/4/2025;7/4/2025;7/4/2025;ZONA 9;QUITUMBE;GUAMANÍ;GUAMANÍ 1;17;PICHINCHA;1701;QUITO;604800;-0,317376;-78,557286;MUJER;ECUADOR;26;ADULTO;MESTIZO/A;13/4/2025;0,242847;-78,499936;IMBABURA;ENCONTRADO;CAUSAS PERSONALES;CIRCUNSTANCIAL;DESAPARICIÓN VOLUNTARIA
6/4/2025;9/4/2025;9/4/2025;ZONA 9;QUITUMBE;GUAMANÍ;GUAMANÍ 3;17;PICHINCHA;1701;QUITO;1209600;-0,335074;-78,562598;HOMBRE;ECUADOR;14;ADOLESCENTES;MESTIZO/A;20/4/2025;-0,220879;-78,514956;PICHINCHA;ENCONTRADO;CAUSAS FAMILIARES;NO RELACIONADOS A VIOLENCIA;DESAPARICIÓN VOLUNTARIA
6/4/2025;8/4/2025;14/4/2025;ZONA 9;ELOY ALFARO - DMQ;FERROVIARIA;FERROVIARIA 3;17;PICHINCHA;1701;QUITO;2592000;-0,25427;-78,512531;MUJER;ECUADOR;13;ADOLESCENTES;AFRO;6/5/2025;-0,063564;-78,365115;PICHINCHA;ENCONTRADO;CAUSAS FAMILIARES;NO RELACIONADOS A VIOLENCIA;DESAPARICIÓN VOLUNTARIA
5/4/2025;6/4/2025;6/4/2025;ZONA 9;MANUELA SÁENZ;EL PLACER;EL PLACER 1;17;PICHINCHA;1701;QUITO;86400;-0,216;-78,523443;HOMBRE;COLOMBIA;30;ADULTO;OTROS;6/4/2025;-0,142443;-78,504802;PICHINCHA;ENCONTRADO;CAUSAS PERSONALES;CIRCUNSTANCIAL;DESAPARICIÓN VOLUNTARIA
5/4/2025;6/4/2025;6/4/2025;ZONA 9;EUGENIO ESPEJO;IÑAQUITO;IÑAQUITO 5;17;PICHINCHA;1701;QUITO;172800;-0,194603;-78,484345;HOMBRE;ECUADOR;28;ADULTO;MESTIZO/A;7/4/2025;-0,214771;-78,500011;PICHINCHA;ENCONTRADO;EXTRAVIADO - AUSENCIA TEMPORAL;HOSPITALIZADO;EXTRAVÍO
5/4/2025;7/4/2025;7/4/2025;ZONA 9;CALDERÓN;CALDERÓN;CALDERÓN 3;17;PICHINCHA;1701;QUITO;691200;-0,100661;-78,430197;MUJER;SIN_DATO;18;ADULTO;MESTIZO/A;13/4/2025;-0,093488;-78,427752;PICHINCHA;ENCONTRADO;CAUSAS FAMILIARES;NO RELACIONADOS A VIOLENCIA;DESAPARICIÓN VOLUNTARIA
5/4/2025;9/4/2025;10/4/2025;ZONA 9;TUMBACO;PUEMBO;PUEMBO 1;17;PICHINCHA;1701;QUITO;864000;-0,163529;-78,380468;MUJER;ECUADOR;18;ADULTO;MESTIZO/A;15/4/2025;-0,206565;-78,497637;PICHINCHA;ENCONTRADO;CAUSAS PERSONALES;CIRCUNSTANCIAL;DESAPARICIÓN VOLUNTARIA
4/4/2025;5/4/2025;5/4/2025;ZONA 9;ELOY ALFARO - DMQ;SOLANDA;SOLANDA 2;17;PICHINCHA;1701;QUITO;86400;-0,270215;-78,540766;MUJER;ECUADOR;6;NIÑOS(AS);MESTIZO/A;5/4/2025;-0,142245;-78,500114;PICHINCHA;ENCONTRADO;CAUSAS PERSONALES;CIRCUNSTANCIAL;DESAPARICIÓN VOLUNTARIA
4/4/2025;14/4/2025;18/4/2025;ZONA 9;ELOY ALFARO - DMQ;SOLANDA;SOLANDA 2;17;PICHINCHA;1701;QUITO;2678400;-0,271117;-78,538835;MUJER;VENEZUELA;15;ADOLESCENTES;MESTIZO/A;5/5/2025;-0,265888;-78,537426;PICHINCHA;ENCONTRADO;CAUSAS PERSONALES;CIRCUNSTANCIAL;DESAPARICIÓN VOLUNTARIA
4/4/2025;6/4/2025;6/4/2025;ZONA 9;CALDERÓN;LLANO CHICO;LLANO CHICO 1;17;PICHINCHA;1701;QUITO;172800;-0,129019;-78,446988;HOMBRE;ECUADOR;18;ADULTO;MESTIZO/A;6/4/2025;-0,130421;-78,448779;PICHINCHA;ENCONTRADO;CAUSAS PERSONALES;CIRCUNSTANCIAL;DESAPARICIÓN VOLUNTARIA
4/4/2025;4/4/2025;4/4/2025;ZONA 9;LA DELICIA;PONCIANO;PONCIANO 1;17;PICHINCHA;1701;QUITO;86400;-0,120324;-78,481939;HOMBRE;ECUADOR;31;ADULTO;MESTIZO/A;5/4/2025;-0,142443;-78,502764;PICHINCHA;ENCONTRADO;CAUSAS PERSONALES;CIRCUNSTANCIAL;DESAPARICIÓN VOLUNTARIA
4/4/2025;5/4/2025;5/4/2025;ZONA 9;LA DELICIA;LA ROLDÓS;LA ROLDÓS 3;17;PICHINCHA;1701;QUITO;172800;-0,090229;-78,519298;MUJER;ECUADOR;15;ADOLESCENTES;MESTIZO/A;6/4/2025;-0,090767;-78,52136;PICHINCHA;ENCONTRADO;CAUSAS PERSONALES;CIRCUNSTANCIAL;DESAPARICIÓN VOLUNTARIA
4/4/2025;5/4/2025;5/4/2025;ZONA 9;EUGENIO ESPEJO;COCHAPAMBA;COCHAPAMBA 4;17;PICHINCHA;1701;QUITO;3888000;-0,129709;-78,510326;MUJER;ECUADOR;12;ADOLESCENTES;MESTIZO/A;19/5/2025;-0,128423;-78,514601;PICHINCHA;ENCONTRADO;CAUSAS FAMILIARES;NO RELACIONADOS A VIOLENCIA;DESAPARICIÓN VOLUNTARIA
4/4/2025;6/4/2025;6/4/2025;ZONA 9;MANUELA SÁENZ;CENTRO HISTÓRICO;CENTRO HISTÓRICO 3;17;PICHINCHA;1701;QUITO;1728000;-0,220707;-78,519138;MUJER;ECUADOR;18;ADULTO;INDIGENA;24/4/2025;-0,223159;-78,518723;PICHINCHA;ENCONTRADO;CAUSAS PERSONALES;CIRCUNSTANCIAL;DESAPARICIÓN VOLUNTARIA
4/4/2025;5/4/2025;5/4/2025;ZONA 9;ELOY ALFARO - DMQ;SOLANDA;SOLANDA 2;17;PICHINCHA;1701;QUITO;86400;-0,270215;-78,540766;MUJER;ECUADOR;18;ADULTO;MESTIZO/A;5/4/2025;-0,142245;-78,500114;PICHINCHA;ENCONTRADO;CAUSAS PERSONALES;CIRCUNSTANCIAL;DESAPARICIÓN VOLUNTARIA
4/4/2025;5/4/2025;5/4/2025;ZONA 9;MANUELA SÁENZ;MONJAS COLLACOTO;MONJAS COLLACOTO 4;17;PICHINCHA;1701;QUITO;86400;-0,223321;-78,490123;MUJER;ECUADOR;28;ADULTO;MESTIZO/A;5/4/2025;-0,14237;-78,50021;PICHINCHA;FALLECIDO;FALLECIDO;ACCIDENTAL;DESAPARICIÓN INVOLUNTARIA
4/4/2025;5/4/2025;5/4/2025;ZONA 9;EUGENIO ESPEJO;IÑAQUITO;IÑAQUITO 4;17;PICHINCHA;1701;QUITO;172800;-0,195626;-78,494888;HOMBRE;ECUADOR;40;ADULTO;MESTIZO/A;6/4/2025;-0,14237;-78,50021;PICHINCHA;ENCONTRADO;CAUSAS PERSONALES;CIRCUNSTANCIAL;DESAPARICIÓN VOLUNTARIA
4/4/2025;6/4/2025;6/4/2025;ZONA 9;CALDERÓN;CALDERÓN;CALDERÓN 2;17;PICHINCHA;1701;QUITO;345600;-0,0885;-78,419349;MUJER;ECUADOR;15;ADOLESCENTES;MESTIZO/A;8/4/2025;-0,142561;-78,500371;PICHINCHA;ENCONTRADO;CAUSAS PERSONALES;CIRCUNSTANCIAL;DESAPARICIÓN VOLUNTARIA
4/4/2025;9/4/2025;11/4/2025;ZONA 9;MANUELA SÁENZ;SAN JUAN;SAN JUAN 2;17;PICHINCHA;1701;QUITO;1036800;-0,214876;-78,503889;MUJER;ECUADOR;14;ADOLESCENTES;MESTIZO/A;16/4/2025;-0,214876;-78,503889;PICHINCHA;ENCONTRADO;CAUSAS PERSONALES;CIRCUNSTANCIAL;DESAPARICIÓN VOLUNTARIA
4/4/2025;8/4/2025;11/4/2025;ZONA 9;TUMBACO;YARUQUÍ;YARUQUÍ 1;17;PICHINCHA;1701;QUITO;7084800;-0,164528;-78,316988;MUJER;ECUADOR;14;ADOLESCENTES;MESTIZO/A;25/6/2025;-0,142171;-78,500212;PICHINCHA;ENCONTRADO;CAUSAS PERSONALES;RELACIÓN AFECTIVA;DESAPARICIÓN VOLUNTARIA
2/4/2025;3/4/2025;3/4/2025;ZONA 9;QUITUMBE;CHILLOGALLO;CHILLOGALLO 1;17;PICHINCHA;1701;QUITO;1036800;-0,285752;-78,558;HOMBRE;ECUADOR;16;ADOLESCENTES;MESTIZO/A;14/4/2025;-0,142352;-78,500253;PICHINCHA;ENCONTRADO;CAUSAS PERSONALES;CIRCUNSTANCIAL;DESAPARICIÓN VOLUNTARIA
2/4/2025;3/4/2025;3/4/2025;ZONA 9;ELOY ALFARO - DMQ;SANTA ANITA;SANTA ANITA 2;17;PICHINCHA;1701;QUITO;1036800;-0,258117;-78,540469;MUJER;ECUADOR;53;ADULTO;MESTIZO/A;14/4/2025;-1,252984;-78,636264;TUNGURAHUA;ENCONTRADO;CAUSAS ECONÓMICAS;DEUDAS;DESAPARICIÓN VOLUNTARIA
2/4/2025;4/4/2025;4/4/2025;ZONA 9;ELOY ALFARO - DMQ;SOLANDA;SOLANDA 2;17;PICHINCHA;1701;QUITO;172800;-0,271647;-78,537677;MUJER;ECUADOR;13;ADOLESCENTES;MESTIZO/A;4/4/2025;-0,142255;-78,500253;PICHINCHA;ENCONTRADO;CAUSAS PERSONALES;CIRCUNSTANCIAL;DESAPARICIÓN VOLUNTARIA
2/4/2025;3/4/2025;3/4/2025;ZONA 9;MANUELA SÁENZ;EL PLACER;EL PLACER 2;17;PICHINCHA;1701;QUITO;172800;-0,205351;-78,528648;HOMBRE;ECUADOR;8;NIÑOS(AS);MESTIZO/A;4/4/2025;-0,20732;-78,500405;PICHINCHA;ENCONTRADO;CAUSAS ECONÓMICAS;DEUDAS;DESAPARICIÓN VOLUNTARIA
2/4/2025;3/4/2025;3/4/2025;ZONA 9;MANUELA SÁENZ;EL PLACER;EL PLACER 2;17;PICHINCHA;1701;QUITO;172800;-0,205351;-78,528648;MUJER;ECUADOR;37;ADULTO;MESTIZO/A;4/4/2025;-0,20732;-78,500405;PICHINCHA;ENCONTRADO;CAUSAS ECONÓMICAS;DEUDAS;DESAPARICIÓN VOLUNTARIA
2/4/2025;7/4/2025;7/4/2025;ZONA 9;EUGENIO ESPEJO;COCHAPAMBA;COCHAPAMBA 1;17;PICHINCHA;1701;QUITO;950400;-0,159791;-78,505902;HOMBRE;ECUADOR;44;ADULTO;MESTIZO/A;13/4/2025;-0,159712;-78,509981;PICHINCHA;ENCONTRADO;CAUSAS SOCIALES;ALCOHOLISMO;DESAPARICIÓN VOLUNTARIA
1/4/2025;1/4/2025;1/4/2025;ZONA 9;EUGENIO ESPEJO;JIPIJAPA;JIPIJAPA 1;17;PICHINCHA;1701;QUITO;0;-0,162799;-78,485927;HOMBRE;ECUADOR;56;ADULTO;MESTIZO/A;1/4/2025;-0,163516;-78,483437;PICHINCHA;ENCONTRADO;CAUSAS PERSONALES;CIRCUNSTANCIAL;DESAPARICIÓN VOLUNTARIA
1/4/2025;1/4/2025;1/4/2025;ZONA 9;LA DELICIA;CARCELÉN;CARCELÉN 5;17;PICHINCHA;1701;QUITO;0;-0,075104;-78,466883;HOMBRE;ECUADOR;64;ADULTO;MESTIZO/A;1/4/2025;-0,075228;-78,461723;PICHINCHA;ENCONTRADO;CAUSAS PERSONALES;CIRCUNSTANCIAL;DESAPARICIÓN VOLUNTARIA
1/4/2025;2/4/2025;2/4/2025;ZONA 9;EUGENIO ESPEJO;SAN ISIDRO DEL INCA;SAN ISIDRO DEL INCA 4;17;PICHINCHA;1701;QUITO;259200;-0,146264;-78,448693;MUJER;ECUADOR;16;ADOLESCENTES;MESTIZO/A;4/4/2025;-0,14237;-78,50021;PICHINCHA;ENCONTRADO;CAUSAS PERSONALES;CIRCUNSTANCIAL;DESAPARICIÓN VOLUNTARIA
31/3/2025;12/5/2025;27/5/2025;ZONA 9;LOS CHILLOS;SANTA ISABEL;SANTA ISABEL 1;17;PICHINCHA;1701;QUITO;5702400;-0,335726;-78,478035;HOMBRE;ECUADOR;34;ADULTO;MESTIZO/A;5/6/2025;-0,089543;-78,49142;PICHINCHA;ENCONTRADO;CAUSAS FAMILIARES;NO RELACIONADOS A VIOLENCIA;DESAPARICIÓN VOLUNTARIA
31/3/2025;31/3/2025;31/3/2025;ZONA 9;LA DELICIA;COLINAS DEL NORTE;COLINAS DEL NORTE 1;17;PICHINCHA;1701;QUITO;0;-0,10541;-78,513337;HOMBRE;ECUADOR;13;ADOLESCENTES;MESTIZO/A;31/3/2025;-0,103598;-78,490791;PICHINCHA;ENCONTRADO;CAUSAS PERSONALES;CIRCUNSTANCIAL;DESAPARICIÓN VOLUNTARIA
31/3/2025;31/3/2025;31/3/2025;ZONA 9;LA DELICIA;POMASQUI;POMASQUI 2;17;PICHINCHA;1701;QUITO;172800;-0,073429;-78,478566;MUJER;ECUADOR;15;ADOLESCENTES;MESTIZO/A;2/4/2025;-0,142666;-78,500201;PICHINCHA;ENCONTRADO;CAUSAS FAMILIARES;NO RELACIONADOS A VIOLENCIA;DESAPARICIÓN VOLUNTARIA
31/3/2025;1/4/2025;1/4/2025;ZONA 9;ELOY ALFARO - DMQ;ARGELIA;ARGELIA 4;17;PICHINCHA;1701;QUITO;3628800;-0,294344;-78,520752;HOMBRE;ECUADOR;33;ADULTO;MESTIZO/A;12/5/2025;-0,142139;-78,503147;PICHINCHA;ENCONTRADO;CAUSAS PERSONALES;CIRCUNSTANCIAL;DESAPARICIÓN VOLUNTARIA
31/3/2025;2/4/2025;2/4/2025;ZONA 9;ELOY ALFARO - DMQ;CHIMBACALLE;CHIMBACALLE 2;17;PICHINCHA;1701;QUITO;1123200;-0,240389;-78,515726;HOMBRE;ECUADOR;18;ADULTO;MESTIZO/A;13/4/2025;-0,24517;-78,512259;PICHINCHA;ENCONTRADO;CAUSAS FAMILIARES;NO RELACIONADOS A VIOLENCIA;DESAPARICIÓN VOLUNTARIA
30/3/2025;31/3/2025;31/3/2025;ZONA 9;ELOY ALFARO - DMQ;FERROVIARIA;FERROVIARIA 1;17;PICHINCHA;1701;QUITO;432000;-0,259638;-78,51994;MUJER;ECUADOR;17;ADOLESCENTES;MESTIZO/A;4/4/2025;-0,142223;-78,500156;PICHINCHA;ENCONTRADO;CAUSAS PERSONALES;CIRCUNSTANCIAL;DESAPARICIÓN VOLUNTARIA
29/3/2025;30/3/2025;30/3/2025;ZONA 9;QUITUMBE;GUAMANÍ;GUAMANÍ 2;17;PICHINCHA;1701;QUITO;1987200;-0,327644;-78,567355;MUJER;ECUADOR;17;ADOLESCENTES;MESTIZO/A;21/4/2025;-0,142416;-78,500189;PICHINCHA;ENCONTRADO;CAUSAS PERSONALES;CIRCUNSTANCIAL;DESAPARICIÓN VOLUNTARIA
29/3/2025;2/4/2025;2/4/2025;ZONA 9;QUITUMBE;ECUATORIANA;ECUATORIANA 3;17;PICHINCHA;1701;QUITO;1468800;-0,31134;-78,56375;HOMBRE;ECUADOR;31;ADULTO;MESTIZO/A;15/4/2025;-0,14237;-78,50021;PICHINCHA;ENCONTRADO;CAUSAS PERSONALES;CIRCUNSTANCIAL;DESAPARICIÓN VOLUNTARIA
28/3/2025;28/3/2025;28/3/2025;ZONA 9;QUITUMBE;LAS CUADRAS;LAS CUADRAS 1;17;PICHINCHA;1701;QUITO;345600;-0,306209;-78,553651;MUJER;ECUADOR;13;ADOLESCENTES;MESTIZO/A;1/4/2025;-0,232229;-78,334995;PICHINCHA;ENCONTRADO;CAUSAS PERSONALES;CIRCUNSTANCIAL;DESAPARICIÓN VOLUNTARIA
28/3/2025;29/3/2025;29/3/2025;ZONA 9;ELOY ALFARO - DMQ;CHIMBACALLE;CHIMBACALLE 2;17;PICHINCHA;1701;QUITO;1382400;-0,24411;-78,516389;HOMBRE;ECUADOR;81;ADULTO MAYOR;MESTIZO/A;13/4/2025;-0,242983;-78,514596;PICHINCHA;ENCONTRADO;CAUSAS PERSONALES;CIRCUNSTANCIAL;DESAPARICIÓN VOLUNTARIA
28/3/2025;29/3/2025;29/3/2025;ZONA 9;LA DELICIA;CARCELÉN;CARCELÉN 5;17;PICHINCHA;1701;QUITO;345600;-0,074312;-78,462406;HOMBRE;ECUADOR;17;ADOLESCENTES;MESTIZO/A;1/4/2025;-0,083835;-78,478288;PICHINCHA;ENCONTRADO;CAUSAS PERSONALES;CIRCUNSTANCIAL;DESAPARICIÓN VOLUNTARIA
28/3/2025;28/3/2025;28/3/2025;ZONA 9;LOS CHILLOS;CONOCOTO SUR;CONOCOTO SUR 2;17;PICHINCHA;1701;QUITO;1900800;-0,306949;-78,5019;MUJER;ECUADOR;90;ADULTO MAYOR;MESTIZO/A;19/4/2025;-0,301577;-78,50729;PICHINCHA;FALLECIDO;FALLECIDO;SIN_DATO;DESAPARICIÓN INVOLUNTARIA
28/3/2025;29/3/2025;29/3/2025;ZONA 9;TUMBACO;CUMBAYÁ SUR;CUMBAYÁ SUR 1;17;PICHINCHA;1701;QUITO;86400;-0,210725;-78,441089;HOMBRE;ECUADOR;31;ADULTO;MESTIZO/A;29/3/2025;-0,210725;-78,441089;PICHINCHA;ENCONTRADO;CAUSAS PERSONALES;CIRCUNSTANCIAL;DESAPARICIÓN VOLUNTARIA
27/3/2025;27/3/2025;27/3/2025;ZONA 9;CALDERÓN;CARAPUNGO;CARAPUNGO 3;17;PICHINCHA;1701;QUITO;20217600;-0,093766;-78,452062;MUJER;ECUADOR;17;ADOLESCENTES;MESTIZO/A;16/11/2025;-0,075616;-78,415547;PICHINCHA;ENCONTRADO;CAUSAS PERSONALES;RELACIÓN AFECTIVA;DESAPARICIÓN VOLUNTARIA
27/3/2025;27/3/2025;27/3/2025;ZONA 9;EUGENIO ESPEJO;LAS CASAS;LAS CASAS 1;17;PICHINCHA;1701;QUITO;86400;-0,192069;-78,497668;MUJER;ECUADOR;17;ADOLESCENTES;MESTIZO/A;28/3/2025;-0,142716;-78,49237;PICHINCHA;ENCONTRADO;CAUSAS PERSONALES;CIRCUNSTANCIAL;DESAPARICIÓN VOLUNTARIA
27/3/2025;27/3/2025;27/3/2025;ZONA 9;LA DELICIA;SAN ANTONIO ALTO;SAN ANTONIO ALTO 1;17;PICHINCHA;1701;QUITO;1468800;0,013959;-78,476511;MUJER;ECUADOR;16;ADOLESCENTES;MESTIZO/A;13/4/2025;-0,103258;-78,492288;PICHINCHA;ENCONTRADO;CAUSAS FAMILIARES;NO RELACIONADOS A VIOLENCIA;DESAPARICIÓN VOLUNTARIA
27/3/2025;28/3/2025;28/3/2025;ZONA 9;QUITUMBE;CHILLOGALLO;CHILLOGALLO 3;17;PICHINCHA;1701;QUITO;86400;-0,285621;-78,565043;MUJER;ECUADOR;10;NIÑOS(AS);MESTIZO/A;28/3/2025;-0,29911;-78,572828;PICHINCHA;ENCONTRADO;CAUSAS PERSONALES;RELACIÓN AFECTIVA;DESAPARICIÓN VOLUNTARIA
27/3/2025;31/3/2025;31/3/2025;ZONA 9;CALDERÓN;CARAPUNGO;CARAPUNGO 1;17;PICHINCHA;1701;QUITO;2246400;-0,08951;-78,446117;MUJER;ECUADOR;14;ADOLESCENTES;MESTIZO/A;22/4/2025;-0,091034;-78,446927;PICHINCHA;ENCONTRADO;CAUSAS FAMILIARES;NO RELACIONADOS A VIOLENCIA;DESAPARICIÓN VOLUNTARIA
27/3/2025;16/4/2025;21/4/2025;ZONA 9;ELOY ALFARO - DMQ;FERROVIARIA;FERROVIARIA 1;17;PICHINCHA;1701;QUITO;2332800;-0,256653;-78,518358;HOMBRE;ECUADOR;45;ADULTO;MESTIZO/A;23/4/2025;-0,260008;-78,518803;PICHINCHA;ENCONTRADO;CAUSAS SOCIALES;ALCOHOLISMO;DESAPARICIÓN VOLUNTARIA
26/3/2025;27/3/2025;27/3/2025;ZONA 9;ELOY ALFARO - DMQ;CHIMBACALLE;CHIMBACALLE 4;17;PICHINCHA;1701;QUITO;259200;-0,247155;-78,512901;HOMBRE;ECUADOR;16;ADOLESCENTES;MESTIZO/A;29/3/2025;-0,252188;-79,187938;SANTO DOMINGO DE LOS TSACHILAS;ENCONTRADO;CAUSAS PERSONALES;CIRCUNSTANCIAL;DESAPARICIÓN VOLUNTARIA
26/3/2025;26/3/2025;26/3/2025;ZONA 9;EUGENIO ESPEJO;COCHAPAMBA;COCHAPAMBA 5;17;PICHINCHA;1701;QUITO;86400;-0,123533;-78,504846;MUJER;ECUADOR;13;ADOLESCENTES;MESTIZO/A;27/3/2025;-0,089744;-78,476564;PICHINCHA;ENCONTRADO;CAUSAS PERSONALES;CIRCUNSTANCIAL;DESAPARICIÓN VOLUNTARIA
26/3/2025;26/3/2025;26/3/2025;ZONA 9;EUGENIO ESPEJO;COCHAPAMBA;COCHAPAMBA 5;17;PICHINCHA;1701;QUITO;86400;-0,123533;-78,504846;MUJER;ECUADOR;14;ADOLESCENTES;MESTIZO/A;27/3/2025;-0,089744;-78,476564;PICHINCHA;ENCONTRADO;CAUSAS PERSONALES;CIRCUNSTANCIAL;DESAPARICIÓN VOLUNTARIA
26/3/2025;27/3/2025;27/3/2025;ZONA 9;CALDERÓN;BELLAVISTA DE CALDERÓN;BELLAVISTA DE CALDERÓN 1;17;PICHINCHA;1701;QUITO;23760000;-0,080049;-78,408449;HOMBRE;ECUADOR;23;ADULTO;MESTIZO/A;26/12/2025;-0,093622;-78,440394;PICHINCHA;ENCONTRADO;CAUSAS SOCIALES;DROGADICCIÓN;DESAPARICIÓN VOLUNTARIA
26/3/2025;26/3/2025;26/3/2025;ZONA 9;ELOY ALFARO - DMQ;CHIMBACALLE;CHIMBACALLE 2;17;PICHINCHA;1701;QUITO;1555200;-0,24411;-78,516389;MUJER;ECUADOR;14;ADOLESCENTES;MESTIZO/A;13/4/2025;-2,246005;-79,926807;GUAYAS;ENCONTRADO;CAUSAS PERSONALES;RELACIÓN AFECTIVA;DESAPARICIÓN VOLUNTARIA
26/3/2025;28/3/2025;28/3/2025;ZONA 9;QUITUMBE;GUAMANÍ;GUAMANÍ 1;17;PICHINCHA;1701;QUITO;4406400;-0,315499;-78,550469;HOMBRE;ECUADOR;25;ADULTO;MESTIZO/A;16/5/2025;-0,181704;-78,50914;PICHINCHA;FALLECIDO;FALLECIDO;SIN_DATO;DESAPARICIÓN INVOLUNTARIA
26/3/2025;26/3/2025;29/3/2025;ZONA 9;TUMBACO;TUMBACO SUR;TUMBACO SUR 1;17;PICHINCHA;1701;QUITO;11404800;-0,2172;-78,4078;MUJER;ECUADOR;17;ADOLESCENTES;MESTIZO/A;5/8/2025;-1,238573;-78,620346;TUNGURAHUA;ENCONTRADO;CAUSAS PERSONALES;CIRCUNSTANCIAL;DESAPARICIÓN VOLUNTARIA
25/3/2025;26/3/2025;26/3/2025;ZONA 9;CALDERÓN;CALDERÓN;CALDERÓN 2;17;PICHINCHA;1701;QUITO;86400;-0,096049;-78,424033;HOMBRE;ECUADOR;80;ADULTO MAYOR;MESTIZO/A;26/3/2025;-0,12139;-78,442178;PICHINCHA;ENCONTRADO;CAUSAS FAMILIARES;NO RELACIONADOS A VIOLENCIA;DESAPARICIÓN VOLUNTARIA
25/3/2025;28/3/2025;28/3/2025;ZONA 9;ELOY ALFARO - DMQ;EL CALZADO;EL CALZADO 3;17;PICHINCHA;1701;QUITO;691200;-0,266667;-78,5333;HOMBRE;ECUADOR;20;ADULTO;MESTIZO/A;2/4/2025;-0,220164;-78,512327;PICHINCHA;ENCONTRADO;CAUSAS PERSONALES;CIRCUNSTANCIAL;DESAPARICIÓN VOLUNTARIA
25/3/2025;25/3/2025;25/3/2025;ZONA 9;ELOY ALFARO - DMQ;LLOA;LLOA 1;17;PICHINCHA;1701;QUITO;172800;-0,247963;-78,582984;MUJER;ECUADOR;16;ADOLESCENTES;MESTIZO/A;27/3/2025;-0,220622;-78,504953;PICHINCHA;ENCONTRADO;CAUSAS PERSONALES;CIRCUNSTANCIAL;DESAPARICIÓN VOLUNTARIA
25/3/2025;26/3/2025;26/3/2025;ZONA 9;LA DELICIA;LA ROLDÓS;LA ROLDÓS 3;17;PICHINCHA;1701;QUITO;1036800;-0,090355;-78,51923;MUJER;ECUADOR;18;ADULTO;MESTIZO/A;6/4/2025;-0,08739;-78,508626;PICHINCHA;ENCONTRADO;CAUSAS FAMILIARES;NO RELACIONADOS A VIOLENCIA;DESAPARICIÓN VOLUNTARIA
25/3/2025;26/3/2025;26/3/2025;ZONA 9;QUITUMBE;GUAMANÍ;GUAMANÍ 2;17;PICHINCHA;1701;QUITO;1641600;-0,327644;-78,567355;HOMBRE;ECUADOR;30;ADULTO;MESTIZO/A;13/4/2025;-0,282076;-78,542064;PICHINCHA;ENCONTRADO;CAUSAS FAMILIARES;NO RELACIONADOS A VIOLENCIA;DESAPARICIÓN VOLUNTARIA
25/3/2025;29/3/2025;29/3/2025;ZONA 9;CALDERÓN;LADERAS DE SAN FRANCISCO;LADERAS DE SAN FRANCISCO 1;17;PICHINCHA;1701;QUITO;13824000;-0,05007;-78,433005;MUJER;ECUADOR;16;ADOLESCENTES;MESTIZO/A;1/9/2025;-0,142095;-78,499964;PICHINCHA;ENCONTRADO;CAUSAS PERSONALES;CIRCUNSTANCIAL;DESAPARICIÓN VOLUNTARIA
25/3/2025;27/3/2025;29/3/2025;ZONA 9;TUMBACO;PIFO;PIFO 2;17;PICHINCHA;1701;QUITO;3628800;-0,217459;-78,340781;MUJER;ECUADOR;13;ADOLESCENTES;MESTIZO/A;6/5/2025;-0,213463;-78,339738;PICHINCHA;ENCONTRADO;CAUSAS FAMILIARES;NO RELACIONADOS A VIOLENCIA;DESAPARICIÓN VOLUNTARIA
25/3/2025;1/4/2025;3/4/2025;ZONA 9;EUGENIO ESPEJO;JIPIJAPA;JIPIJAPA 1;17;PICHINCHA;1701;QUITO;1641600;-0,169267;-78,476398;MUJER;ECUADOR;39;ADULTO;MESTIZO/A;13/4/2025;-0,956975;-78,695285;COTOPAXI;ENCONTRADO;CAUSAS PERSONALES;CIRCUNSTANCIAL;DESAPARICIÓN VOLUNTARIA
25/3/2025;31/3/2025;1/4/2025;ZONA 9;QUITUMBE;GUAMANÍ;GUAMANÍ 2;17;PICHINCHA;1701;QUITO;604800;-0,332062;-78,568318;HOMBRE;ECUADOR;14;ADOLESCENTES;MESTIZO/A;1/4/2025;-0,325479;-78,566618;PICHINCHA;ENCONTRADO;CAUSAS PERSONALES;CIRCUNSTANCIAL;DESAPARICIÓN VOLUNTARIA
24/3/2025;24/3/2025;24/3/2025;ZONA 9;EUGENIO ESPEJO;NAYON;NAYON 2;17;PICHINCHA;1701;QUITO;0;-0,188964;-78,447614;MUJER;ECUADOR;12;ADOLESCENTES;MESTIZO/A;24/3/2025;-0,185496;-78,483719;PICHINCHA;ENCONTRADO;CAUSAS PERSONALES;CIRCUNSTANCIAL;DESAPARICIÓN VOLUNTARIA
24/3/2025;26/3/2025;29/3/2025;ZONA 9;QUITUMBE;ECUATORIANA;ECUATORIANA 3;17;PICHINCHA;1701;QUITO;1382400;-0,305924;-78,560872;MUJER;ECUADOR;14;ADOLESCENTES;MESTIZO/A;9/4/2025;-0,305924;-78,560872;PICHINCHA;ENCONTRADO;CAUSAS FAMILIARES;NO RELACIONADOS A VIOLENCIA;DESAPARICIÓN VOLUNTARIA
24/3/2025;25/3/2025;26/3/2025;ZONA 9;MANUELA SÁENZ;MONJAS COLLACOTO;MONJAS COLLACOTO 3;17;PICHINCHA;1701;QUITO;15292800;-0,23933;-78,504691;MUJER;ECUADOR;17;ADOLESCENTES;MESTIZO/A;17/9/2025;-0,29155;-78,566707;PICHINCHA;ENCONTRADO;CAUSAS PERSONALES;CIRCUNSTANCIAL;DESAPARICIÓN VOLUNTARIA
23/3/2025;25/3/2025;25/3/2025;ZONA 9;QUITUMBE;GUAMANÍ;GUAMANÍ 2;17;PICHINCHA;1701;QUITO;345600;-0,327644;-78,567355;MUJER;ECUADOR;20;ADULTO;MESTIZO/A;27/3/2025;1,427619;-77,097224;PICHINCHA;ENCONTRADO;POSIBLE VINCULACIÓN A DELITO;TRÁFICO ILÍCITO DE MIGRANTES;DESAPARICIÓN INVOLUNTARIA
23/3/2025;25/3/2025;25/3/2025;ZONA 9;QUITUMBE;GUAMANÍ;GUAMANÍ 2;17;PICHINCHA;1701;QUITO;345600;-0,327644;-78,567355;HOMBRE;ECUADOR;22;ADULTO;MESTIZO/A;27/3/2025;1,427619;-77,097224;PICHINCHA;ENCONTRADO;POSIBLE VINCULACIÓN A DELITO;TRÁFICO ILÍCITO DE MIGRANTES;DESAPARICIÓN INVOLUNTARIA
23/3/2025;26/3/2025;26/3/2025;ZONA 9;TUMBACO;TUMBACO;TUMBACO 2;17;PICHINCHA;1701;QUITO;777600;-0,210691;-78,395599;HOMBRE;ECUADOR;53;ADULTO;MESTIZO/A;1/4/2025;-0,214951;-78,403429;PICHINCHA;ENCONTRADO;CAUSAS PERSONALES;CIRCUNSTANCIAL;DESAPARICIÓN VOLUNTARIA
23/3/2025;25/3/2025;25/3/2025;ZONA 9;ELOY ALFARO - DMQ;SOLANDA;SOLANDA 4;17;PICHINCHA;1701;QUITO;172800;-0,268637;-78,540083;MUJER;ECUADOR;16;ADOLESCENTES;MESTIZO/A;25/3/2025;-0,268637;-78,540083;PICHINCHA;ENCONTRADO;CAUSAS PERSONALES;CIRCUNSTANCIAL;DESAPARICIÓN VOLUNTARIA
22/3/2025;25/3/2025;25/3/2025;ZONA 9;ELOY ALFARO - DMQ;FERROVIARIA;FERROVIARIA 1;17;PICHINCHA;1701;QUITO;259200;-0,259638;-78,51994;MUJER;ECUADOR;16;ADOLESCENTES;MESTIZO/A;25/3/2025;-0,257573;-78,516408;PICHINCHA;ENCONTRADO;CAUSAS PERSONALES;CIRCUNSTANCIAL;DESAPARICIÓN VOLUNTARIA
22/3/2025;24/3/2025;24/3/2025;ZONA 9;ELOY ALFARO - DMQ;MAGDALENA;MAGDALENA 2;17;PICHINCHA;1701;QUITO;345600;-0,248075;-78,533545;HOMBRE;ECUADOR;58;ADULTO;MESTIZO/A;26/3/2025;-0,280369;-78,54124;PICHINCHA;ENCONTRADO;CAUSAS PERSONALES;CIRCUNSTANCIAL;DESAPARICIÓN VOLUNTARIA
22/3/2025;24/3/2025;24/3/2025;ZONA 9;MANUELA SÁENZ;MONJAS COLLACOTO;MONJAS COLLACOTO 1;17;PICHINCHA;1701;QUITO;172800;-0,235267;-78,478419;MUJER;ECUADOR;16;ADOLESCENTES;MESTIZO/A;24/3/2025;-0,25785;-78,517053;PICHINCHA;ENCONTRADO;CAUSAS PERSONALES;CIRCUNSTANCIAL;DESAPARICIÓN VOLUNTARIA
22/3/2025;10/4/2025;10/4/2025;ZONA 9;CALDERÓN;CALDERÓN;CALDERÓN 2;17;PICHINCHA;1701;QUITO;1641600;-0,097371;-78,424037;HOMBRE;ECUADOR;52;ADULTO;MESTIZO/A;10/4/2025;-0,232638;-78,489308;PICHINCHA;FALLECIDO;FALLECIDO;SIN_DATO;DESAPARICIÓN INVOLUNTARIA
21/3/2025;25/3/2025;25/3/2025;ZONA 9;LA DELICIA;EL MIRADOR;EL MIRADOR 3;17;PICHINCHA;1701;QUITO;432000;-0,122409;-78,465248;HOMBRE;ECUADOR;18;ADULTO;INDIGENA;26/3/2025;-0,142849;-78,499982;PICHINCHA;ENCONTRADO;CAUSAS PERSONALES;CIRCUNSTANCIAL;DESAPARICIÓN VOLUNTARIA
21/3/2025;22/3/2025;22/3/2025;ZONA 9;QUITUMBE;ECUATORIANA;ECUATORIANA 1;17;PICHINCHA;1701;QUITO;86400;-0,29585;-78,568004;HOMBRE;ECUADOR;67;ADULTO MAYOR;MESTIZO/A;22/3/2025;-0,329454;-78,552044;PICHINCHA;ENCONTRADO;EXTRAVIADO - DISCAPACIDAD / ENFERMEDADES / TRASTORNOS;DISCAPACIDAD INTELECTUAL;EXTRAVÍO
21/3/2025;24/3/2025;24/3/2025;ZONA 9;MANUELA SÁENZ;ITCHIMBIA;ITCHIMBIA 3;17;PICHINCHA;1701;QUITO;259200;-0,216515;-78,502186;MUJER;ECUADOR;14;ADOLESCENTES;MESTIZO/A;24/3/2025;-0,225709;-78,505027;PICHINCHA;ENCONTRADO;CAUSAS PERSONALES;CIRCUNSTANCIAL;DESAPARICIÓN VOLUNTARIA
21/3/2025;21/3/2025;22/3/2025;ZONA 9;EUGENIO ESPEJO;COCHAPAMBA;COCHAPAMBA 2;17;PICHINCHA;1701;QUITO;86400;-0,148795;-78,506447;MUJER;ECUADOR;12;ADOLESCENTES;MESTIZO/A;22/3/2025;-0,29304;-78,549759;PICHINCHA;ENCONTRADO;CAUSAS PERSONALES;CIRCUNSTANCIAL;DESAPARICIÓN VOLUNTARIA
21/3/2025;24/3/2025;24/3/2025;ZONA 9;MANUELA SÁENZ;CENTRO HISTÓRICO;CENTRO HISTÓRICO 2;17;PICHINCHA;1701;QUITO;259200;-0,223252;-78,514106;MUJER;ECUADOR;14;ADOLESCENTES;MESTIZO/A;24/3/2025;-0,25;-78,5;PICHINCHA;ENCONTRADO;CAUSAS PERSONALES;CIRCUNSTANCIAL;DESAPARICIÓN VOLUNTARIA
21/3/2025;22/3/2025;22/3/2025;ZONA 9;MANUELA SÁENZ;SAN JUAN;SAN JUAN 1;17;PICHINCHA;1701;QUITO;86400;-0,212611;-78,504508;MUJER;ECUADOR;17;ADOLESCENTES;MESTIZO/A;22/3/2025;-0,259424;-78,504257;PICHINCHA;ENCONTRADO;CAUSAS PERSONALES;CIRCUNSTANCIAL;DESAPARICIÓN VOLUNTARIA
21/3/2025;22/3/2025;22/3/2025;ZONA 9;QUITUMBE;GUAMANÍ;GUAMANÍ 5;17;PICHINCHA;1701;QUITO;2505600;-0,341365;-78,566711;MUJER;ECUADOR;13;ADOLESCENTES;MESTIZO/A;19/4/2025;-0,222588;-78,541089;PICHINCHA;ENCONTRADO;CAUSAS PERSONALES;CIRCUNSTANCIAL;DESAPARICIÓN VOLUNTARIA
21/3/2025;22/3/2025;22/3/2025;ZONA 9;MANUELA SÁENZ;PUENGASÍ;PUENGASÍ 2;17;PICHINCHA;1701;QUITO;86400;-0,255013;-78,492953;MUJER;ECUADOR;21;ADULTO;MESTIZO/A;22/3/2025;-0,218822;-78,513549;PICHINCHA;ENCONTRADO;CAUSAS PERSONALES;CIRCUNSTANCIAL;DESAPARICIÓN VOLUNTARIA
21/3/2025;22/3/2025;22/3/2025;ZONA 9;LA DELICIA;PONCIANO;PONCIANO 1;17;PICHINCHA;1701;QUITO;172800;-0,117529;-78,489961;HOMBRE;ECUADOR;22;ADULTO;MESTIZO/A;23/3/2025;-0,142144;-78,500572;PICHINCHA;ENCONTRADO;CAUSAS PERSONALES;CIRCUNSTANCIAL;DESAPARICIÓN VOLUNTARIA
20/3/2025;21/3/2025;21/3/2025;ZONA 9;LA DELICIA;PONCIANO;PONCIANO 1;17;PICHINCHA;1701;QUITO;172800;-0,117393;-78,483683;HOMBRE;ECUADOR;54;ADULTO;MESTIZO/A;22/3/2025;-0,101039;-78,469765;PICHINCHA;ENCONTRADO;EXTRAVIADO - DISCAPACIDAD / ENFERMEDADES / TRASTORNOS;DISCAPACIDAD SENSORIAL;EXTRAVÍO
20/3/2025;24/3/2025;25/3/2025;ZONA 9;LA DELICIA;MENA DEL HIERRO;MENA DEL HIERRO 1;17;PICHINCHA;1701;QUITO;1728000;-0,108806;-78,505558;MUJER;ECUADOR;16;ADOLESCENTES;MESTIZO/A;9/4/2025;-0,103293;-78,500894;PICHINCHA;ENCONTRADO;CAUSAS FAMILIARES;NO RELACIONADOS A VIOLENCIA;DESAPARICIÓN VOLUNTARIA
19/3/2025;19/3/2025;19/3/2025;ZONA 9;LOS CHILLOS;ALANGASÍ;ALANGASÍ 1;17;PICHINCHA;1701;QUITO;3542400;-0,304087;-78,415821;HOMBRE;ECUADOR;61;ADULTO;MESTIZO/A;29/4/2025;-0,185174;-78,487375;PICHINCHA;ENCONTRADO;CAUSAS PERSONALES;CIRCUNSTANCIAL;DESAPARICIÓN VOLUNTARIA
19/3/2025;20/3/2025;20/3/2025;ZONA 9;CALDERÓN;LLANO CHICO;LLANO CHICO 1;17;PICHINCHA;1701;QUITO;86400;-0,135002;-78,438247;HOMBRE;ECUADOR;15;ADOLESCENTES;MESTIZO/A;20/3/2025;-0,18953;-78,507157;PICHINCHA;ENCONTRADO;CAUSAS PERSONALES;CIRCUNSTANCIAL;DESAPARICIÓN VOLUNTARIA
19/3/2025;20/3/2025;20/3/2025;ZONA 9;LOS CHILLOS;CONOCOTO SUR;CONOCOTO SUR 2;17;PICHINCHA;1701;QUITO;432000;-0,306949;-78,5019;HOMBRE;ECUADOR;27;ADULTO;INDIGENA;24/3/2025;-0,223252;-78,514106;PICHINCHA;FALLECIDO;FALLECIDO;SIN_DATO;DESAPARICIÓN INVOLUNTARIA
19/3/2025;20/3/2025;20/3/2025;ZONA 9;ELOY ALFARO - DMQ;ARGELIA;ARGELIA 1;17;PICHINCHA;1701;QUITO;345600;-0,275614;-78,528734;MUJER;ECUADOR;19;ADULTO;MESTIZO/A;23/3/2025;-0,142144;-78,500572;PICHINCHA;ENCONTRADO;CAUSAS FAMILIARES;NO RELACIONADOS A VIOLENCIA;DESAPARICIÓN VOLUNTARIA
19/3/2025;20/3/2025;20/3/2025;ZONA 9;QUITUMBE;ECUATORIANA;ECUATORIANA 3;17;PICHINCHA;1701;QUITO;432000;-0,308711;-78,562545;MUJER;ECUADOR;13;ADOLESCENTES;MESTIZO/A;24/3/2025;-0,142449;-78,500189;PICHINCHA;ENCONTRADO;CAUSAS PERSONALES;CIRCUNSTANCIAL;DESAPARICIÓN VOLUNTARIA
19/3/2025;13/1/2026;15/1/2026;ZONA 9;MANUELA SÁENZ;EL PLACER;EL PLACER 3;17;PICHINCHA;1701;QUITO;27216000;-0,211005;-78,519748;MUJER;ECUADOR;90;ADULTO MAYOR;MESTIZO/A;28/1/2026;-33,443708;-70,645008;PICHINCHA;ENCONTRADO;CAUSAS PERSONALES;CIRCUNSTANCIAL;DESAPARICIÓN VOLUNTARIA
18/3/2025;18/3/2025;18/3/2025;ZONA 9;EUGENIO ESPEJO;COCHAPAMBA;COCHAPAMBA 4;17;PICHINCHA;1701;QUITO;86400;-0,128734;-78,514259;MUJER;ECUADOR;14;ADOLESCENTES;MESTIZO/A;19/3/2025;-0,128734;-78,514259;PICHINCHA;ENCONTRADO;CAUSAS FAMILIARES;NO RELACIONADOS A VIOLENCIA;DESAPARICIÓN VOLUNTARIA
18/3/2025;18/3/2025;18/3/2025;ZONA 9;EUGENIO ESPEJO;LAS CASAS;LAS CASAS 2;17;PICHINCHA;1701;QUITO;86400;-0,18953;-78,507157;MUJER;ECUADOR;16;ADOLESCENTES;MESTIZO/A;19/3/2025;-0,18953;-78,507157;PICHINCHA;ENCONTRADO;CAUSAS PERSONALES;CIRCUNSTANCIAL;DESAPARICIÓN VOLUNTARIA
18/3/2025;21/3/2025;21/3/2025;ZONA 9;EUGENIO ESPEJO;SAN ISIDRO DEL INCA;SAN ISIDRO DEL INCA 3;17;PICHINCHA;1701;QUITO;345600;-0,131541;-78,459779;HOMBRE;ECUADOR;58;ADULTO;MESTIZO/A;22/3/2025;-0,156808;-78,479457;PICHINCHA;ENCONTRADO;CAUSAS PERSONALES;CIRCUNSTANCIAL;DESAPARICIÓN VOLUNTARIA
17/3/2025;17/3/2025;17/3/2025;ZONA 9;QUITUMBE;ECUATORIANA;ECUATORIANA 1;17;PICHINCHA;1701;QUITO;0;-0,296883;-78,562389;MUJER;ECUADOR;17;ADOLESCENTES;MESTIZO/A;17/3/2025;-0,327644;-78,567355;PICHINCHA;ENCONTRADO;CAUSAS PERSONALES;CIRCUNSTANCIAL;DESAPARICIÓN VOLUNTARIA
16/3/2025;16/3/2025;16/3/2025;ZONA 9;CALDERÓN;CALDERÓN;CALDERÓN 2;17;PICHINCHA;1701;QUITO;86400;-0,096049;-78,424033;MUJER;ECUADOR;20;ADULTO;MESTIZO/A;17/3/2025;-0,088542;-78,435099;PICHINCHA;ENCONTRADO;CAUSAS PERSONALES;CIRCUNSTANCIAL;DESAPARICIÓN VOLUNTARIA
16/3/2025;16/3/2025;16/3/2025;ZONA 9;QUITUMBE;GUAMANÍ;GUAMANÍ 5;17;PICHINCHA;1701;QUITO;86400;-0,343175;-78,56414;HOMBRE;ECUADOR;77;ADULTO MAYOR;MESTIZO/A;17/3/2025;-0,327644;-78,567355;PICHINCHA;ENCONTRADO;CAUSAS PERSONALES;CIRCUNSTANCIAL;DESAPARICIÓN VOLUNTARIA
16/3/2025;16/3/2025;16/3/2025;ZONA 9;QUITUMBE;GUAMANÍ;GUAMANÍ 5;17;PICHINCHA;1701;QUITO;86400;-0,343175;-78,56414;MUJER;ECUADOR;73;ADULTO MAYOR;MESTIZO/A;17/3/2025;-0,327644;-78,567355;PICHINCHA;ENCONTRADO;CAUSAS PERSONALES;CIRCUNSTANCIAL;DESAPARICIÓN VOLUNTARIA
16/3/2025;17/3/2025;17/3/2025;ZONA 9;MANUELA SÁENZ;PUENGASÍ;PUENGASÍ 2;17;PICHINCHA;1701;QUITO;345600;-0,253924;-78,492553;HOMBRE;ECUADOR;18;ADULTO;MESTIZO/A;20/3/2025;-0,321147;-78,537188;PICHINCHA;ENCONTRADO;CAUSAS SOCIALES;ALCOHOLISMO;DESAPARICIÓN VOLUNTARIA
16/3/2025;18/3/2025;19/3/2025;ZONA 9;LA DELICIA;EL MIRADOR;EL MIRADOR 3;17;PICHINCHA;1701;QUITO;345600;-0,122409;-78,465248;HOMBRE;ECUADOR;24;ADULTO;MESTIZO/A;20/3/2025;-0,181739;-78,504295;PICHINCHA;FALLECIDO;FALLECIDO;SIN_DATO;DESAPARICIÓN INVOLUNTARIA
15/3/2025;7/4/2025;7/4/2025;ZONA 9;LOS CHILLOS;GUANGOPOLO;GUANGOPOLO 1;17;PICHINCHA;1701;QUITO;6912000;-0,250318;-78,445715;MUJER;VENEZUELA;1;NIÑOS(AS);MESTIZO/A;3/6/2025;-0,245449;-78,443807;PICHINCHA;ENCONTRADO;CAUSAS PERSONALES;CIRCUNSTANCIAL;DESAPARICIÓN VOLUNTARIA
15/3/2025;7/4/2025;7/4/2025;ZONA 9;LOS CHILLOS;GUANGOPOLO;GUANGOPOLO 1;17;PICHINCHA;1701;QUITO;6912000;-0,250318;-78,445715;MUJER;VENEZUELA;17;ADOLESCENTES;MESTIZO/A;3/6/2025;-0,245449;-78,443807;PICHINCHA;ENCONTRADO;CAUSAS PERSONALES;CIRCUNSTANCIAL;DESAPARICIÓN VOLUNTARIA
15/3/2025;16/3/2025;16/3/2025;ZONA 9;ELOY ALFARO - DMQ;MAGDALENA;MAGDALENA 1;17;PICHINCHA;1701;QUITO;172800;-0,24182;-78,527751;HOMBRE;ECUADOR;56;ADULTO;MESTIZO/A;17/3/2025;-0,208689;-78,495461;PICHINCHA;ENCONTRADO;CAUSAS FAMILIARES;NO RELACIONADOS A VIOLENCIA;DESAPARICIÓN VOLUNTARIA
15/3/2025;16/3/2025;16/3/2025;ZONA 9;ELOY ALFARO - DMQ;MENA;MENA 2;17;PICHINCHA;1701;QUITO;86400;-0,254917;-78,553764;MUJER;ECUADOR;16;ADOLESCENTES;MESTIZO/A;16/3/2025;-0,25625;-78,553377;PICHINCHA;ENCONTRADO;CAUSAS PERSONALES;CIRCUNSTANCIAL;DESAPARICIÓN VOLUNTARIA
15/3/2025;15/3/2025;15/3/2025;ZONA 9;ELOY ALFARO - DMQ;ARGELIA;ARGELIA 4;17;PICHINCHA;1701;QUITO;172800;-0,286708;-78,518338;HOMBRE;ECUADOR;74;ADULTO MAYOR;INDIGENA;17/3/2025;-0,197396;-78,506216;PICHINCHA;ENCONTRADO;EXTRAVIADO - DISCAPACIDAD / ENFERMEDADES / TRASTORNOS;DISCAPACIDAD PSICOSOCIAL;EXTRAVÍO
15/3/2025;26/3/2025;29/3/2025;ZONA 9;TUMBACO;TUMBACO;TUMBACO 2;17;PICHINCHA;1701;QUITO;16588800;-0,198646;-78,399337;MUJER;ECUADOR;20;ADULTO;MESTIZO/A;23/9/2025;-0,248062;-78,49857;PICHINCHA;ENCONTRADO;CAUSAS PERSONALES;CIRCUNSTANCIAL;DESAPARICIÓN VOLUNTARIA
14/3/2025;14/3/2025;14/3/2025;ZONA 9;LA DELICIA;EL MIRADOR;EL MIRADOR 3;17;PICHINCHA;1701;QUITO;0;-0,122409;-78,465248;MUJER;ECUADOR;82;ADULTO MAYOR;MESTIZO/A;14/3/2025;-0,122409;-78,465248;PICHINCHA;ENCONTRADO;CAUSAS PERSONALES;CIRCUNSTANCIAL;DESAPARICIÓN VOLUNTARIA
14/3/2025;15/3/2025;15/3/2025;ZONA 9;MANUELA SÁENZ;SAN JUAN;SAN JUAN 3;17;PICHINCHA;1701;QUITO;1987200;-0,208665;-78,512717;MUJER;ECUADOR;14;ADOLESCENTES;MESTIZO/A;6/4/2025;-0,142266;-78,500178;PICHINCHA;ENCONTRADO;CAUSAS PERSONALES;CIRCUNSTANCIAL;DESAPARICIÓN VOLUNTARIA
14/3/2025;17/3/2025;17/3/2025;ZONA 9;ELOY ALFARO - DMQ;MAGDALENA;MAGDALENA 1;17;PICHINCHA;1701;QUITO;691200;-0,24182;-78,527751;MUJER;ECUADOR;16;ADOLESCENTES;AFRO;22/3/2025;-0,25269;-78,522455;PICHINCHA;ENCONTRADO;CAUSAS PERSONALES;CIRCUNSTANCIAL;DESAPARICIÓN VOLUNTARIA
14/3/2025;15/3/2025;15/3/2025;ZONA 9;QUITUMBE;LAS CUADRAS;LAS CUADRAS 3;17;PICHINCHA;1701;QUITO;4492800;-0,293786;-78,54804;MUJER;ECUADOR;17;ADOLESCENTES;MESTIZO/A;5/5/2025;-2,888503;-78,974173;AZUAY;ENCONTRADO;CAUSAS PERSONALES;CIRCUNSTANCIAL;DESAPARICIÓN VOLUNTARIA
14/3/2025;18/3/2025;20/3/2025;ZONA 9;LOS CHILLOS;PINTAG;PINTAG 2;17;PICHINCHA;1701;QUITO;950400;-0,373632;-78,372175;MUJER;ECUADOR;15;ADOLESCENTES;MESTIZO/A;25/3/2025;-0,371091;-78,371688;PICHINCHA;ENCONTRADO;CAUSAS FAMILIARES;NO RELACIONADOS A VIOLENCIA;DESAPARICIÓN VOLUNTARIA
14/3/2025;2/4/2025;2/4/2025;ZONA 9;EUGENIO ESPEJO;LAS CASAS;LAS CASAS 2;17;PICHINCHA;1701;QUITO;3456000;-0,188511;-78,513826;MUJER;ECUADOR;16;ADOLESCENTES;MESTIZO/A;23/4/2025;-0,090556;-78,512106;PICHINCHA;ENCONTRADO;CAUSAS PERSONALES;CIRCUNSTANCIAL;DESAPARICIÓN VOLUNTARIA
14/3/2025;28/3/2025;4/4/2025;ZONA 9;TUMBACO;TUMBACO;TUMBACO 1;17;PICHINCHA;1701;QUITO;3369600;-0,211143;-78,404553;MUJER;ECUADOR;15;ADOLESCENTES;MESTIZO/A;22/4/2025;-0,214482;-78,395472;PICHINCHA;ENCONTRADO;CAUSAS PERSONALES;CIRCUNSTANCIAL;DESAPARICIÓN VOLUNTARIA
13/3/2025;15/3/2025;15/3/2025;ZONA 9;LA DELICIA;EL CONDADO;EL CONDADO 1;17;PICHINCHA;1701;QUITO;2678400;-0,102904;-78,484442;HOMBRE;ECUADOR;69;ADULTO MAYOR;MESTIZO/A;13/4/2025;-0,102912;-78,484331;PICHINCHA;ENCONTRADO;CAUSAS FAMILIARES;NO RELACIONADOS A VIOLENCIA;DESAPARICIÓN VOLUNTARIA
13/3/2025;17/3/2025;17/3/2025;ZONA 9;ELOY ALFARO - DMQ;MENA;MENA 3;17;PICHINCHA;1701;QUITO;432000;-0,26081;-78,554776;HOMBRE;ECUADOR;13;ADOLESCENTES;MESTIZO/A;18/3/2025;-0,215874;-78,515056;PICHINCHA;ENCONTRADO;CAUSAS PERSONALES;CIRCUNSTANCIAL;DESAPARICIÓN VOLUNTARIA
12/3/2025;14/3/2025;14/3/2025;ZONA 9;ELOY ALFARO - DMQ;BARRIO NUEVO;BARRIO NUEVO 3;17;PICHINCHA;1701;QUITO;345600;-0,280369;-78,54124;MUJER;ECUADOR;26;ADULTO;MESTIZO/A;16/3/2025;-0,142449;-78,500189;PICHINCHA;ENCONTRADO;CAUSAS PERSONALES;CIRCUNSTANCIAL;DESAPARICIÓN VOLUNTARIA
12/3/2025;12/3/2025;12/3/2025;ZONA 9;CALDERÓN;CALDERÓN;CALDERÓN 2;17;PICHINCHA;1701;QUITO;0;-0,096049;-78,424033;MUJER;ECUADOR;16;ADOLESCENTES;MESTIZO/A;12/3/2025;-0,11811;-78,440496;PICHINCHA;ENCONTRADO;CAUSAS FAMILIARES;NO RELACIONADOS A VIOLENCIA;DESAPARICIÓN VOLUNTARIA
12/3/2025;12/3/2025;12/3/2025;ZONA 9;QUITUMBE;QUITUMBE;QUITUMBE 3;17;PICHINCHA;1701;QUITO;432000;-0,303961;-78,531291;HOMBRE;ECUADOR;72;ADULTO MAYOR;MESTIZO/A;17/3/2025;-1,254341;-78,62285;TUNGURAHUA;ENCONTRADO;EXTRAVIADO - DISCAPACIDAD / ENFERMEDADES / TRASTORNOS;DISCAPACIDAD SENSORIAL;EXTRAVÍO
12/3/2025;12/3/2025;12/3/2025;ZONA 9;EUGENIO ESPEJO;LAS CASAS;LAS CASAS 2;17;PICHINCHA;1701;QUITO;0;-0,18953;-78,507157;MUJER;ECUADOR;14;ADOLESCENTES;MESTIZO/A;12/3/2025;-0,18953;-78,507157;PICHINCHA;ENCONTRADO;CAUSAS PERSONALES;CIRCUNSTANCIAL;DESAPARICIÓN VOLUNTARIA
12/3/2025;21/3/2025;21/3/2025;ZONA 9;CALDERÓN;CALDERÓN;CALDERÓN 2;17;PICHINCHA;1701;QUITO;2764800;-0,097121;-78,422559;MUJER;ECUADOR;15;ADOLESCENTES;MESTIZO/A;13/4/2025;-0,091086;-78,418195;PICHINCHA;ENCONTRADO;CAUSAS PERSONALES;CIRCUNSTANCIAL;DESAPARICIÓN VOLUNTARIA
11/3/2025;12/3/2025;12/3/2025;ZONA 9;QUITUMBE;GUAMANÍ;GUAMANÍ 2;17;PICHINCHA;1701;QUITO;604800;-0,327644;-78,567355;MUJER;ECUADOR;13;ADOLESCENTES;MESTIZO/A;18/3/2025;-0,142449;-78,500189;PICHINCHA;ENCONTRADO;CAUSAS PERSONALES;CIRCUNSTANCIAL;DESAPARICIÓN VOLUNTARIA
11/3/2025;12/3/2025;14/12/2024;ZONA 9;TUMBACO;TUMBACO SUR;TUMBACO SUR 1;17;PICHINCHA;1701;QUITO;3110400;-0,221902;-78,417131;MUJER;ECUADOR;17;ADOLESCENTES;MESTIZO/A;16/4/2025;-0,21714;-78,407603;PICHINCHA;ENCONTRADO;CAUSAS PERSONALES;CIRCUNSTANCIAL;DESAPARICIÓN VOLUNTARIA
11/3/2025;13/3/2025;14/3/2025;ZONA 9;QUITUMBE;GUAMANÍ;GUAMANÍ 2;17;PICHINCHA;1701;QUITO;3715200;-0,329579;-78,569753;HOMBRE;ECUADOR;13;ADOLESCENTES;MESTIZO/A;23/4/2025;-0,244467;-78,537701;PICHINCHA;ENCONTRADO;CAUSAS FAMILIARES;NO RELACIONADOS A VIOLENCIA;DESAPARICIÓN VOLUNTARIA
10/3/2025;10/3/2025;10/3/2025;ZONA 9;ELOY ALFARO - DMQ;MAGDALENA;MAGDALENA 1;17;PICHINCHA;1701;QUITO;86400;-0,240718;-78,529385;MUJER;ECUADOR;15;ADOLESCENTES;MESTIZO/A;11/3/2025;-0,189297;-78,504469;PICHINCHA;ENCONTRADO;CAUSAS PERSONALES;CIRCUNSTANCIAL;DESAPARICIÓN VOLUNTARIA
10/3/2025;12/3/2025;12/3/2025;ZONA 9;LA DELICIA;CARCELÉN;CARCELÉN 1;17;PICHINCHA;1701;QUITO;3715200;-0,08753;-78,468922;HOMBRE;ECUADOR;48;ADULTO;MESTIZO/A;22/4/2025;-0,126922;-78,496767;PICHINCHA;ENCONTRADO;EXTRAVIADO - AUSENCIA TEMPORAL;HOSPITALIZADO;EXTRAVÍO
9/3/2025;10/3/2025;10/3/2025;ZONA 9;ELOY ALFARO - DMQ;ARGELIA;ARGELIA 1;17;PICHINCHA;1701;QUITO;259200;-0,284163;-78,533336;HOMBRE;COLOMBIA;41;ADULTO;AFRO;12/3/2025;-0,142449;-78,500189;PICHINCHA;ENCONTRADO;CAUSAS PERSONALES;CIRCUNSTANCIAL;DESAPARICIÓN VOLUNTARIA
9/3/2025;10/3/2025;10/3/2025;ZONA 9;EUGENIO ESPEJO;ZAMBIZA;ZAMBIZA 1;17;PICHINCHA;1701;QUITO;86400;-0,149904;-78,436826;MUJER;ECUADOR;36;ADULTO;MESTIZO/A;10/3/2025;-0,149904;-78,436826;PICHINCHA;ENCONTRADO;CAUSAS PERSONALES;CIRCUNSTANCIAL;DESAPARICIÓN VOLUNTARIA
9/3/2025;9/3/2025;9/3/2025;ZONA 9;LA DELICIA;COLINAS DEL NORTE;COLINAS DEL NORTE 1;17;PICHINCHA;1701;QUITO;86400;-0,116049;-78,513876;MUJER;ECUADOR;17;ADOLESCENTES;MESTIZO/A;10/3/2025;-0,108104;-78,505737;PICHINCHA;ENCONTRADO;CAUSAS PERSONALES;CIRCUNSTANCIAL;DESAPARICIÓN VOLUNTARIA
9/3/2025;11/3/2025;11/3/2025;ZONA 9;QUITUMBE;QUITUMBE;QUITUMBE 3;17;PICHINCHA;1701;QUITO;259200;-0,309519;-78,526178;HOMBRE;ECUADOR;14;ADOLESCENTES;MESTIZO/A;12/3/2025;-0,308563;-78,527751;PICHINCHA;ENCONTRADO;CAUSAS PERSONALES;CIRCUNSTANCIAL;DESAPARICIÓN VOLUNTARIA
9/3/2025;11/3/2025;11/3/2025;ZONA 9;ELOY ALFARO - DMQ;MAGDALENA;MAGDALENA 4;17;PICHINCHA;1701;QUITO;432000;-0,253234;-78,526009;MUJER;ECUADOR;15;ADOLESCENTES;AFRO;14/3/2025;0,344649;-78,126154;IMBABURA;ENCONTRADO;CAUSAS PERSONALES;CIRCUNSTANCIAL;DESAPARICIÓN VOLUNTARIA
9/3/2025;13/3/2025;14/3/2025;ZONA 9;QUITUMBE;ECUATORIANA;ECUATORIANA 4;17;PICHINCHA;1701;QUITO;6220800;-0,318819;-78,570642;HOMBRE;VENEZUELA;15;ADOLESCENTES;MESTIZO/A;20/5/2025;1,204128;-77,296648;PICHINCHA;ENCONTRADO;CAUSAS FAMILIARES;NO RELACIONADOS A VIOLENCIA;DESAPARICIÓN VOLUNTARIA
8/3/2025;15/3/2025;15/3/2025;ZONA 9;ELOY ALFARO - DMQ;CHILIBULO;CHILIBULO 5;17;PICHINCHA;1701;QUITO;1468800;-0,229276;-78,536212;HOMBRE;ECUADOR;21;ADULTO;MESTIZO/A;25/3/2025;-0,26021;-78,516389;PICHINCHA;ENCONTRADO;CAUSAS PERSONALES;CIRCUNSTANCIAL;DESAPARICIÓN VOLUNTARIA
8/3/2025;18/3/2025;19/3/2025;ZONA 9;QUITUMBE;TURUBAMBA;TURUBAMBA 3;17;PICHINCHA;1701;QUITO;1296000;-0,328592;-78,543008;HOMBRE;ECUADOR;38;ADULTO;MESTIZO/A;23/3/2025;-0,182098;-78,503873;PICHINCHA;ENCONTRADO;CAUSAS PERSONALES;CIRCUNSTANCIAL;DESAPARICIÓN VOLUNTARIA
7/3/2025;9/3/2025;9/3/2025;ZONA 9;LA DELICIA;EL MIRADOR;EL MIRADOR 2;17;PICHINCHA;1701;QUITO;172800;-0,117551;-78,468143;MUJER;ECUADOR;20;ADULTO;MESTIZO/A;9/3/2025;-2,328684;-79,405678;GUAYAS;ENCONTRADO;CAUSAS PERSONALES;CIRCUNSTANCIAL;DESAPARICIÓN VOLUNTARIA
7/3/2025;14/3/2025;21/3/2025;ZONA 9;TUMBACO;PIFO;PIFO 2;17;PICHINCHA;1701;QUITO;20995200;-0,23356;-78,350016;MUJER;ECUADOR;16;ADOLESCENTES;MESTIZO/A;5/11/2025;-0,14237;-78,50021;PICHINCHA;ENCONTRADO;CAUSAS FAMILIARES;NO RELACIONADOS A VIOLENCIA;DESAPARICIÓN VOLUNTARIA
7/3/2025;8/3/2025;8/3/2025;ZONA 9;MANUELA SÁENZ;LA LIBERTAD;LA LIBERTAD 1;17;PICHINCHA;1701;QUITO;86400;-0,225727;-78,527751;HOMBRE;ECUADOR;75;ADULTO MAYOR;MESTIZO/A;8/3/2025;-0,218822;-78,513549;PICHINCHA;ENCONTRADO;CAUSAS SOCIALES;ALCOHOLISMO;DESAPARICIÓN VOLUNTARIA
7/3/2025;8/3/2025;8/3/2025;ZONA 9;ELOY ALFARO - DMQ;SOLANDA;SOLANDA 4;17;PICHINCHA;1701;QUITO;1641600;-0,268637;-78,540083;MUJER;ECUADOR;16;ADOLESCENTES;MESTIZO/A;26/3/2025;-0,141977;-78,496392;PICHINCHA;ENCONTRADO;CAUSAS PERSONALES;CIRCUNSTANCIAL;DESAPARICIÓN VOLUNTARIA
6/3/2025;6/3/2025;6/3/2025;ZONA 9;EUGENIO ESPEJO;COCHAPAMBA;COCHAPAMBA 3;17;PICHINCHA;1701;QUITO;0;-0,134323;-78,506246;HOMBRE;ECUADOR;70;ADULTO MAYOR;MESTIZO/A;6/3/2025;-0,156808;-78,479457;PICHINCHA;ENCONTRADO;EXTRAVIADO - DISCAPACIDAD / ENFERMEDADES / TRASTORNOS;DISCAPACIDAD INTELECTUAL;EXTRAVÍO
6/3/2025;7/3/2025;7/3/2025;ZONA 9;MANUELA SÁENZ;ITCHIMBIA;ITCHIMBIA 4;17;PICHINCHA;1701;QUITO;86400;-0,223407;-78,499345;HOMBRE;ECUADOR;24;ADULTO;MESTIZO/A;7/3/2025;-0,337207;-78,477053;PICHINCHA;ENCONTRADO;POSIBLE VINCULACIÓN A DELITO;ROBO (ESCOPOLAMINA U OTRA DROGA ALUCINÓGENA ALTAMENTE TÓXICA);DESAPARICIÓN INVOLUNTARIA
5/3/2025;6/3/2025;6/3/2025;ZONA 9;MANUELA SÁENZ;MONJAS COLLACOTO;MONJAS COLLACOTO 3;17;PICHINCHA;1701;QUITO;432000;-0,227638;-78,492533;MUJER;ECUADOR;13;ADOLESCENTES;MESTIZO/A;10/3/2025;-0,099952;-78,470492;PICHINCHA;ENCONTRADO;CAUSAS FAMILIARES;NO RELACIONADOS A VIOLENCIA;DESAPARICIÓN VOLUNTARIA
5/3/2025;8/5/2025;26/5/2025;ZONA 9;QUITUMBE;ECUATORIANA;ECUATORIANA 2;17;PICHINCHA;1701;QUITO;6307200;-0,303395;-78,571636;HOMBRE;ECUADOR;37;ADULTO;MESTIZO/A;17/5/2025;-0,253327;-78,540235;PICHINCHA;ENCONTRADO;CAUSAS SOCIALES;DROGADICCIÓN;DESAPARICIÓN VOLUNTARIA
5/3/2025;7/3/2025;7/3/2025;ZONA 9;LOS CHILLOS;AMAGUAÑA CENTRO;AMAGUAÑA CENTRO 1;17;PICHINCHA;1701;QUITO;432000;-0,381159;-78,503606;HOMBRE;ECUADOR;14;ADOLESCENTES;MESTIZO/A;10/3/2025;0,347147;-78,132365;IMBABURA;ENCONTRADO;CAUSAS PERSONALES;RELACIÓN AFECTIVA;DESAPARICIÓN VOLUNTARIA
4/3/2025;4/3/2025;4/3/2025;ZONA 9;EUGENIO ESPEJO;JIPIJAPA;JIPIJAPA 1;17;PICHINCHA;1701;QUITO;0;-0,166067;-78,476068;HOMBRE;ECUADOR;50;ADULTO;MESTIZO/A;4/3/2025;-0,193091;-78,48891;PICHINCHA;ENCONTRADO;CAUSAS PERSONALES;RELACIÓN AFECTIVA;DESAPARICIÓN VOLUNTARIA
4/3/2025;7/3/2025;7/3/2025;ZONA 9;MANUELA SÁENZ;PUENGASÍ;PUENGASÍ 3;17;PICHINCHA;1701;QUITO;518400;-0,242853;-78,497361;MUJER;ECUADOR;16;ADOLESCENTES;MESTIZO/A;10/3/2025;-0,315499;-78,550469;PICHINCHA;ENCONTRADO;CAUSAS PERSONALES;CIRCUNSTANCIAL;DESAPARICIÓN VOLUNTARIA
3/3/2025;5/3/2025;5/3/2025;ZONA 9;LOS CHILLOS;CONOCOTO NORTE;CONOCOTO NORTE 3;17;PICHINCHA;1701;QUITO;172800;-0,258466;-78,495794;MUJER;ECUADOR;51;ADULTO;MESTIZO/A;5/3/2025;0,02268;-78,894839;PICHINCHA;ENCONTRADO;CAUSAS PERSONALES;CIRCUNSTANCIAL;DESAPARICIÓN VOLUNTARIA
3/3/2025;4/3/2025;4/3/2025;ZONA 9;EUGENIO ESPEJO;LAS CASAS;LAS CASAS 2;17;PICHINCHA;1701;QUITO;86400;-0,18953;-78,507157;MUJER;ECUADOR;16;ADOLESCENTES;MESTIZO/A;4/3/2025;-0,142101;-78,500094;PICHINCHA;ENCONTRADO;CAUSAS PERSONALES;CIRCUNSTANCIAL;DESAPARICIÓN VOLUNTARIA
3/3/2025;3/3/2025;3/3/2025;ZONA 9;LA DELICIA;LA PAMPA;LA PAMPA 1;17;PICHINCHA;1701;QUITO;86400;-0,041348;-78,455474;MUJER;ECUADOR;15;ADOLESCENTES;MESTIZO/A;4/3/2025;-0,10356;-78,511305;PICHINCHA;ENCONTRADO;CAUSAS PERSONALES;CIRCUNSTANCIAL;DESAPARICIÓN VOLUNTARIA
3/3/2025;3/3/2025;3/3/2025;ZONA 9;LA DELICIA;LA PAMPA;LA PAMPA 1;17;PICHINCHA;1701;QUITO;86400;-0,041348;-78,455474;MUJER;ECUADOR;17;ADOLESCENTES;MESTIZO/A;4/3/2025;-0,105963;-78,511305;PICHINCHA;ENCONTRADO;CAUSAS PERSONALES;CIRCUNSTANCIAL;DESAPARICIÓN VOLUNTARIA
3/3/2025;4/3/2025;4/3/2025;ZONA 9;EUGENIO ESPEJO;COCHAPAMBA;COCHAPAMBA 3;17;PICHINCHA;1701;QUITO;3628800;-0,137902;-78,508578;HOMBRE;ECUADOR;36;ADULTO;MESTIZO/A;14/4/2025;-0,309429;-78,561543;PICHINCHA;ENCONTRADO;CAUSAS PERSONALES;RELACIÓN AFECTIVA;DESAPARICIÓN VOLUNTARIA
3/3/2025;4/3/2025;4/3/2025;ZONA 9;ELOY ALFARO - DMQ;MENA;MENA 3;17;PICHINCHA;1701;QUITO;518400;-0,262274;-78,548368;MUJER;ECUADOR;20;ADULTO;MESTIZO/A;9/3/2025;-0,142144;-78,500572;PICHINCHA;ENCONTRADO;CAUSAS PERSONALES;CIRCUNSTANCIAL;DESAPARICIÓN VOLUNTARIA
3/3/2025;4/3/2025;4/3/2025;ZONA 9;ELOY ALFARO - DMQ;FERROVIARIA;FERROVIARIA 2;17;PICHINCHA;1701;QUITO;172800;-0,264182;-78,511959;MUJER;ECUADOR;79;ADULTO MAYOR;MESTIZO/A;5/3/2025;-0,114886;-78,495122;PICHINCHA;ENCONTRADO;EXTRAVIADO - AUSENCIA TEMPORAL;HOSPITALIZADO;EXTRAVÍO
3/3/2025;5/3/2025;6/3/2025;ZONA 9;TUMBACO;CHECA;CHECA 1;17;PICHINCHA;1701;QUITO;777600;-0,126405;-78,317806;HOMBRE;ECUADOR;26;ADULTO;MESTIZO/A;12/3/2025;-0,181703;-78,504385;PICHINCHA;FALLECIDO;FALLECIDO;ACCIDENTAL;DESAPARICIÓN INVOLUNTARIA
2/3/2025;3/3/2025;3/3/2025;ZONA 9;QUITUMBE;QUITUMBE;QUITUMBE 4;17;PICHINCHA;1701;QUITO;86400;-0,303652;-78,521652;MUJER;ECUADOR;16;ADOLESCENTES;MESTIZO/A;3/3/2025;-0,142449;-78,500189;PICHINCHA;ENCONTRADO;CAUSAS PERSONALES;CIRCUNSTANCIAL;DESAPARICIÓN VOLUNTARIA
2/3/2025;3/3/2025;3/3/2025;ZONA 9;TUMBACO;QUINCHE;QUINCHE 2;17;PICHINCHA;1701;QUITO;3628800;-0,110884;-78,294594;HOMBRE;ECUADOR;14;ADOLESCENTES;MESTIZO/A;13/4/2025;-0,269984;-78,525708;PICHINCHA;ENCONTRADO;CAUSAS FAMILIARES;NO RELACIONADOS A VIOLENCIA;DESAPARICIÓN VOLUNTARIA
1/3/2025;2/3/2025;2/3/2025;ZONA 9;QUITUMBE;QUITUMBE;QUITUMBE 2;17;PICHINCHA;1701;QUITO;172800;-0,296477;-78,532721;HOMBRE;ECUADOR;21;ADULTO;MESTIZO/A;3/3/2025;-0,142144;-78,500572;PICHINCHA;ENCONTRADO;CAUSAS PERSONALES;CIRCUNSTANCIAL;DESAPARICIÓN VOLUNTARIA
1/3/2025;18/3/2025;20/3/2025;ZONA 9;EUGENIO ESPEJO;IÑAQUITO;IÑAQUITO 4;17;PICHINCHA;1701;QUITO;8035200;-0,193662;-78,491571;HOMBRE;SIN_DATO;55;ADULTO;MESTIZO/A;2/6/2025;0,937404;-78,187481;CARCHI;ENCONTRADO;CAUSAS PERSONALES;CIRCUNSTANCIAL;DESAPARICIÓN VOLUNTARIA
1/3/2025;5/3/2025;5/3/2025;ZONA 9;QUITUMBE;LAS CUADRAS;LAS CUADRAS 3;17;PICHINCHA;1701;QUITO;6566400;-0,29304;-78,549759;MUJER;ECUADOR;15;ADOLESCENTES;MESTIZO/A;16/5/2025;-0,309062;-78,563878;PICHINCHA;ENCONTRADO;CAUSAS FAMILIARES;NO RELACIONADOS A VIOLENCIA;DESAPARICIÓN VOLUNTARIA
28/2/2025;28/2/2025;28/2/2025;ZONA 9;LA DELICIA;SAN ANTONIO ALTO;SAN ANTONIO ALTO 1;17;PICHINCHA;1701;QUITO;432000;0,004568;-78,446774;HOMBRE;ECUADOR;18;ADULTO;MESTIZO/A;5/3/2025;0,004568;-78,446774;PICHINCHA;ENCONTRADO;CAUSAS PERSONALES;CIRCUNSTANCIAL;DESAPARICIÓN VOLUNTARIA
28/2/2025;28/2/2025;28/2/2025;ZONA 9;LA DELICIA;SAN ANTONIO ALTO;SAN ANTONIO ALTO 1;17;PICHINCHA;1701;QUITO;432000;0,004568;-78,446774;MUJER;ECUADOR;38;ADULTO;MESTIZO/A;5/3/2025;0,004568;-78,446774;PICHINCHA;ENCONTRADO;CAUSAS PERSONALES;CIRCUNSTANCIAL;DESAPARICIÓN VOLUNTARIA
28/2/2025;2/3/2025;2/3/2025;ZONA 9;CALDERÓN;CALDERÓN;CALDERÓN 2;17;PICHINCHA;1701;QUITO;172800;-0,096049;-78,424033;MUJER;ECUADOR;16;ADOLESCENTES;MESTIZO/A;2/3/2025;-0,102029;-78,449012;PICHINCHA;ENCONTRADO;CAUSAS PERSONALES;CIRCUNSTANCIAL;DESAPARICIÓN VOLUNTARIA
28/2/2025;3/3/2025;3/3/2025;ZONA 9;QUITUMBE;CHILLOGALLO;CHILLOGALLO 5;17;PICHINCHA;1701;QUITO;345600;-0,289604;-78,566795;MUJER;ECUADOR;27;ADULTO;MESTIZO/A;4/3/2025;-0,142144;-78,500572;PICHINCHA;ENCONTRADO;EXTRAVIADO - DISCAPACIDAD / ENFERMEDADES / TRASTORNOS;DISCAPACIDAD INTELECTUAL;EXTRAVÍO
28/2/2025;5/3/2025;6/3/2025;ZONA 9;QUITUMBE;ECUATORIANA;ECUATORIANA 3;17;PICHINCHA;1701;QUITO;864000;-0,3086;-78,561826;HOMBRE;ECUADOR;13;ADOLESCENTES;MESTIZO/A;10/3/2025;-0,319294;-78,571883;PICHINCHA;ENCONTRADO;CAUSAS PERSONALES;CIRCUNSTANCIAL;DESAPARICIÓN VOLUNTARIA
27/2/2025;28/2/2025;2/3/2025;ZONA 9;EUGENIO ESPEJO;COCHAPAMBA;COCHAPAMBA 2;17;PICHINCHA;1701;QUITO;345600;-0,147511;-78,504373;MUJER;ECUADOR;16;ADOLESCENTES;MESTIZO/A;3/3/2025;-0,0638;-78,348044;PICHINCHA;ENCONTRADO;CAUSAS PERSONALES;CIRCUNSTANCIAL;DESAPARICIÓN VOLUNTARIA
27/2/2025;28/2/2025;28/2/2025;ZONA 9;LA DELICIA;POMASQUI;POMASQUI 1;17;PICHINCHA;1701;QUITO;172800;-0,066598;-78,455252;MUJER;ECUADOR;16;ADOLESCENTES;MESTIZO/A;1/3/2025;-0,094049;-78,45101;PICHINCHA;ENCONTRADO;CAUSAS PERSONALES;CIRCUNSTANCIAL;DESAPARICIÓN VOLUNTARIA
27/2/2025;28/2/2025;6/3/2025;ZONA 9;MANUELA SÁENZ;PUENGASÍ;PUENGASÍ 1;17;PICHINCHA;1701;QUITO;2937600;-0,254549;-78,484027;MUJER;ECUADOR;15;ADOLESCENTES;INDIGENA;2/4/2025;-0,25726;-78,48181;PICHINCHA;ENCONTRADO;CAUSAS PERSONALES;CIRCUNSTANCIAL;DESAPARICIÓN VOLUNTARIA
26/2/2025;26/2/2025;26/2/2025;ZONA 9;LA DELICIA;LA ROLDÓS;LA ROLDÓS 2;17;PICHINCHA;1701;QUITO;86400;-0,083412;-78,508437;MUJER;ECUADOR;15;ADOLESCENTES;MESTIZO/A;27/2/2025;-0,083412;-78,508437;PICHINCHA;ENCONTRADO;CAUSAS PERSONALES;CIRCUNSTANCIAL;DESAPARICIÓN VOLUNTARIA
26/2/2025;27/2/2025;27/2/2025;ZONA 9;EUGENIO ESPEJO;JIPIJAPA;JIPIJAPA 4;17;PICHINCHA;1701;QUITO;86400;-0,163089;-78,462863;HOMBRE;ECUADOR;20;ADULTO;MESTIZO/A;27/2/2025;-0,142374;-78,500419;PICHINCHA;ENCONTRADO;CAUSAS PERSONALES;CIRCUNSTANCIAL;DESAPARICIÓN VOLUNTARIA
26/2/2025;7/3/2025;7/3/2025;ZONA 9;QUITUMBE;LAS CUADRAS;LAS CUADRAS 3;17;PICHINCHA;1701;QUITO;950400;-0,29676;-78,552723;MUJER;ECUADOR;18;ADULTO;MESTIZO/A;9/3/2025;-0,142144;-78,500572;PICHINCHA;ENCONTRADO;CAUSAS PERSONALES;CIRCUNSTANCIAL;DESAPARICIÓN VOLUNTARIA
25/2/2025;2/3/2025;2/3/2025;ZONA 9;QUITUMBE;GUAMANÍ;GUAMANÍ 2;17;PICHINCHA;1701;QUITO;518400;-0,340887;-78,57886;MUJER;ECUADOR;24;ADULTO;MESTIZO/A;3/3/2025;-0,30741;-78,526331;PICHINCHA;ENCONTRADO;CAUSAS PERSONALES;CIRCUNSTANCIAL;DESAPARICIÓN VOLUNTARIA
24/2/2025;28/2/2025;3/3/2025;ZONA 9;ELOY ALFARO - DMQ;ARGELIA;ARGELIA 5;17;PICHINCHA;1701;QUITO;3024000;-0,287541;-78,530078;HOMBRE;ECUADOR;16;ADOLESCENTES;MESTIZO/A;31/3/2025;-0,241169;-78,518605;PICHINCHA;ENCONTRADO;CAUSAS PERSONALES;CIRCUNSTANCIAL;DESAPARICIÓN VOLUNTARIA
24/2/2025;28/2/2025;3/3/2025;ZONA 9;ELOY ALFARO - DMQ;ARGELIA;ARGELIA 5;17;PICHINCHA;1701;QUITO;13996800;-0,287541;-78,530078;HOMBRE;ECUADOR;14;ADOLESCENTES;MESTIZO/A;5/8/2025;-0,262373;-78,510651;PICHINCHA;ENCONTRADO;CAUSAS FAMILIARES;NO RELACIONADOS A VIOLENCIA;DESAPARICIÓN VOLUNTARIA
24/2/2025;25/2/2025;25/2/2025;ZONA 9;TUMBACO;YARUQUÍ;YARUQUÍ 1;17;PICHINCHA;1701;QUITO;86400;-0,159626;-78,318297;HOMBRE;ECUADOR;44;ADULTO;MESTIZO/A;25/2/2025;0,349157;-78,125324;IMBABURA;ENCONTRADO;CAUSAS PERSONALES;CIRCUNSTANCIAL;DESAPARICIÓN VOLUNTARIA
24/2/2025;25/2/2025;25/2/2025;ZONA 9;LOS CHILLOS;LA MERCED;LA MERCED 1;17;PICHINCHA;1701;QUITO;172800;-0,305725;-78,398766;MUJER;ECUADOR;20;ADULTO;MESTIZO/A;26/2/2025;-0,207335;-78,479884;PICHINCHA;FALLECIDO;FALLECIDO;SIN_DATO;DESAPARICIÓN INVOLUNTARIA
24/2/2025;24/2/2025;24/2/2025;ZONA 9;QUITUMBE;LAS CUADRAS;LAS CUADRAS 3;17;PICHINCHA;1701;QUITO;86400;-0,29304;-78,549759;MUJER;ECUADOR;18;ADULTO;MESTIZO/A;25/2/2025;-0,285621;-78,565043;PICHINCHA;ENCONTRADO;CAUSAS PERSONALES;CIRCUNSTANCIAL;DESAPARICIÓN VOLUNTARIA
24/2/2025;25/2/2025;25/2/2025;ZONA 9;QUITUMBE;TURUBAMBA;TURUBAMBA 3;17;PICHINCHA;1701;QUITO;172800;-0,328642;-78,544223;HOMBRE;ECUADOR;32;ADULTO;MESTIZO/A;26/2/2025;-0,280369;-78,54124;PICHINCHA;ENCONTRADO;POSIBLE VINCULACIÓN A DELITO;ROBO (ESCOPOLAMINA U OTRA DROGA ALUCINÓGENA ALTAMENTE TÓXICA);DESAPARICIÓN INVOLUNTARIA
24/2/2025;28/2/2025;1/3/2025;ZONA 9;ELOY ALFARO - DMQ;FERROVIARIA;FERROVIARIA 1;17;PICHINCHA;1701;QUITO;691200;-0,259638;-78,51994;HOMBRE;ECUADOR;16;ADOLESCENTES;MESTIZO/A;4/3/2025;-0,253809;-78,513444;PICHINCHA;ENCONTRADO;CAUSAS PERSONALES;CIRCUNSTANCIAL;DESAPARICIÓN VOLUNTARIA
23/2/2025;25/2/2025;25/2/2025;ZONA 9;QUITUMBE;TURUBAMBA;TURUBAMBA 1;17;PICHINCHA;1701;QUITO;172800;-0,316143;-78,547994;HOMBRE;ECUADOR;35;ADULTO;MESTIZO/A;25/2/2025;-0,327528;-78,567524;PICHINCHA;ENCONTRADO;CAUSAS PERSONALES;RELACIÓN AFECTIVA;DESAPARICIÓN VOLUNTARIA
23/2/2025;24/2/2025;24/2/2025;ZONA 9;TUMBACO;CUMBAYÁ SUR;CUMBAYÁ SUR 1;17;PICHINCHA;1701;QUITO;172800;-0,210725;-78,441089;HOMBRE;ECUADOR;36;ADULTO;MESTIZO/A;25/2/2025;-0,254605;-78,526882;PICHINCHA;ENCONTRADO;CAUSAS FAMILIARES;NO RELACIONADOS A VIOLENCIA;DESAPARICIÓN VOLUNTARIA
23/2/2025;25/2/2025;25/2/2025;ZONA 9;LA DELICIA;PONCIANO;PONCIANO 2;17;PICHINCHA;1701;QUITO;777600;-0,104646;-78,481544;HOMBRE;ECUADOR;21;ADULTO;MESTIZO/A;4/3/2025;-0,118614;-78,491831;PICHINCHA;ENCONTRADO;CAUSAS PERSONALES;CIRCUNSTANCIAL;DESAPARICIÓN VOLUNTARIA
22/2/2025;24/2/2025;24/2/2025;ZONA 9;LA DELICIA;LA ROLDÓS;LA ROLDÓS 1;17;PICHINCHA;1701;QUITO;172800;-0,084943;-78,486966;HOMBRE;ECUADOR;22;ADULTO;MESTIZO/A;24/2/2025;-0,32589;-78,55032;PICHINCHA;ENCONTRADO;CAUSAS PERSONALES;CIRCUNSTANCIAL;DESAPARICIÓN VOLUNTARIA
22/2/2025;25/2/2025;25/2/2025;ZONA 9;LA DELICIA;NONO;NONO 1;17;PICHINCHA;1701;QUITO;691200;-0,066901;-78,576731;MUJER;ECUADOR;14;ADOLESCENTES;MESTIZO/A;2/3/2025;-0,137902;-78,508578;PICHINCHA;ENCONTRADO;CAUSAS FAMILIARES;NO RELACIONADOS A VIOLENCIA;DESAPARICIÓN VOLUNTARIA
21/2/2025;21/2/2025;21/2/2025;ZONA 9;ELOY ALFARO - DMQ;EL CALZADO;EL CALZADO 2;17;PICHINCHA;1701;QUITO;86400;-0,259072;-78,529171;HOMBRE;ECUADOR;21;ADULTO;MESTIZO/A;22/2/2025;-0,314349;-78,551889;PICHINCHA;ENCONTRADO;CAUSAS FAMILIARES;NO RELACIONADOS A VIOLENCIA;DESAPARICIÓN VOLUNTARIA
21/2/2025;22/2/2025;22/2/2025;ZONA 9;LA DELICIA;CARCELÉN;CARCELÉN 1;17;PICHINCHA;1701;QUITO;259200;-0,091199;-78,47254;HOMBRE;ECUADOR;53;ADULTO;MESTIZO/A;24/2/2025;-0,040092;-78,454928;PICHINCHA;ENCONTRADO;EXTRAVIADO - DISCAPACIDAD / ENFERMEDADES / TRASTORNOS;DISCAPACIDAD INTELECTUAL;EXTRAVÍO
21/2/2025;22/2/2025;22/2/2025;ZONA 9;CALDERÓN;CALDERÓN;CALDERÓN 2;17;PICHINCHA;1701;QUITO;86400;-0,096049;-78,424033;MUJER;ECUADOR;15;ADOLESCENTES;MESTIZO/A;22/2/2025;-0,142144;-78,500572;PICHINCHA;ENCONTRADO;CAUSAS PERSONALES;CIRCUNSTANCIAL;DESAPARICIÓN VOLUNTARIA
21/2/2025;21/2/2025;21/2/2025;ZONA 9;EUGENIO ESPEJO;COCHAPAMBA;COCHAPAMBA 5;17;PICHINCHA;1701;QUITO;0;-0,123533;-78,504846;HOMBRE;ECUADOR;85;ADULTO MAYOR;MESTIZO/A;21/2/2025;-0,115309;-78,495493;PICHINCHA;ENCONTRADO;CAUSAS PERSONALES;CIRCUNSTANCIAL;DESAPARICIÓN VOLUNTARIA
21/2/2025;22/2/2025;22/2/2025;ZONA 9;LOS CHILLOS;CONOCOTO NORTE;CONOCOTO NORTE 5;17;PICHINCHA;1701;QUITO;86400;-0,266667;-78,483333;HOMBRE;ECUADOR;24;ADULTO;MESTIZO/A;22/2/2025;-0,109528;-78,457084;PICHINCHA;ENCONTRADO;CAUSAS SOCIALES;GRUPOS DELICTIVOS ORGANIZADOS/GDOS/PANDILLAS/MAFIAS/CARTELES;DESAPARICIÓN INVOLUNTARIA
21/2/2025;22/2/2025;22/2/2025;ZONA 9;EUGENIO ESPEJO;JIPIJAPA;JIPIJAPA 1;17;PICHINCHA;1701;QUITO;172800;-0,163196;-78,476434;HOMBRE;ECUADOR;32;ADULTO;MESTIZO/A;23/2/2025;-0,142261;-78,500337;PICHINCHA;ENCONTRADO;CAUSAS PERSONALES;CIRCUNSTANCIAL;DESAPARICIÓN VOLUNTARIA
21/2/2025;22/2/2025;22/2/2025;ZONA 9;MANUELA SÁENZ;SAN JUAN;SAN JUAN 4;17;PICHINCHA;1701;QUITO;1036800;-0,215493;-78,519807;MUJER;ECUADOR;14;ADOLESCENTES;INDIGENA;5/3/2025;-0,142144;-78,500572;PICHINCHA;ENCONTRADO;CAUSAS PERSONALES;CIRCUNSTANCIAL;DESAPARICIÓN VOLUNTARIA
20/2/2025;7/3/2025;8/3/2025;ZONA 9;QUITUMBE;CHILLOGALLO;CHILLOGALLO 5;17;PICHINCHA;1701;QUITO;2246400;-0,291372;-78,567631;MUJER;VENEZUELA;24;ADULTO;MESTIZO/A;18/3/2025;-0,142236;-78,500004;PICHINCHA;ENCONTRADO;VIOLENCIA;VIOLENCIA FÍSICA;DESAPARICIÓN VOLUNTARIA
20/2/2025;21/2/2025;21/2/2025;ZONA 9;CALDERÓN;OYACOTO;OYACOTO 1;17;PICHINCHA;1701;QUITO;172800;-0,085467;-78,399011;MUJER;ECUADOR;36;ADULTO;MESTIZO/A;22/2/2025;-0,094049;-78,45101;PICHINCHA;ENCONTRADO;CAUSAS PERSONALES;CIRCUNSTANCIAL;DESAPARICIÓN VOLUNTARIA
20/2/2025;20/2/2025;25/2/2025;ZONA 9;QUITUMBE;GUAMANÍ;GUAMANÍ 4;17;PICHINCHA;1701;QUITO;604800;-0,350416;-78,562489;HOMBRE;ECUADOR;13;ADOLESCENTES;MESTIZO/A;27/2/2025;-0,208101;-78,398802;PICHINCHA;ENCONTRADO;CAUSAS PERSONALES;CIRCUNSTANCIAL;DESAPARICIÓN VOLUNTARIA
20/2/2025;23/2/2025;23/2/2025;ZONA 9;EUGENIO ESPEJO;IÑAQUITO;IÑAQUITO 4;17;PICHINCHA;1701;QUITO;259200;-0,185403;-78,489201;HOMBRE;ECUADOR;38;ADULTO;MESTIZO/A;23/2/2025;-0,181703;-78,504379;PICHINCHA;FALLECIDO;FALLECIDO;ACCIDENTAL;DESAPARICIÓN INVOLUNTARIA
19/2/2025;20/2/2025;21/2/2025;ZONA 9;MANUELA SÁENZ;SAN JUAN;SAN JUAN 2;17;PICHINCHA;1701;QUITO;259200;-0,214842;-78,507039;MUJER;ECUADOR;15;ADOLESCENTES;MESTIZO/A;22/2/2025;-0,100053;-78,469771;PICHINCHA;ENCONTRADO;CAUSAS PERSONALES;CIRCUNSTANCIAL;DESAPARICIÓN VOLUNTARIA
18/2/2025;23/2/2025;23/2/2025;ZONA 9;TUMBACO;CUMBAYÁ SUR;CUMBAYÁ SUR 1;17;PICHINCHA;1701;QUITO;432000;-0,210725;-78,441089;HOMBRE;ECUADOR;15;ADOLESCENTES;MESTIZO/A;23/2/2025;-0,142144;-78,500572;PICHINCHA;ENCONTRADO;CAUSAS PERSONALES;CIRCUNSTANCIAL;DESAPARICIÓN VOLUNTARIA
18/2/2025;18/2/2025;18/2/2025;ZONA 9;ELOY ALFARO - DMQ;ARGELIA;ARGELIA 6;17;PICHINCHA;1701;QUITO;4838400;-0,280269;-78,521024;HOMBRE;ECUADOR;2;NIÑOS(AS);MESTIZO/A;15/4/2025;0,139499;-78,791584;PICHINCHA;ENCONTRADO;CAUSAS PERSONALES;CIRCUNSTANCIAL;DESAPARICIÓN VOLUNTARIA
18/2/2025;18/2/2025;18/2/2025;ZONA 9;ELOY ALFARO - DMQ;ARGELIA;ARGELIA 6;17;PICHINCHA;1701;QUITO;4838400;-0,280269;-78,521024;MUJER;ECUADOR;17;ADOLESCENTES;MESTIZO/A;15/4/2025;0,139499;-78,791584;PICHINCHA;ENCONTRADO;CAUSAS PERSONALES;CIRCUNSTANCIAL;DESAPARICIÓN VOLUNTARIA
18/2/2025;20/2/2025;20/2/2025;ZONA 9;ELOY ALFARO - DMQ;BARRIO NUEVO;BARRIO NUEVO 3;17;PICHINCHA;1701;QUITO;604800;-0,280369;-78,54124;HOMBRE;ECUADOR;17;ADOLESCENTES;MESTIZO/A;25/2/2025;-0,280369;-78,54124;PICHINCHA;ENCONTRADO;CAUSAS PERSONALES;CIRCUNSTANCIAL;DESAPARICIÓN VOLUNTARIA
18/2/2025;21/2/2025;21/2/2025;ZONA 9;TUMBACO;TUMBACO;TUMBACO 2;17;PICHINCHA;1701;QUITO;345600;-0,176474;-78,397698;MUJER;ECUADOR;15;ADOLESCENTES;MESTIZO/A;22/2/2025;-0,176771;-78,396754;PICHINCHA;ENCONTRADO;CAUSAS PERSONALES;RELACIÓN AFECTIVA;DESAPARICIÓN VOLUNTARIA
18/2/2025;26/2/2025;26/2/2025;ZONA 9;MANUELA SÁENZ;SAN JUAN;SAN JUAN 2;17;PICHINCHA;1701;QUITO;1814400;-0,214224;-78,510708;MUJER;ECUADOR;16;ADOLESCENTES;MESTIZO/A;11/3/2025;-0,208927;-78,502568;PICHINCHA;ENCONTRADO;CAUSAS PERSONALES;CIRCUNSTANCIAL;DESAPARICIÓN VOLUNTARIA
17/2/2025;18/2/2025;18/2/2025;ZONA 9;TUMBACO;PUEMBO;PUEMBO 1;17;PICHINCHA;1701;QUITO;259200;-0,155602;-78,372846;MUJER;ECUADOR;15;ADOLESCENTES;AFRO;20/2/2025;-0,142144;-78,500572;PICHINCHA;ENCONTRADO;CAUSAS PERSONALES;CIRCUNSTANCIAL;DESAPARICIÓN VOLUNTARIA
17/2/2025;18/2/2025;18/2/2025;ZONA 9;CALDERÓN;CALDERÓN;CALDERÓN 4;17;PICHINCHA;1701;QUITO;172800;-0,109361;-78,458393;HOMBRE;ECUADOR;38;ADULTO;AFRO;19/2/2025;-0,142361;-78,500192;PICHINCHA;ENCONTRADO;CAUSAS PERSONALES;CIRCUNSTANCIAL;DESAPARICIÓN VOLUNTARIA
17/2/2025;17/2/2025;17/2/2025;ZONA 9;CALDERÓN;CARAPUNGO;CARAPUNGO 3;17;PICHINCHA;1701;QUITO;172800;-0,094049;-78,45101;HOMBRE;ECUADOR;55;ADULTO;MESTIZO/A;19/2/2025;-0,098073;-78,484074;PICHINCHA;ENCONTRADO;EXTRAVIADO - DISCAPACIDAD / ENFERMEDADES / TRASTORNOS;DISCAPACIDAD INTELECTUAL;EXTRAVÍO
17/2/2025;18/2/2025;19/2/2025;ZONA 9;TUMBACO;YARUQUÍ;YARUQUÍ 1;17;PICHINCHA;1701;QUITO;5702400;-0,161115;-78,317939;HOMBRE;ECUADOR;15;ADOLESCENTES;MESTIZO/A;24/4/2025;-0,142191;-78,500114;PICHINCHA;ENCONTRADO;CAUSAS PERSONALES;CIRCUNSTANCIAL;DESAPARICIÓN VOLUNTARIA
17/2/2025;25/2/2025;26/2/2025;ZONA 9;LA DELICIA;EL MIRADOR;EL MIRADOR 3;17;PICHINCHA;1701;QUITO;3628800;-0,122409;-78,465248;HOMBRE;ECUADOR;17;ADOLESCENTES;MESTIZO/A;31/3/2025;-0,29276;-78,521743;PICHINCHA;ENCONTRADO;CAUSAS PERSONALES;CIRCUNSTANCIAL;DESAPARICIÓN VOLUNTARIA
16/2/2025;19/2/2025;19/2/2025;ZONA 9;QUITUMBE;ECUATORIANA;ECUATORIANA 3;17;PICHINCHA;1701;QUITO;345600;-0,308778;-78,56155;HOMBRE;ECUADOR;22;ADULTO;MESTIZO/A;20/2/2025;-0,062932;-78,468388;PICHINCHA;ENCONTRADO;EXTRAVIADO - DISCAPACIDAD / ENFERMEDADES / TRASTORNOS;DISCAPACIDAD INTELECTUAL;EXTRAVÍO
16/2/2025;17/2/2025;17/2/2025;ZONA 9;EUGENIO ESPEJO;DAMMER;DAMMER 2;17;PICHINCHA;1701;QUITO;172800;-0,152221;-78,481048;HOMBRE;ECUADOR;36;ADULTO;MESTIZO/A;18/2/2025;0,81368;-77,665054;CARCHI;ENCONTRADO;CAUSAS PERSONALES;CIRCUNSTANCIAL;DESAPARICIÓN VOLUNTARIA
16/2/2025;19/2/2025;19/2/2025;ZONA 9;TUMBACO;CUMBAYÁ SUR;CUMBAYÁ SUR 1;17;PICHINCHA;1701;QUITO;1641600;-0,210725;-78,441089;MUJER;ECUADOR;14;ADOLESCENTES;MESTIZO/A;7/3/2025;-0,210725;-78,441089;PICHINCHA;ENCONTRADO;CAUSAS PERSONALES;CIRCUNSTANCIAL;DESAPARICIÓN VOLUNTARIA
16/2/2025;18/2/2025;18/2/2025;ZONA 9;CALDERÓN;CALDERÓN;CALDERÓN 2;17;PICHINCHA;1701;QUITO;604800;-0,096049;-78,424033;HOMBRE;ECUADOR;2;NIÑOS(AS);SIN_DATO;23/2/2025;-0,5114;-78,567019;PICHINCHA;ENCONTRADO;CAUSAS FAMILIARES;NO RELACIONADOS A VIOLENCIA;DESAPARICIÓN VOLUNTARIA
16/2/2025;18/2/2025;18/2/2025;ZONA 9;CALDERÓN;CALDERÓN;CALDERÓN 2;17;PICHINCHA;1701;QUITO;604800;-0,096049;-78,424033;MUJER;ECUADOR;18;ADULTO;SIN_DATO;23/2/2025;-0,5114;-78,567019;PICHINCHA;ENCONTRADO;CAUSAS FAMILIARES;NO RELACIONADOS A VIOLENCIA;DESAPARICIÓN VOLUNTARIA
16/2/2025;21/2/2025;26/2/2025;ZONA 9;LA DELICIA;CARCELÉN;CARCELÉN 1;17;PICHINCHA;1701;QUITO;4838400;-0,08753;-78,468922;HOMBRE;ECUADOR;27;ADULTO;MESTIZO/A;13/4/2025;-0,332693;-78,570914;PICHINCHA;ENCONTRADO;CAUSAS PERSONALES;CIRCUNSTANCIAL;DESAPARICIÓN VOLUNTARIA
15/2/2025;20/2/2025;20/2/2025;ZONA 9;MANUELA SÁENZ;CENTRO HISTÓRICO;CENTRO HISTÓRICO 3;17;PICHINCHA;1701;QUITO;777600;-0,218822;-78,513549;MUJER;ECUADOR;27;ADULTO;MESTIZO/A;24/2/2025;-0,218822;-78,513549;PICHINCHA;ENCONTRADO;CAUSAS PERSONALES;CIRCUNSTANCIAL;DESAPARICIÓN VOLUNTARIA
14/2/2025;1/4/2025;1/4/2025;ZONA 9;TUMBACO;VÍA LÁCTEA;VÍA LÁCTEA 1;17;PICHINCHA;1701;QUITO;6048000;-0,200882;-78,428637;HOMBRE;COLOMBIA;33;ADULTO;MESTIZO/A;25/4/2025;-9,115385;-72,946374;PICHINCHA;ENCONTRADO;CAUSAS PERSONALES;CIRCUNSTANCIAL;DESAPARICIÓN VOLUNTARIA
14/2/2025;19/2/2025;19/2/2025;ZONA 9;ELOY ALFARO - DMQ;CHIMBACALLE;CHIMBACALLE 3;17;PICHINCHA;1701;QUITO;10713600;-0,238279;-78,509238;MUJER;ECUADOR;16;ADOLESCENTES;MESTIZO/A;18/6/2025;-0,338711;-78,607761;PICHINCHA;ENCONTRADO;CAUSAS PERSONALES;CIRCUNSTANCIAL;DESAPARICIÓN VOLUNTARIA
14/2/2025;14/2/2025;14/2/2025;ZONA 9;LA DELICIA;PONCIANO;PONCIANO 3;17;PICHINCHA;1701;QUITO;86400;-0,094921;-78,473774;HOMBRE;ECUADOR;14;ADOLESCENTES;MESTIZO/A;15/2/2025;-0,08753;-78,468922;PICHINCHA;ENCONTRADO;CAUSAS PERSONALES;CIRCUNSTANCIAL;DESAPARICIÓN VOLUNTARIA
14/2/2025;15/2/2025;15/2/2025;ZONA 9;LA DELICIA;SAN ANTONIO BAJO;SAN ANTONIO BAJO 1;17;PICHINCHA;1701;QUITO;86400;-0,002169;-78,455825;MUJER;ECUADOR;15;ADOLESCENTES;MESTIZO/A;15/2/2025;-0,10541;-78,513337;PICHINCHA;ENCONTRADO;CAUSAS PERSONALES;CIRCUNSTANCIAL;DESAPARICIÓN VOLUNTARIA
14/2/2025;15/2/2025;15/2/2025;ZONA 9;EUGENIO ESPEJO;UNIVERSITARIO;UNIVERSITARIO 2;17;PICHINCHA;1701;QUITO;86400;-0,198721;-78,50875;MUJER;ECUADOR;16;ADOLESCENTES;MESTIZO/A;15/2/2025;-0,196419;-78,507157;PICHINCHA;ENCONTRADO;CAUSAS PERSONALES;CIRCUNSTANCIAL;DESAPARICIÓN VOLUNTARIA
14/2/2025;14/2/2025;14/2/2025;ZONA 9;LA DELICIA;LA ROLDÓS;LA ROLDÓS 2;17;PICHINCHA;1701;QUITO;86400;-0,083412;-78,508437;MUJER;ECUADOR;16;ADOLESCENTES;MESTIZO/A;15/2/2025;-0,142144;-78,500572;PICHINCHA;ENCONTRADO;CAUSAS FAMILIARES;NO RELACIONADOS A VIOLENCIA;DESAPARICIÓN VOLUNTARIA
14/2/2025;15/2/2025;15/2/2025;ZONA 9;EUGENIO ESPEJO;LAS CASAS;LAS CASAS 2;17;PICHINCHA;1701;QUITO;345600;-0,188956;-78,507868;HOMBRE;ECUADOR;17;ADOLESCENTES;MESTIZO/A;18/2/2025;-2,117243;-79,892731;GUAYAS;ENCONTRADO;CAUSAS PERSONALES;CIRCUNSTANCIAL;DESAPARICIÓN VOLUNTARIA
14/2/2025;18/2/2025;18/2/2025;ZONA 9;EUGENIO ESPEJO;UNIVERSITARIO;UNIVERSITARIO 3;17;PICHINCHA;1701;QUITO;950400;-0,191829;-78,511418;MUJER;ECUADOR;15;ADOLESCENTES;MESTIZO/A;25/2/2025;-0,198721;-78,50875;PICHINCHA;ENCONTRADO;CAUSAS PERSONALES;RELACIÓN AFECTIVA;DESAPARICIÓN VOLUNTARIA
13/2/2025;13/2/2025;13/2/2025;ZONA 9;ELOY ALFARO - DMQ;MAGDALENA;MAGDALENA 3;17;PICHINCHA;1701;QUITO;86400;-0,245266;-78,52349;HOMBRE;ECUADOR;24;ADULTO;MESTIZO/A;14/2/2025;-0,236474;-78,557224;PICHINCHA;ENCONTRADO;CAUSAS SOCIALES;GRUPOS DELICTIVOS ORGANIZADOS/GDOS/PANDILLAS/MAFIAS/CARTELES;DESAPARICIÓN INVOLUNTARIA
13/2/2025;13/2/2025;13/2/2025;ZONA 9;ELOY ALFARO - DMQ;MAGDALENA;MAGDALENA 3;17;PICHINCHA;1701;QUITO;86400;-0,245266;-78,52349;HOMBRE;ECUADOR;24;ADULTO;MESTIZO/A;14/2/2025;-0,244273;-78,54126;PICHINCHA;ENCONTRADO;CAUSAS SOCIALES;GRUPOS DELICTIVOS ORGANIZADOS/GDOS/PANDILLAS/MAFIAS/CARTELES;DESAPARICIÓN INVOLUNTARIA
13/2/2025;14/2/2025;14/2/2025;ZONA 9;EUGENIO ESPEJO;UNIVERSITARIO;UNIVERSITARIO 2;17;PICHINCHA;1701;QUITO;86400;-0,19795;-78,504804;HOMBRE;ECUADOR;23;ADULTO;MESTIZO/A;14/2/2025;0,004568;-78,446774;PICHINCHA;ENCONTRADO;CAUSAS PERSONALES;CIRCUNSTANCIAL;DESAPARICIÓN VOLUNTARIA
13/2/2025;13/2/2025;13/2/2025;ZONA 9;CALDERÓN;BELLAVISTA DE CALDERÓN;BELLAVISTA DE CALDERÓN 1;17;PICHINCHA;1701;QUITO;1209600;-0,080535;-78,410525;MUJER;ECUADOR;18;ADULTO;MESTIZO/A;27/2/2025;-0,142449;-78,500189;PICHINCHA;ENCONTRADO;CAUSAS PERSONALES;CIRCUNSTANCIAL;DESAPARICIÓN VOLUNTARIA
13/2/2025;17/2/2025;19/2/2025;ZONA 9;LA DELICIA;LA ROLDÓS;LA ROLDÓS 3;17;PICHINCHA;1701;QUITO;2160000;-0,090355;-78,51923;MUJER;ECUADOR;34;ADULTO;MESTIZO/A;10/3/2025;-0,181704;-78,504377;PICHINCHA;FALLECIDO;FALLECIDO;SIN_DATO;DESAPARICIÓN INVOLUNTARIA
13/2/2025;14/2/2025;14/2/2025;ZONA 9;ELOY ALFARO - DMQ;CHILIBULO;CHILIBULO 3;17;PICHINCHA;1701;QUITO;1468800;-0,244906;-78,537402;HOMBRE;ECUADOR;17;ADOLESCENTES;MESTIZO/A;2/3/2025;-0,244729;-78,538006;PICHINCHA;ENCONTRADO;CAUSAS PERSONALES;CIRCUNSTANCIAL;DESAPARICIÓN VOLUNTARIA
13/2/2025;28/2/2025;28/2/2025;ZONA 9;ELOY ALFARO - DMQ;CHILIBULO;CHILIBULO 1;17;PICHINCHA;1701;QUITO;3024000;-0,25107;-78,54354;MUJER;ECUADOR;16;ADOLESCENTES;MESTIZO/A;20/3/2025;-0,259097;-78,557568;PICHINCHA;ENCONTRADO;CAUSAS PERSONALES;CIRCUNSTANCIAL;DESAPARICIÓN VOLUNTARIA
13/2/2025;18/3/2025;18/3/2025;ZONA 9;QUITUMBE;GUAMANÍ;GUAMANÍ 1;17;PICHINCHA;1701;QUITO;3715200;-0,314349;-78,551889;MUJER;ECUADOR;17;ADOLESCENTES;MESTIZO/A;28/3/2025;-0,292661;-78,546745;PICHINCHA;ENCONTRADO;CAUSAS PERSONALES;CIRCUNSTANCIAL;DESAPARICIÓN VOLUNTARIA
12/2/2025;13/2/2025;13/2/2025;ZONA 9;ELOY ALFARO - DMQ;MAGDALENA;MAGDALENA 1;17;PICHINCHA;1701;QUITO;1036800;-0,24182;-78,527751;MUJER;ECUADOR;30;ADULTO;MESTIZO/A;24/2/2025;-0,327528;-78,567524;PICHINCHA;ENCONTRADO;CAUSAS FAMILIARES;NO RELACIONADOS A VIOLENCIA;DESAPARICIÓN VOLUNTARIA
12/2/2025;12/2/2025;12/2/2025;ZONA 9;ELOY ALFARO - DMQ;MAGDALENA;MAGDALENA 3;17;PICHINCHA;1701;QUITO;518400;-0,244115;-78,52207;MUJER;ECUADOR;25;ADULTO;MESTIZO/A;18/2/2025;-0,142203;-78,500064;PICHINCHA;ENCONTRADO;CAUSAS PERSONALES;CIRCUNSTANCIAL;DESAPARICIÓN VOLUNTARIA
12/2/2025;13/2/2025;13/2/2025;ZONA 9;QUITUMBE;LAS CUADRAS;LAS CUADRAS 3;17;PICHINCHA;1701;QUITO;432000;-0,29304;-78,549759;MUJER;ECUADOR;17;ADOLESCENTES;MESTIZO/A;17/2/2025;-0,297416;-78,552733;PICHINCHA;ENCONTRADO;CAUSAS PERSONALES;CIRCUNSTANCIAL;DESAPARICIÓN VOLUNTARIA
12/2/2025;12/2/2025;18/2/2025;ZONA 9;LA DELICIA;EL MIRADOR;EL MIRADOR 3;17;PICHINCHA;1701;QUITO;864000;-0,122409;-78,465248;MUJER;ECUADOR;13;ADOLESCENTES;MESTIZO/A;22/2/2025;-0,122409;-78,465248;PICHINCHA;ENCONTRADO;CAUSAS PERSONALES;CIRCUNSTANCIAL;DESAPARICIÓN VOLUNTARIA
12/2/2025;24/2/2025;26/2/2025;ZONA 9;LA DELICIA;MENA DEL HIERRO;MENA DEL HIERRO 1;17;PICHINCHA;1701;QUITO;6220800;-0,108104;-78,505737;MUJER;ECUADOR;27;ADULTO;MESTIZO/A;25/4/2025;-0,323786;-78,465888;PICHINCHA;ENCONTRADO;CAUSAS FAMILIARES;NO RELACIONADOS A VIOLENCIA;DESAPARICIÓN VOLUNTARIA
11/2/2025;12/2/2025;13/2/2025;ZONA 9;LA DELICIA;SAN ANTONIO BAJO;SAN ANTONIO BAJO 1;17;PICHINCHA;1701;QUITO;432000;-0,006233;-78,441563;MUJER;ECUADOR;16;ADOLESCENTES;AFRO;16/2/2025;-0,142144;-78,500572;PICHINCHA;ENCONTRADO;CAUSAS FAMILIARES;NO RELACIONADOS A VIOLENCIA;DESAPARICIÓN VOLUNTARIA
11/2/2025;11/2/2025;25/7/2025;ZONA 9;ELOY ALFARO - DMQ;ARGELIA;ARGELIA 3;17;PICHINCHA;1701;QUITO;22982400;-0,288811;-78,538642;MUJER;ECUADOR;18;ADULTO;MESTIZO/A;4/11/2025;-2,774845;-78,848453;CAÑAR;ENCONTRADO;CAUSAS FAMILIARES;NO RELACIONADOS A VIOLENCIA;DESAPARICIÓN VOLUNTARIA
10/2/2025;13/2/2025;14/2/2025;ZONA 9;ELOY ALFARO - DMQ;MENA;MENA 2;17;PICHINCHA;1701;QUITO;691200;-0,253218;-78,551882;HOMBRE;ECUADOR;31;ADULTO;MESTIZO/A;18/2/2025;-0,08753;-78,468922;PICHINCHA;ENCONTRADO;CAUSAS PERSONALES;CIRCUNSTANCIAL;DESAPARICIÓN VOLUNTARIA
10/2/2025;11/2/2025;11/2/2025;ZONA 9;CALDERÓN;BELLAVISTA DE CALDERÓN;BELLAVISTA DE CALDERÓN 1;17;PICHINCHA;1701;QUITO;6825600;-0,08224;-78,415604;MUJER;ECUADOR;14;ADOLESCENTES;SIN_DATO;30/4/2025;-2,889949;-78,999986;AZUAY;ENCONTRADO;CAUSAS FAMILIARES;NO RELACIONADOS A VIOLENCIA;DESAPARICIÓN VOLUNTARIA
10/2/2025;6/3/2025;8/3/2025;ZONA 9;LOS CHILLOS;CONOCOTO SUR;CONOCOTO SUR 2;17;PICHINCHA;1701;QUITO;3024000;-0,306949;-78,5019;MUJER;ECUADOR;3;NIÑOS(AS);MESTIZO/A;17/3/2025;-1,093885;-76,93307;ORELLANA;ENCONTRADO;CAUSAS PERSONALES;CIRCUNSTANCIAL;DESAPARICIÓN VOLUNTARIA
10/2/2025;6/3/2025;8/3/2025;ZONA 9;LOS CHILLOS;CONOCOTO SUR;CONOCOTO SUR 2;17;PICHINCHA;1701;QUITO;3024000;-0,306949;-78,5019;MUJER;ECUADOR;29;ADULTO;MESTIZO/A;17/3/2025;-1,093885;-76,93307;ORELLANA;ENCONTRADO;CAUSAS PERSONALES;CIRCUNSTANCIAL;DESAPARICIÓN VOLUNTARIA
10/2/2025;6/3/2025;8/3/2025;ZONA 9;LOS CHILLOS;CONOCOTO SUR;CONOCOTO SUR 2;17;PICHINCHA;1701;QUITO;3024000;-0,306949;-78,5019;HOMBRE;ECUADOR;12;ADOLESCENTES;MESTIZO/A;17/3/2025;-1,093885;-76,93307;ORELLANA;ENCONTRADO;CAUSAS PERSONALES;CIRCUNSTANCIAL;DESAPARICIÓN VOLUNTARIA
9/2/2025;12/2/2025;12/2/2025;ZONA 9;TUMBACO;TUMBACO;TUMBACO 2;17;PICHINCHA;1701;QUITO;950400;-0,210691;-78,395599;MUJER;ECUADOR;15;ADOLESCENTES;MESTIZO/A;20/2/2025;-0,215831;-78,409847;PICHINCHA;ENCONTRADO;CAUSAS PERSONALES;CIRCUNSTANCIAL;DESAPARICIÓN VOLUNTARIA
9/2/2025;1/4/2025;4/4/2025;ZONA 9;EUGENIO ESPEJO;IÑAQUITO;IÑAQUITO 5;17;PICHINCHA;1701;QUITO;5270400;-0,199526;-78,479667;HOMBRE;ECUADOR;82;ADULTO MAYOR;MESTIZO/A;11/4/2025;-0,053573;-78,455757;PICHINCHA;ENCONTRADO;CAUSAS PERSONALES;CIRCUNSTANCIAL;DESAPARICIÓN VOLUNTARIA
8/2/2025;8/2/2025;9/2/2025;ZONA 9;CALDERÓN;CARAPUNGO;CARAPUNGO 3;17;PICHINCHA;1701;QUITO;86400;-0,098068;-78,453847;MUJER;ECUADOR;20;ADULTO;MESTIZO/A;9/2/2025;-0,142449;-78,500189;PICHINCHA;ENCONTRADO;CAUSAS FAMILIARES;NO RELACIONADOS A VIOLENCIA;DESAPARICIÓN VOLUNTARIA
8/2/2025;8/2/2025;9/2/2025;ZONA 9;CALDERÓN;CARAPUNGO;CARAPUNGO 3;17;PICHINCHA;1701;QUITO;86400;-0,098068;-78,453847;HOMBRE;ECUADOR;12;ADOLESCENTES;MESTIZO/A;9/2/2025;-0,142449;-78,500189;PICHINCHA;ENCONTRADO;CAUSAS FAMILIARES;NO RELACIONADOS A VIOLENCIA;DESAPARICIÓN VOLUNTARIA
8/2/2025;8/2/2025;9/2/2025;ZONA 9;CALDERÓN;CARAPUNGO;CARAPUNGO 3;17;PICHINCHA;1701;QUITO;86400;-0,098068;-78,453847;HOMBRE;ECUADOR;15;ADOLESCENTES;MESTIZO/A;9/2/2025;-0,142449;-78,500189;PICHINCHA;ENCONTRADO;CAUSAS FAMILIARES;NO RELACIONADOS A VIOLENCIA;DESAPARICIÓN VOLUNTARIA
8/2/2025;9/2/2025;9/2/2025;ZONA 9;QUITUMBE;GUAMANÍ;GUAMANÍ 2;17;PICHINCHA;1701;QUITO;345600;-0,329661;-78,567162;MUJER;ECUADOR;19;ADULTO;MESTIZO/A;12/2/2025;0,030977;-78,246945;PICHINCHA;ENCONTRADO;CAUSAS PERSONALES;RELACIÓN AFECTIVA;DESAPARICIÓN VOLUNTARIA
8/2/2025;20/2/2025;22/2/2025;ZONA 9;LA DELICIA;EL MIRADOR;EL MIRADOR 3;17;PICHINCHA;1701;QUITO;5529600;-0,122409;-78,465248;MUJER;ECUADOR;16;ADOLESCENTES;MESTIZO/A;13/4/2025;-1,115197;-79,43649;LOS RIOS;ENCONTRADO;CAUSAS FAMILIARES;NO RELACIONADOS A VIOLENCIA;DESAPARICIÓN VOLUNTARIA
7/2/2025;10/2/2025;14/2/2025;ZONA 9;ELOY ALFARO - DMQ;EL CALZADO;EL CALZADO 2;17;PICHINCHA;1701;QUITO;4492800;-0,259072;-78,529171;MUJER;ECUADOR;16;ADOLESCENTES;MESTIZO/A;31/3/2025;-0,142449;-78,500189;PICHINCHA;ENCONTRADO;CAUSAS PERSONALES;CIRCUNSTANCIAL;DESAPARICIÓN VOLUNTARIA
7/2/2025;8/2/2025;8/2/2025;ZONA 9;ELOY ALFARO - DMQ;MENA;MENA 1;17;PICHINCHA;1701;QUITO;172800;-0,259229;-78,547064;MUJER;ECUADOR;14;ADOLESCENTES;MESTIZO/A;9/2/2025;-0,142296;-78,500082;PICHINCHA;ENCONTRADO;CAUSAS PERSONALES;CIRCUNSTANCIAL;DESAPARICIÓN VOLUNTARIA
7/2/2025;8/2/2025;8/2/2025;ZONA 9;TUMBACO;PIFO;PIFO 2;17;PICHINCHA;1701;QUITO;172800;-0,233841;-78,335982;MUJER;ECUADOR;52;ADULTO;MESTIZO/A;9/2/2025;0,182347;-77,240515;SUCUMBIOS;ENCONTRADO;CAUSAS SOCIALES;GRUPOS DELICTIVOS ORGANIZADOS/GDOS/PANDILLAS/MAFIAS/CARTELES;DESAPARICIÓN INVOLUNTARIA
7/2/2025;8/2/2025;8/2/2025;ZONA 9;LA DELICIA;LA ROLDÓS;LA ROLDÓS 2;17;PICHINCHA;1701;QUITO;518400;-0,083514;-78,508278;MUJER;ECUADOR;15;ADOLESCENTES;MESTIZO/A;13/2/2025;-0,083412;-78,508437;PICHINCHA;ENCONTRADO;CAUSAS PERSONALES;CIRCUNSTANCIAL;DESAPARICIÓN VOLUNTARIA
7/2/2025;8/2/2025;3/2/2025;ZONA 9;QUITUMBE;GUAMANÍ;GUAMANÍ 2;17;PICHINCHA;1701;QUITO;172800;-0,327528;-78,567524;MUJER;ECUADOR;15;ADOLESCENTES;AFRO;9/2/2025;-0,142421;-78,500271;PICHINCHA;ENCONTRADO;CAUSAS FAMILIARES;NO RELACIONADOS A VIOLENCIA;DESAPARICIÓN VOLUNTARIA
6/2/2025;7/2/2025;6/2/2025;ZONA 9;ELOY ALFARO - DMQ;FERROVIARIA;FERROVIARIA 3;17;PICHINCHA;1701;QUITO;259200;-0,253881;-78,512839;MUJER;ECUADOR;15;ADOLESCENTES;MESTIZO/A;9/2/2025;-2,189134;-79,889903;GUAYAS;ENCONTRADO;CAUSAS FAMILIARES;NO RELACIONADOS A VIOLENCIA;DESAPARICIÓN VOLUNTARIA
6/2/2025;7/2/2025;7/2/2025;ZONA 9;CALDERÓN;CARAPUNGO;CARAPUNGO 3;17;PICHINCHA;1701;QUITO;1036800;-0,093985;-78,451052;MUJER;ECUADOR;39;ADULTO;MESTIZO/A;18/2/2025;-1,327891;-78,541416;TUNGURAHUA;ENCONTRADO;CAUSAS FAMILIARES;NO RELACIONADOS A VIOLENCIA;DESAPARICIÓN VOLUNTARIA
6/2/2025;11/2/2025;16/2/2025;ZONA 9;TUMBACO;TABABELA;TABABELA 1;17;PICHINCHA;1701;QUITO;950400;-0,190344;-78,338563;MUJER;ECUADOR;32;ADULTO;MESTIZO/A;17/2/2025;-0,206858;-78,497696;PICHINCHA;ENCONTRADO;CAUSAS PERSONALES;CIRCUNSTANCIAL;DESAPARICIÓN VOLUNTARIA
5/2/2025;13/2/2025;13/2/2025;ZONA 9;LA DELICIA;PONCIANO;PONCIANO 1;17;PICHINCHA;1701;QUITO;864000;-0,117393;-78,483683;HOMBRE;ECUADOR;68;ADULTO MAYOR;MESTIZO/A;15/2/2025;-0,127257;-78,49765;PICHINCHA;ENCONTRADO;EXTRAVIADO - DISCAPACIDAD / ENFERMEDADES / TRASTORNOS;DISCAPACIDAD INTELECTUAL;EXTRAVÍO
5/2/2025;5/2/2025;5/2/2025;ZONA 9;QUITUMBE;LAS CUADRAS;LAS CUADRAS 1;17;PICHINCHA;1701;QUITO;1036800;-0,309161;-78,548339;MUJER;ECUADOR;14;ADOLESCENTES;MESTIZO/A;17/2/2025;-0,309161;-78,548339;PICHINCHA;ENCONTRADO;CAUSAS FAMILIARES;NO RELACIONADOS A VIOLENCIA;DESAPARICIÓN VOLUNTARIA
5/2/2025;9/2/2025;9/2/2025;ZONA 9;LA DELICIA;CARCELÉN;CARCELÉN 4;17;PICHINCHA;1701;QUITO;432000;-0,084234;-78,46608;HOMBRE;ECUADOR;15;ADOLESCENTES;MESTIZO/A;10/2/2025;-0,142433;-78,50007;PICHINCHA;ENCONTRADO;CAUSAS PERSONALES;CIRCUNSTANCIAL;DESAPARICIÓN VOLUNTARIA
4/2/2025;4/2/2025;4/2/2025;ZONA 9;ELOY ALFARO - DMQ;FERROVIARIA;FERROVIARIA 1;17;PICHINCHA;1701;QUITO;86400;-0,26021;-78,516389;MUJER;ECUADOR;14;ADOLESCENTES;MESTIZO/A;5/2/2025;-0,253841;-79,176331;SANTO DOMINGO DE LOS TSACHILAS;ENCONTRADO;CAUSAS PERSONALES;CIRCUNSTANCIAL;DESAPARICIÓN VOLUNTARIA
4/2/2025;5/2/2025;5/2/2025;ZONA 9;LA DELICIA;LA ROLDÓS;LA ROLDÓS 4;17;PICHINCHA;1701;QUITO;172800;-0,107842;-78,543581;MUJER;ECUADOR;15;ADOLESCENTES;MESTIZO/A;6/2/2025;-0,083412;-78,508437;PICHINCHA;ENCONTRADO;CAUSAS PERSONALES;CIRCUNSTANCIAL;DESAPARICIÓN VOLUNTARIA
4/2/2025;22/7/2025;22/7/2025;ZONA 9;ELOY ALFARO - DMQ;SOLANDA;SOLANDA 4;17;PICHINCHA;1701;QUITO;15638400;-0,269486;-78,545787;HOMBRE;ECUADOR;67;ADULTO MAYOR;MESTIZO/A;4/8/2025;-0,244396;-78,543675;PICHINCHA;FALLECIDO;FALLECIDO;SIN_DATO;DESAPARICIÓN INVOLUNTARIA
4/2/2025;4/2/2025;4/2/2025;ZONA 9;MANUELA SÁENZ;LA LIBERTAD;LA LIBERTAD 2;17;PICHINCHA;1701;QUITO;432000;-0,223524;-78,532376;MUJER;ECUADOR;11;NIÑOS(AS);MESTIZO/A;9/2/2025;-0,223144;-78,53265;PICHINCHA;ENCONTRADO;CAUSAS ACADÉMICAS;ACADÉMICO/ESCOLAR (RENDIMIENTO);DESAPARICIÓN VOLUNTARIA
3/2/2025;4/2/2025;4/2/2025;ZONA 9;LOS CHILLOS;CONOCOTO NORTE;CONOCOTO NORTE 3;17;PICHINCHA;1701;QUITO;518400;-0,263874;-78,497819;HOMBRE;ECUADOR;14;ADOLESCENTES;MESTIZO/A;9/2/2025;0,086738;-77,169866;SUCUMBIOS;ENCONTRADO;CAUSAS PERSONALES;CIRCUNSTANCIAL;DESAPARICIÓN VOLUNTARIA
3/2/2025;6/2/2025;6/2/2025;ZONA 9;LA DELICIA;COLINAS DEL NORTE;COLINAS DEL NORTE 2;17;PICHINCHA;1701;QUITO;864000;-0,105415;-78,529146;HOMBRE;ECUADOR;30;ADULTO;MESTIZO/A;13/2/2025;0,347147;-78,132365;IMBABURA;ENCONTRADO;CAUSAS SOCIALES;DROGADICCIÓN;DESAPARICIÓN VOLUNTARIA
3/2/2025;6/2/2025;7/2/2025;ZONA 9;LA DELICIA;EL MIRADOR;EL MIRADOR 3;17;PICHINCHA;1701;QUITO;777600;-0,122409;-78,465248;HOMBRE;ECUADOR;15;ADOLESCENTES;MESTIZO/A;12/2/2025;-0,122409;-78,465248;PICHINCHA;ENCONTRADO;CAUSAS PERSONALES;CIRCUNSTANCIAL;DESAPARICIÓN VOLUNTARIA
3/2/2025;12/2/2025;12/2/2025;ZONA 9;MANUELA SÁENZ;CENTRO HISTÓRICO;CENTRO HISTÓRICO 5;17;PICHINCHA;1701;QUITO;1382400;-0,225644;-78,505331;MUJER;ECUADOR;24;ADULTO;MESTIZO/A;19/2/2025;-0,14184;-78,500476;PICHINCHA;ENCONTRADO;CAUSAS PERSONALES;RELACIÓN AFECTIVA;DESAPARICIÓN VOLUNTARIA
3/2/2025;7/3/2025;7/3/2025;ZONA 9;QUITUMBE;CHILLOGALLO;CHILLOGALLO 3;17;PICHINCHA;1701;QUITO;3024000;-0,285621;-78,565043;HOMBRE;ECUADOR;41;ADULTO;OTROS;10/3/2025;-0,296488;-78,557;PICHINCHA;ENCONTRADO;CAUSAS SOCIALES;ALCOHOLISMO;DESAPARICIÓN VOLUNTARIA
2/2/2025;17/2/2025;17/2/2025;ZONA 9;MANUELA SÁENZ;LA LIBERTAD;LA LIBERTAD 1;17;PICHINCHA;1701;QUITO;2937600;-0,225727;-78,527751;HOMBRE;ECUADOR;60;ADULTO;MESTIZO/A;8/3/2025;-0,282965;-78,554015;PICHINCHA;ENCONTRADO;CAUSAS SOCIALES;ALCOHOLISMO;DESAPARICIÓN VOLUNTARIA
1/2/2025;4/2/2025;4/2/2025;ZONA 9;QUITUMBE;LAS CUADRAS;LAS CUADRAS 2;17;PICHINCHA;1701;QUITO;691200;-0,285755;-78,543321;HOMBRE;ECUADOR;36;ADULTO;MESTIZO/A;9/2/2025;-0,29304;-78,549759;PICHINCHA;ENCONTRADO;CAUSAS PERSONALES;CIRCUNSTANCIAL;DESAPARICIÓN VOLUNTARIA
1/2/2025;1/2/2025;1/2/2025;ZONA 9;QUITUMBE;LAS CUADRAS;LAS CUADRAS 2;17;PICHINCHA;1701;QUITO;172800;-0,285755;-78,543321;MUJER;ECUADOR;16;ADOLESCENTES;MESTIZO/A;3/2/2025;-0,142449;-78,500189;PICHINCHA;ENCONTRADO;CAUSAS PERSONALES;CIRCUNSTANCIAL;DESAPARICIÓN VOLUNTARIA
1/2/2025;4/8/2025;12/8/2025;ZONA 9;LOS CHILLOS;ALANGASÍ;ALANGASÍ 1;17;PICHINCHA;1701;QUITO;16588800;-0,308093;-78,413532;HOMBRE;ECUADOR;58;ADULTO;MESTIZO/A;12/8/2025;-0,140418;-78,500347;PICHINCHA;FALLECIDO;FALLECIDO;SIN_DATO;DESAPARICIÓN INVOLUNTARIA
1/2/2025;5/2/2025;9/2/2025;ZONA 9;TUMBACO;TUMBACO;TUMBACO 2;17;PICHINCHA;1701;QUITO;2505600;-0,210691;-78,395599;HOMBRE;ECUADOR;16;ADOLESCENTES;MESTIZO/A;2/3/2025;-0,193982;-78,396442;PICHINCHA;ENCONTRADO;CAUSAS SOCIALES;DROGADICCIÓN;DESAPARICIÓN VOLUNTARIA
31/1/2025;31/1/2025;31/1/2025;ZONA 9;TUMBACO;CHECA;CHECA 1;17;PICHINCHA;1701;QUITO;345600;-0,126239;-78,319452;MUJER;ECUADOR;12;ADOLESCENTES;MESTIZO/A;4/2/2025;-0,142406;-78,500071;PICHINCHA;ENCONTRADO;CAUSAS ACADÉMICAS;ACADÉMICO/ESCOLAR (RENDIMIENTO);DESAPARICIÓN VOLUNTARIA
31/1/2025;1/2/2025;1/2/2025;ZONA 9;ELOY ALFARO - DMQ;MAGDALENA;MAGDALENA 3;17;PICHINCHA;1701;QUITO;172800;-0,245266;-78,52349;HOMBRE;ECUADOR;32;ADULTO;MESTIZO/A;2/2/2025;-0,244472;-78,518963;PICHINCHA;ENCONTRADO;CAUSAS PERSONALES;CIRCUNSTANCIAL;DESAPARICIÓN VOLUNTARIA
31/1/2025;2/2/2025;2/2/2025;ZONA 9;LA DELICIA;PONCIANO;PONCIANO 3;17;PICHINCHA;1701;QUITO;259200;-0,101039;-78,469765;HOMBRE;ECUADOR;32;ADULTO;MESTIZO/A;3/2/2025;-0,573703;-79,370491;LOS RIOS;FALLECIDO;FALLECIDO;SIN_DATO;DESAPARICIÓN INVOLUNTARIA
31/1/2025;1/2/2025;1/2/2025;ZONA 9;QUITUMBE;LAS CUADRAS;LAS CUADRAS 2;17;PICHINCHA;1701;QUITO;259200;-0,285755;-78,543321;MUJER;ECUADOR;15;ADOLESCENTES;MESTIZO/A;3/2/2025;-0,142449;-78,500189;PICHINCHA;ENCONTRADO;CAUSAS PERSONALES;CIRCUNSTANCIAL;DESAPARICIÓN VOLUNTARIA
31/1/2025;3/2/2025;3/2/2025;ZONA 9;TUMBACO;TUMBACO;TUMBACO 1;17;PICHINCHA;1701;QUITO;9072000;-0,212255;-78,404495;HOMBRE;ECUADOR;16;ADOLESCENTES;MESTIZO/A;16/5/2025;-0,212255;-78,404495;PICHINCHA;ENCONTRADO;CAUSAS PERSONALES;CIRCUNSTANCIAL;DESAPARICIÓN VOLUNTARIA
31/1/2025;5/2/2025;5/2/2025;ZONA 9;MANUELA SÁENZ;EL PLACER;EL PLACER 3;17;PICHINCHA;1701;QUITO;2160000;-0,21136;-78,52136;MUJER;ECUADOR;14;ADOLESCENTES;MESTIZO/A;25/2/2025;-0,20868;-78,519019;PICHINCHA;ENCONTRADO;CAUSAS PERSONALES;CIRCUNSTANCIAL;DESAPARICIÓN VOLUNTARIA
30/1/2025;30/1/2025;30/1/2025;ZONA 9;LA DELICIA;COLINAS DEL NORTE;COLINAS DEL NORTE 2;17;PICHINCHA;1701;QUITO;0;-0,105415;-78,529146;HOMBRE;ECUADOR;10;NIÑOS(AS);MESTIZO/A;30/1/2025;-0,123533;-78,504846;PICHINCHA;ENCONTRADO;CAUSAS PERSONALES;CIRCUNSTANCIAL;DESAPARICIÓN VOLUNTARIA
30/1/2025;5/2/2025;6/2/2025;ZONA 9;EUGENIO ESPEJO;IÑAQUITO;IÑAQUITO 2;17;PICHINCHA;1701;QUITO;950400;-0,170206;-78,47986;HOMBRE;KAZAJSTAN;47;ADULTO;MESTIZO/A;10/2/2025;61,52401;105,318756;PICHINCHA;ENCONTRADO;CAUSAS FAMILIARES;NO RELACIONADOS A VIOLENCIA;DESAPARICIÓN VOLUNTARIA
29/1/2025;29/1/2025;29/1/2025;ZONA 9;MANUELA SÁENZ;SAN JUAN;SAN JUAN 1;17;PICHINCHA;1701;QUITO;950400;-0,206637;-78,505175;MUJER;ECUADOR;49;ADULTO;MESTIZO/A;9/2/2025;0,347147;-78,132365;IMBABURA;ENCONTRADO;EXTRAVIADO - DISCAPACIDAD / ENFERMEDADES / TRASTORNOS;DISCAPACIDAD PSICOSOCIAL;EXTRAVÍO
29/1/2025;29/1/2025;29/1/2025;ZONA 9;QUITUMBE;GUAMANÍ;GUAMANÍ 4;17;PICHINCHA;1701;QUITO;259200;-0,339177;-78,550215;MUJER;ECUADOR;16;ADOLESCENTES;MESTIZO/A;1/2/2025;-0,142449;-78,500189;PICHINCHA;ENCONTRADO;CAUSAS PERSONALES;CIRCUNSTANCIAL;DESAPARICIÓN VOLUNTARIA
29/1/2025;5/2/2025;5/2/2025;ZONA 9;MANUELA SÁENZ;SAN JUAN;SAN JUAN 4;17;PICHINCHA;1701;QUITO;4752000;-0,216166;-78,51663;MUJER;ECUADOR;15;ADOLESCENTES;MESTIZO/A;25/3/2025;-0,221026;-78,514966;PICHINCHA;ENCONTRADO;CAUSAS FAMILIARES;NO RELACIONADOS A VIOLENCIA;DESAPARICIÓN VOLUNTARIA
29/1/2025;30/1/2025;30/1/2025;ZONA 9;EUGENIO ESPEJO;IÑAQUITO;IÑAQUITO 2;17;PICHINCHA;1701;QUITO;86400;-0,170842;-78,47999;HOMBRE;ECUADOR;21;ADULTO;MESTIZO/A;30/1/2025;-0,223252;-78,514106;PICHINCHA;ENCONTRADO;CAUSAS PERSONALES;CIRCUNSTANCIAL;DESAPARICIÓN VOLUNTARIA
29/1/2025;30/1/2025;30/1/2025;ZONA 9;ELOY ALFARO - DMQ;CHILIBULO;CHILIBULO 6;17;PICHINCHA;1701;QUITO;86400;-0,233196;-78,532302;MUJER;ECUADOR;13;ADOLESCENTES;MESTIZO/A;30/1/2025;-0,25233;-78,542709;PICHINCHA;ENCONTRADO;CAUSAS PERSONALES;CIRCUNSTANCIAL;DESAPARICIÓN VOLUNTARIA
29/1/2025;30/1/2025;2/2/2025;ZONA 9;ELOY ALFARO - DMQ;CHILIBULO;CHILIBULO 6;17;PICHINCHA;1701;QUITO;432000;-0,233196;-78,532302;HOMBRE;ECUADOR;13;ADOLESCENTES;MESTIZO/A;3/2/2025;-0,279768;-78,514969;PICHINCHA;ENCONTRADO;CAUSAS PERSONALES;CIRCUNSTANCIAL;DESAPARICIÓN VOLUNTARIA
29/1/2025;30/1/2025;3/2/2025;ZONA 9;MANUELA SÁENZ;SAN JUAN;SAN JUAN 3;17;PICHINCHA;1701;QUITO;432000;-0,211283;-78,512045;HOMBRE;ECUADOR;20;ADULTO;MESTIZO/A;3/2/2025;-0,142449;-78,500189;PICHINCHA;ENCONTRADO;CAUSAS PERSONALES;CIRCUNSTANCIAL;DESAPARICIÓN VOLUNTARIA
28/1/2025;29/1/2025;29/1/2025;ZONA 9;EUGENIO ESPEJO;IÑAQUITO;IÑAQUITO 5;17;PICHINCHA;1701;QUITO;1036800;-0,190436;-78,482612;MUJER;ECUADOR;16;ADOLESCENTES;MESTIZO/A;9/2/2025;-0,142449;-78,500189;PICHINCHA;ENCONTRADO;CAUSAS PERSONALES;CIRCUNSTANCIAL;DESAPARICIÓN VOLUNTARIA
28/1/2025;30/1/2025;2/2/2025;ZONA 9;ELOY ALFARO - DMQ;MAGDALENA;MAGDALENA 3;17;PICHINCHA;1701;QUITO;1036800;-0,245266;-78,52349;HOMBRE;ECUADOR;31;ADULTO;MESTIZO/A;9/2/2025;-0,235493;-78,52278;PICHINCHA;ENCONTRADO;CAUSAS PERSONALES;CIRCUNSTANCIAL;DESAPARICIÓN VOLUNTARIA
28/1/2025;10/2/2025;11/2/2025;ZONA 9;LA DELICIA;COLINAS DEL NORTE;COLINAS DEL NORTE 3;17;PICHINCHA;1701;QUITO;2073600;-0,093624;-78,506097;HOMBRE;ECUADOR;40;ADULTO;MESTIZO/A;21/2/2025;-0,093624;-78,506097;PICHINCHA;ENCONTRADO;CAUSAS PERSONALES;CIRCUNSTANCIAL;DESAPARICIÓN VOLUNTARIA
26/1/2025;26/1/2025;26/1/2025;ZONA 9;QUITUMBE;TURUBAMBA;TURUBAMBA 5;17;PICHINCHA;1701;QUITO;0;-0,3487;-78,515682;MUJER;ECUADOR;18;ADULTO;MESTIZO/A;26/1/2025;-0,223252;-78,514106;PICHINCHA;FALLECIDO;FALLECIDO;SIN_DATO;DESAPARICIÓN INVOLUNTARIA
26/1/2025;26/1/2025;26/1/2025;ZONA 9;TUMBACO;CUMBAYÁ SUR;CUMBAYÁ SUR 1;17;PICHINCHA;1701;QUITO;0;-0,210725;-78,441089;HOMBRE;ECUADOR;35;ADULTO;MESTIZO/A;26/1/2025;-0,342578;-78,54692;PICHINCHA;ENCONTRADO;POSIBLE VINCULACIÓN A DELITO;SECUESTRO EXTORSIVO;DESAPARICIÓN INVOLUNTARIA
26/1/2025;29/1/2025;4/2/2025;ZONA 9;LOS CHILLOS;ALANGASÍ;ALANGASÍ 1;17;PICHINCHA;1701;QUITO;4924800;-0,303744;-78,411613;MUJER;ECUADOR;5;NIÑOS(AS);MESTIZO/A;24/3/2025;-0,298101;-78,435404;PICHINCHA;ENCONTRADO;CAUSAS FAMILIARES;NO RELACIONADOS A VIOLENCIA;DESAPARICIÓN VOLUNTARIA
26/1/2025;29/1/2025;3/2/2025;ZONA 9;LA DELICIA;SAN ANTONIO ALTO;SAN ANTONIO ALTO 1;17;PICHINCHA;1701;QUITO;691200;0,004568;-78,446774;MUJER;ECUADOR;8;NIÑOS(AS);MESTIZO/A;3/2/2025;-0,142144;-78,500572;PICHINCHA;ENCONTRADO;CAUSAS PERSONALES;CIRCUNSTANCIAL;DESAPARICIÓN VOLUNTARIA
26/1/2025;3/2/2025;3/2/2025;ZONA 9;TUMBACO;TUMBACO;TUMBACO 2;17;PICHINCHA;1701;QUITO;1209600;-0,209906;-78,398902;MUJER;ECUADOR;19;ADULTO;MESTIZO/A;9/2/2025;-0,279768;-78,514969;PICHINCHA;ENCONTRADO;CAUSAS PERSONALES;CIRCUNSTANCIAL;DESAPARICIÓN VOLUNTARIA
26/1/2025;30/1/2025;3/2/2025;ZONA 9;ELOY ALFARO - DMQ;SOLANDA;SOLANDA 4;17;PICHINCHA;1701;QUITO;1036800;-0,268637;-78,540083;HOMBRE;ECUADOR;14;ADOLESCENTES;MESTIZO/A;7/2/2025;-0,268637;-78,540083;PICHINCHA;ENCONTRADO;CAUSAS FAMILIARES;NO RELACIONADOS A VIOLENCIA;DESAPARICIÓN VOLUNTARIA
25/1/2025;25/1/2025;25/1/2025;ZONA 9;EUGENIO ESPEJO;COCHAPAMBA;COCHAPAMBA 5;17;PICHINCHA;1701;QUITO;86400;-0,123533;-78,504846;HOMBRE;ECUADOR;17;ADOLESCENTES;MESTIZO/A;26/1/2025;-0,106457;-78,483191;PICHINCHA;ENCONTRADO;CAUSAS PERSONALES;CIRCUNSTANCIAL;DESAPARICIÓN VOLUNTARIA
25/1/2025;26/1/2025;26/1/2025;ZONA 9;QUITUMBE;ECUATORIANA;ECUATORIANA 3;17;PICHINCHA;1701;QUITO;86400;-0,309164;-78,561464;HOMBRE;ECUADOR;46;ADULTO;MESTIZO/A;26/1/2025;-0,216898;-78,509877;PICHINCHA;ENCONTRADO;CAUSAS PERSONALES;CIRCUNSTANCIAL;DESAPARICIÓN VOLUNTARIA
24/1/2025;25/1/2025;25/1/2025;ZONA 9;EUGENIO ESPEJO;UNIVERSITARIO;UNIVERSITARIO 2;17;PICHINCHA;1701;QUITO;86400;-0,19795;-78,504804;HOMBRE;ECUADOR;36;ADULTO;MESTIZO/A;25/1/2025;-0,10541;-78,513337;PICHINCHA;ENCONTRADO;CAUSAS PERSONALES;CIRCUNSTANCIAL;DESAPARICIÓN VOLUNTARIA
24/1/2025;24/1/2025;24/1/2025;ZONA 9;CALDERÓN;LLANO CHICO;LLANO CHICO 1;17;PICHINCHA;1701;QUITO;172800;-0,138916;-78,44054;MUJER;ECUADOR;17;ADOLESCENTES;MESTIZO/A;26/1/2025;-0,142449;-78,500189;PICHINCHA;ENCONTRADO;CAUSAS PERSONALES;CIRCUNSTANCIAL;DESAPARICIÓN VOLUNTARIA
23/1/2025;23/1/2025;23/1/2025;ZONA 9;LA DELICIA;PONCIANO;PONCIANO 3;17;PICHINCHA;1701;QUITO;86400;-0,094906;-78,474245;MUJER;ECUADOR;16;ADOLESCENTES;MESTIZO/A;24/1/2025;-0,142422;-78,500435;PICHINCHA;ENCONTRADO;CAUSAS PERSONALES;CIRCUNSTANCIAL;DESAPARICIÓN VOLUNTARIA
23/1/2025;24/1/2025;24/1/2025;ZONA 9;ELOY ALFARO - DMQ;FERROVIARIA;FERROVIARIA 1;17;PICHINCHA;1701;QUITO;259200;-0,267117;-78,52207;HOMBRE;ECUADOR;55;ADULTO;MESTIZO/A;26/1/2025;-0,259072;-78,529171;PICHINCHA;ENCONTRADO;CAUSAS FAMILIARES;NO RELACIONADOS A VIOLENCIA;DESAPARICIÓN VOLUNTARIA
23/1/2025;24/1/2025;24/1/2025;ZONA 9;QUITUMBE;ECUATORIANA;ECUATORIANA 3;17;PICHINCHA;1701;QUITO;86400;-0,3086;-78,561826;MUJER;ECUADOR;12;ADOLESCENTES;MESTIZO/A;24/1/2025;-1,591169;-78,999038;BOLIVAR;ENCONTRADO;CAUSAS PERSONALES;CIRCUNSTANCIAL;DESAPARICIÓN VOLUNTARIA
23/1/2025;28/1/2025;28/1/2025;ZONA 9;TUMBACO;PIFO;PIFO 2;17;PICHINCHA;1701;QUITO;432000;-0,228774;-78,339764;MUJER;ECUADOR;21;ADULTO;INDIGENA;28/1/2025;-0,232026;-78,336955;PICHINCHA;ENCONTRADO;CAUSAS PERSONALES;CIRCUNSTANCIAL;DESAPARICIÓN VOLUNTARIA
23/1/2025;25/1/2025;25/1/2025;ZONA 9;QUITUMBE;CHILLOGALLO;CHILLOGALLO 1;17;PICHINCHA;1701;QUITO;345600;-0,27837;-78,556503;HOMBRE;ECUADOR;36;ADULTO;MESTIZO/A;27/1/2025;-0,285621;-78,565043;PICHINCHA;ENCONTRADO;CAUSAS PERSONALES;CIRCUNSTANCIAL;DESAPARICIÓN VOLUNTARIA
23/1/2025;24/1/2025;24/1/2025;ZONA 9;LA DELICIA;COLINAS DEL NORTE;COLINAS DEL NORTE 1;17;PICHINCHA;1701;QUITO;432000;-0,10541;-78,513337;MUJER;ECUADOR;12;ADOLESCENTES;MESTIZO/A;28/1/2025;-0,142144;-78,500572;PICHINCHA;ENCONTRADO;CAUSAS FAMILIARES;NO RELACIONADOS A VIOLENCIA;DESAPARICIÓN VOLUNTARIA
22/1/2025;23/1/2025;23/1/2025;ZONA 9;QUITUMBE;CHILLOGALLO;CHILLOGALLO 5;17;PICHINCHA;1701;QUITO;172800;-0,286506;-78,564136;HOMBRE;ECUADOR;13;ADOLESCENTES;MESTIZO/A;24/1/2025;-0,245043;-78,537536;PICHINCHA;ENCONTRADO;CAUSAS PERSONALES;CIRCUNSTANCIAL;DESAPARICIÓN VOLUNTARIA
22/1/2025;23/1/2025;23/1/2025;ZONA 9;LA DELICIA;COLINAS DEL NORTE;COLINAS DEL NORTE 2;17;PICHINCHA;1701;QUITO;86400;-0,103045;-78,519201;MUJER;ECUADOR;16;ADOLESCENTES;MESTIZO/A;23/1/2025;-0,142417;-78,500119;PICHINCHA;ENCONTRADO;CAUSAS PERSONALES;CIRCUNSTANCIAL;DESAPARICIÓN VOLUNTARIA
22/1/2025;23/1/2025;23/1/2025;ZONA 9;LA DELICIA;COLINAS DEL NORTE;COLINAS DEL NORTE 2;17;PICHINCHA;1701;QUITO;86400;-0,103045;-78,519201;MUJER;ECUADOR;21;ADULTO;MESTIZO/A;23/1/2025;-0,142417;-78,500119;PICHINCHA;ENCONTRADO;CAUSAS PERSONALES;CIRCUNSTANCIAL;DESAPARICIÓN VOLUNTARIA
22/1/2025;23/1/2025;23/1/2025;ZONA 9;QUITUMBE;CHILLOGALLO;CHILLOGALLO 5;17;PICHINCHA;1701;QUITO;172800;-0,287193;-78,564479;MUJER;ECUADOR;13;ADOLESCENTES;MESTIZO/A;24/1/2025;-0,142379;-78,500296;PICHINCHA;ENCONTRADO;CAUSAS PERSONALES;CIRCUNSTANCIAL;DESAPARICIÓN VOLUNTARIA
22/1/2025;23/1/2025;23/1/2025;ZONA 9;QUITUMBE;CHILLOGALLO;CHILLOGALLO 5;17;PICHINCHA;1701;QUITO;172800;-0,286506;-78,564136;HOMBRE;ECUADOR;17;ADOLESCENTES;AFRO;24/1/2025;-0,244979;-78,537568;PICHINCHA;ENCONTRADO;CAUSAS PERSONALES;CIRCUNSTANCIAL;DESAPARICIÓN VOLUNTARIA
22/1/2025;23/1/2025;23/1/2025;ZONA 9;QUITUMBE;CHILLOGALLO;CHILLOGALLO 5;17;PICHINCHA;1701;QUITO;172800;-0,286506;-78,564136;HOMBRE;ECUADOR;16;ADOLESCENTES;MESTIZO/A;24/1/2025;-0,245038;-78,537562;PICHINCHA;ENCONTRADO;CAUSAS PERSONALES;CIRCUNSTANCIAL;DESAPARICIÓN VOLUNTARIA
22/1/2025;23/1/2025;23/1/2025;ZONA 9;ELOY ALFARO - DMQ;MAGDALENA;MAGDALENA 3;17;PICHINCHA;1701;QUITO;777600;-0,244102;-78,52212;MUJER;ECUADOR;48;ADULTO;MESTIZO/A;31/1/2025;0,116171;-79,266452;PICHINCHA;ENCONTRADO;EXTRAVIADO - DISCAPACIDAD / ENFERMEDADES / TRASTORNOS;DISCAPACIDAD INTELECTUAL;EXTRAVÍO
21/1/2025;22/1/2025;22/1/2025;ZONA 9;QUITUMBE;ECUATORIANA;ECUATORIANA 3;17;PICHINCHA;1701;QUITO;1641600;-0,313838;-78,566923;MUJER;ECUADOR;14;ADOLESCENTES;MESTIZO/A;9/2/2025;-0,312315;-78,567103;PICHINCHA;ENCONTRADO;CAUSAS PERSONALES;CIRCUNSTANCIAL;DESAPARICIÓN VOLUNTARIA
21/1/2025;22/1/2025;22/1/2025;ZONA 9;ELOY ALFARO - DMQ;EL CALZADO;EL CALZADO 3;17;PICHINCHA;1701;QUITO;86400;-0,266072;-78,531969;MUJER;ECUADOR;15;ADOLESCENTES;MESTIZO/A;22/1/2025;-0,268637;-78,540083;PICHINCHA;ENCONTRADO;CAUSAS FAMILIARES;NO RELACIONADOS A VIOLENCIA;DESAPARICIÓN VOLUNTARIA
20/1/2025;20/1/2025;20/1/2025;ZONA 9;LA DELICIA;LA ROLDÓS;LA ROLDÓS 2;17;PICHINCHA;1701;QUITO;0;-0,083412;-78,508437;HOMBRE;ECUADOR;11;NIÑOS(AS);MESTIZO/A;20/1/2025;-0,090355;-78,51923;PICHINCHA;ENCONTRADO;CAUSAS FAMILIARES;NO RELACIONADOS A VIOLENCIA;DESAPARICIÓN VOLUNTARIA
20/1/2025;21/1/2025;22/1/2025;ZONA 9;ELOY ALFARO - DMQ;CHILIBULO;CHILIBULO 5;17;PICHINCHA;1701;QUITO;172800;-0,233128;-78,533212;HOMBRE;ECUADOR;17;ADOLESCENTES;MESTIZO/A;22/1/2025;-0,231648;-78,533237;PICHINCHA;ENCONTRADO;CAUSAS PERSONALES;CIRCUNSTANCIAL;DESAPARICIÓN VOLUNTARIA
20/1/2025;13/2/2025;26/3/2025;ZONA 9;LA DELICIA;EL MIRADOR;EL MIRADOR 3;17;PICHINCHA;1701;QUITO;21513600;-0,122409;-78,465248;HOMBRE;ECUADOR;44;ADULTO;MESTIZO/A;26/9/2025;-2,219868;-79,939564;GUAYAS;ENCONTRADO;CAUSAS PERSONALES;RELACIÓN AFECTIVA;DESAPARICIÓN VOLUNTARIA
20/1/2025;14/3/2025;20/3/2025;ZONA 9;CALDERÓN;LOS LLANOS;LOS LLANOS 2;17;PICHINCHA;1701;QUITO;7171200;-0,11811;-78,440496;MUJER;ECUADOR;28;ADULTO;MESTIZO/A;13/4/2025;-0,115981;-78,452004;PICHINCHA;ENCONTRADO;CAUSAS PERSONALES;CIRCUNSTANCIAL;DESAPARICIÓN VOLUNTARIA
19/1/2025;19/1/2025;19/1/2025;ZONA 9;ELOY ALFARO - DMQ;ARGELIA;ARGELIA 8;17;PICHINCHA;1701;QUITO;345600;-0,280712;-78,523956;HOMBRE;ECUADOR;58;ADULTO;MESTIZO/A;23/1/2025;-0,220425;-78,52499;PICHINCHA;ENCONTRADO;CAUSAS FAMILIARES;NO RELACIONADOS A VIOLENCIA;DESAPARICIÓN VOLUNTARIA
19/1/2025;19/1/2025;19/1/2025;ZONA 9;LA DELICIA;COTOCOLLAO;COTOCOLLAO 3;17;PICHINCHA;1701;QUITO;86400;-0,114386;-78,494588;HOMBRE;ECUADOR;24;ADULTO;MESTIZO/A;20/1/2025;-0,117262;-78,488691;PICHINCHA;ENCONTRADO;CAUSAS PERSONALES;CIRCUNSTANCIAL;DESAPARICIÓN VOLUNTARIA
19/1/2025;20/1/2025;21/1/2025;ZONA 9;QUITUMBE;ECUATORIANA;ECUATORIANA 3;17;PICHINCHA;1701;QUITO;3974400;-0,3086;-78,561826;HOMBRE;ECUADOR;15;ADOLESCENTES;MESTIZO/A;6/3/2025;-0,3086;-78,561826;PICHINCHA;ENCONTRADO;CAUSAS PERSONALES;CIRCUNSTANCIAL;DESAPARICIÓN VOLUNTARIA
19/1/2025;20/1/2025;20/1/2025;ZONA 9;ELOY ALFARO - DMQ;MENA;MENA 2;17;PICHINCHA;1701;QUITO;777600;-0,254004;-78,553692;HOMBRE;ECUADOR;41;ADULTO;MESTIZO/A;28/1/2025;-0,142592;-78,500467;PICHINCHA;ENCONTRADO;CAUSAS PERSONALES;RELACIÓN AFECTIVA;DESAPARICIÓN VOLUNTARIA
19/1/2025;29/1/2025;3/2/2025;ZONA 9;QUITUMBE;ECUATORIANA;ECUATORIANA 3;17;PICHINCHA;1701;QUITO;7257600;-0,3086;-78,561826;MUJER;ECUADOR;18;ADULTO;MESTIZO/A;13/4/2025;0,039718;-78,146071;PICHINCHA;ENCONTRADO;CAUSAS PERSONALES;CIRCUNSTANCIAL;DESAPARICIÓN VOLUNTARIA
19/1/2025;20/1/2025;21/1/2025;ZONA 9;LA DELICIA;LA ROLDÓS;LA ROLDÓS 3;17;PICHINCHA;1701;QUITO;13478400;-0,090355;-78,51923;HOMBRE;ECUADOR;12;ADOLESCENTES;AFRO;24/6/2025;-0,309362;-78,563084;PICHINCHA;ENCONTRADO;CAUSAS PERSONALES;CIRCUNSTANCIAL;DESAPARICIÓN VOLUNTARIA
18/1/2025;19/1/2025;19/1/2025;ZONA 9;CALDERÓN;BELLAVISTA DE CALDERÓN;BELLAVISTA DE CALDERÓN 1;17;PICHINCHA;1701;QUITO;86400;-0,080411;-78,410264;MUJER;ECUADOR;12;ADOLESCENTES;MESTIZO/A;19/1/2025;-0,10541;-78,513337;PICHINCHA;ENCONTRADO;CAUSAS PERSONALES;CIRCUNSTANCIAL;DESAPARICIÓN VOLUNTARIA
18/1/2025;20/1/2025;21/1/2025;ZONA 9;CALDERÓN;SAN JUAN DE CALDERÓN;SAN JUAN DE CALDERÓN 1;17;PICHINCHA;1701;QUITO;259200;-0,068203;-78,432148;MUJER;ECUADOR;22;ADULTO;MESTIZO/A;21/1/2025;-0,092109;-78,436695;PICHINCHA;ENCONTRADO;EXTRAVIADO - AUSENCIA TEMPORAL;HOSPITALIZADO;EXTRAVÍO
18/1/2025;22/1/2025;22/1/2025;ZONA 9;QUITUMBE;TURUBAMBA;TURUBAMBA 4;17;PICHINCHA;1701;QUITO;432000;-0,336682;-78,547748;HOMBRE;ECUADOR;11;NIÑOS(AS);MESTIZO/A;23/1/2025;-0,133652;-78,501897;PICHINCHA;ENCONTRADO;CAUSAS FAMILIARES;NO RELACIONADOS A VIOLENCIA;DESAPARICIÓN VOLUNTARIA
18/1/2025;13/2/2025;16/2/2025;ZONA 9;EUGENIO ESPEJO;DAMMER;DAMMER 1;17;PICHINCHA;1701;QUITO;5616000;-0,145001;-78,469333;HOMBRE;ECUADOR;15;ADOLESCENTES;MESTIZO/A;24/3/2025;-0,142144;-78,500572;PICHINCHA;ENCONTRADO;CAUSAS PERSONALES;CIRCUNSTANCIAL;DESAPARICIÓN VOLUNTARIA
17/1/2025;20/1/2025;20/1/2025;ZONA 9;LA DELICIA;LA ROLDÓS;LA ROLDÓS 2;17;PICHINCHA;1701;QUITO;3456000;-0,083412;-78,508437;MUJER;ECUADOR;15;ADOLESCENTES;AFRO;26/2/2025;-0,142315;-78,500355;PICHINCHA;ENCONTRADO;CAUSAS PERSONALES;CIRCUNSTANCIAL;DESAPARICIÓN VOLUNTARIA
17/1/2025;17/1/2025;17/1/2025;ZONA 9;EUGENIO ESPEJO;LAS CASAS;LAS CASAS 1;17;PICHINCHA;1701;QUITO;86400;-0,189297;-78,504469;MUJER;ECUADOR;14;ADOLESCENTES;MESTIZO/A;18/1/2025;-0,142449;-78,500189;PICHINCHA;ENCONTRADO;CAUSAS FAMILIARES;NO RELACIONADOS A VIOLENCIA;DESAPARICIÓN VOLUNTARIA
17/1/2025;17/1/2025;17/1/2025;ZONA 9;EUGENIO ESPEJO;LAS CASAS;LAS CASAS 1;17;PICHINCHA;1701;QUITO;86400;-0,189297;-78,504469;MUJER;ECUADOR;14;ADOLESCENTES;AFRO;18/1/2025;-0,142144;-78,500572;PICHINCHA;ENCONTRADO;CAUSAS PERSONALES;CIRCUNSTANCIAL;DESAPARICIÓN VOLUNTARIA
17/1/2025;17/1/2025;17/1/2025;ZONA 9;EUGENIO ESPEJO;EL BOSQUE;EL BOSQUE 4;17;PICHINCHA;1701;QUITO;0;-0,183785;-78,491419;MUJER;ECUADOR;14;ADOLESCENTES;MESTIZO/A;17/1/2025;-0,040092;-78,454928;PICHINCHA;ENCONTRADO;CAUSAS PERSONALES;CIRCUNSTANCIAL;DESAPARICIÓN VOLUNTARIA
17/1/2025;22/1/2025;22/1/2025;ZONA 9;EUGENIO ESPEJO;COCHAPAMBA;COCHAPAMBA 3;17;PICHINCHA;1701;QUITO;777600;-0,133652;-78,501897;HOMBRE;ECUADOR;13;ADOLESCENTES;AFRO;26/1/2025;-0,123533;-78,504846;PICHINCHA;ENCONTRADO;CAUSAS FAMILIARES;NO RELACIONADOS A VIOLENCIA;DESAPARICIÓN VOLUNTARIA
16/1/2025;18/1/2025;18/1/2025;ZONA 9;ELOY ALFARO - DMQ;ARGELIA;ARGELIA 6;17;PICHINCHA;1701;QUITO;259200;-0,279768;-78,514969;MUJER;ECUADOR;15;ADOLESCENTES;MESTIZO/A;19/1/2025;-0,142144;-78,500572;PICHINCHA;ENCONTRADO;CAUSAS PERSONALES;CIRCUNSTANCIAL;DESAPARICIÓN VOLUNTARIA
16/1/2025;16/1/2025;16/1/2025;ZONA 9;CALDERÓN;CARAPUNGO;CARAPUNGO 3;17;PICHINCHA;1701;QUITO;172800;-0,093287;-78,44894;MUJER;ECUADOR;15;ADOLESCENTES;AFRO;18/1/2025;-0,080535;-78,410525;PICHINCHA;ENCONTRADO;CAUSAS PERSONALES;CIRCUNSTANCIAL;DESAPARICIÓN VOLUNTARIA
16/1/2025;16/1/2025;16/1/2025;ZONA 9;MANUELA SÁENZ;PUENGASÍ;PUENGASÍ 1;17;PICHINCHA;1701;QUITO;0;-0,252894;-78,487872;MUJER;ECUADOR;13;ADOLESCENTES;MESTIZO/A;16/1/2025;-0,233196;-78,532302;PICHINCHA;ENCONTRADO;CAUSAS FAMILIARES;NO RELACIONADOS A VIOLENCIA;DESAPARICIÓN VOLUNTARIA
15/1/2025;17/1/2025;19/1/2025;ZONA 9;EUGENIO ESPEJO;LA MARISCAL;LA MARISCAL 6;17;PICHINCHA;1701;QUITO;345600;-0,20961;-78,48514;HOMBRE;ECUADOR;12;ADOLESCENTES;MESTIZO/A;19/1/2025;-0,209149;-78,498649;PICHINCHA;ENCONTRADO;CAUSAS PERSONALES;CIRCUNSTANCIAL;DESAPARICIÓN VOLUNTARIA
15/1/2025;16/1/2025;16/1/2025;ZONA 9;QUITUMBE;CHILLOGALLO;CHILLOGALLO 3;17;PICHINCHA;1701;QUITO;604800;-0,280628;-78,574915;HOMBRE;ECUADOR;39;ADULTO;INDIGENA;22/1/2025;-0,285621;-78,565043;PICHINCHA;ENCONTRADO;POSIBLE VINCULACIÓN A DELITO;ROBO (ESCOPOLAMINA U OTRA DROGA ALUCINÓGENA ALTAMENTE TÓXICA);DESAPARICIÓN INVOLUNTARIA
15/1/2025;17/1/2025;17/1/2025;ZONA 9;ELOY ALFARO - DMQ;EL CALZADO;EL CALZADO 1;17;PICHINCHA;1701;QUITO;518400;-0,257079;-78,529662;MUJER;ECUADOR;16;ADOLESCENTES;MESTIZO/A;21/1/2025;-0,238133;-78,529704;PICHINCHA;ENCONTRADO;CAUSAS PERSONALES;CIRCUNSTANCIAL;DESAPARICIÓN VOLUNTARIA
15/1/2025;16/1/2025;16/1/2025;ZONA 9;ELOY ALFARO - DMQ;MENA;MENA 3;17;PICHINCHA;1701;QUITO;86400;-0,25795;-78,55418;HOMBRE;ECUADOR;18;ADULTO;MESTIZO/A;16/1/2025;-0,258716;-78,560122;PICHINCHA;ENCONTRADO;POSIBLE VINCULACIÓN A DELITO;ROBO (ESCOPOLAMINA U OTRA DROGA ALUCINÓGENA ALTAMENTE TÓXICA);DESAPARICIÓN INVOLUNTARIA
15/1/2025;16/1/2025;20/1/2025;ZONA 9;TUMBACO;CHECA;CHECA 1;17;PICHINCHA;1701;QUITO;432000;-0,12578;-78,318787;HOMBRE;ECUADOR;26;ADULTO;MESTIZO/A;20/1/2025;-0,12578;-78,318787;PICHINCHA;ENCONTRADO;CAUSAS PERSONALES;CIRCUNSTANCIAL;DESAPARICIÓN VOLUNTARIA
15/1/2025;8/4/2025;11/4/2025;ZONA 9;CALDERÓN;CALDERÓN;CALDERÓN 2;17;PICHINCHA;1701;QUITO;39744000;-0,092875;-78,4242;HOMBRE;ECUADOR;67;ADULTO MAYOR;MESTIZO/A;20/4/2026;-0,062287;-78,42187;PICHINCHA;ENCONTRADO;CAUSAS PERSONALES;CIRCUNSTANCIAL;DESAPARICIÓN VOLUNTARIA
13/1/2025;14/1/2025;15/1/2025;ZONA 9;ELOY ALFARO - DMQ;FERROVIARIA;FERROVIARIA 3;17;PICHINCHA;1701;QUITO;1987200;-0,251657;-78,517011;MUJER;ECUADOR;31;ADULTO;MESTIZO/A;5/2/2025;-0,315952;-78,554478;PICHINCHA;ENCONTRADO;CAUSAS PERSONALES;CIRCUNSTANCIAL;DESAPARICIÓN VOLUNTARIA
13/1/2025;13/1/2025;13/1/2025;ZONA 9;EUGENIO ESPEJO;UNIVERSITARIO;UNIVERSITARIO 1;17;PICHINCHA;1701;QUITO;86400;-0,195652;-78,506256;MUJER;ECUADOR;16;ADOLESCENTES;MESTIZO/A;14/1/2025;-0,225507;-78,337435;PICHINCHA;ENCONTRADO;CAUSAS PERSONALES;CIRCUNSTANCIAL;DESAPARICIÓN VOLUNTARIA
12/1/2025;17/1/2025;20/1/2025;ZONA 9;LA DELICIA;SAN ANTONIO ALTO;SAN ANTONIO ALTO 1;17;PICHINCHA;1701;QUITO;864000;0,004568;-78,446774;MUJER;ECUADOR;6;NIÑOS(AS);MESTIZO/A;22/1/2025;-0,002169;-78,455825;PICHINCHA;ENCONTRADO;CAUSAS FAMILIARES;NO RELACIONADOS A VIOLENCIA;DESAPARICIÓN VOLUNTARIA
12/1/2025;16/1/2025;17/1/2025;ZONA 9;MANUELA SÁENZ;PUENGASÍ;PUENGASÍ 3;17;PICHINCHA;1701;QUITO;950400;-0,242853;-78,497361;MUJER;ECUADOR;16;ADOLESCENTES;MESTIZO/A;23/1/2025;-0,242853;-78,497361;PICHINCHA;ENCONTRADO;CAUSAS FAMILIARES;NO RELACIONADOS A VIOLENCIA;DESAPARICIÓN VOLUNTARIA
12/1/2025;20/1/2025;21/1/2025;ZONA 9;CALDERÓN;CARAPUNGO;CARAPUNGO 3;17;PICHINCHA;1701;QUITO;777600;-0,094049;-78,45101;HOMBRE;ECUADOR;28;ADULTO;MESTIZO/A;21/1/2025;-0,181703;-78,504379;PICHINCHA;FALLECIDO;FALLECIDO;SIN_DATO;DESAPARICIÓN INVOLUNTARIA
12/1/2025;6/2/2025;6/2/2025;ZONA 9;TUMBACO;PIFO;PIFO 2;17;PICHINCHA;1701;QUITO;3974400;-0,233755;-78,337441;HOMBRE;ECUADOR;51;ADULTO;MESTIZO/A;27/2/2025;-0,142368;-78,500301;PICHINCHA;ENCONTRADO;CAUSAS FAMILIARES;NO RELACIONADOS A VIOLENCIA;DESAPARICIÓN VOLUNTARIA
12/1/2025;12/1/2025;12/1/2025;ZONA 9;ELOY ALFARO - DMQ;ARGELIA;ARGELIA 4;17;PICHINCHA;1701;QUITO;432000;-0,292436;-78,52207;MUJER;ECUADOR;22;ADULTO;MESTIZO/A;17/1/2025;-0,224867;-78,520428;PICHINCHA;ENCONTRADO;CAUSAS PERSONALES;CIRCUNSTANCIAL;DESAPARICIÓN VOLUNTARIA
12/1/2025;12/1/2025;12/1/2025;ZONA 9;EUGENIO ESPEJO;IÑAQUITO;IÑAQUITO 2;17;PICHINCHA;1701;QUITO;86400;-0,17572;-78,485496;MUJER;ECUADOR;16;ADOLESCENTES;MESTIZO/A;13/1/2025;-0,142144;-78,500572;PICHINCHA;ENCONTRADO;CAUSAS PERSONALES;CIRCUNSTANCIAL;DESAPARICIÓN VOLUNTARIA
12/1/2025;13/1/2025;13/1/2025;ZONA 9;LA DELICIA;SAN ANTONIO ALTO;SAN ANTONIO ALTO 1;17;PICHINCHA;1701;QUITO;86400;0,004568;-78,446774;MUJER;ECUADOR;11;NIÑOS(AS);MESTIZO/A;13/1/2025;-0,000032;-78,428571;PICHINCHA;ENCONTRADO;CAUSAS PERSONALES;CIRCUNSTANCIAL;DESAPARICIÓN VOLUNTARIA
11/1/2025;13/1/2025;15/1/2025;ZONA 9;QUITUMBE;GUAMANÍ;GUAMANÍ 2;17;PICHINCHA;1701;QUITO;432000;-0,327644;-78,567355;HOMBRE;ECUADOR;14;ADOLESCENTES;MESTIZO/A;16/1/2025;-0,411535;-78,549851;PICHINCHA;ENCONTRADO;CAUSAS FAMILIARES;NO RELACIONADOS A VIOLENCIA;DESAPARICIÓN VOLUNTARIA
11/1/2025;13/1/2025;25/7/2025;ZONA 9;ELOY ALFARO - DMQ;MENA;MENA 3;17;PICHINCHA;1701;QUITO;20304000;-0,257845;-78,558349;HOMBRE;ECUADOR;16;ADOLESCENTES;MESTIZO/A;3/9/2025;-0,288625;-78,565618;PICHINCHA;ENCONTRADO;CAUSAS FAMILIARES;NO RELACIONADOS A VIOLENCIA;DESAPARICIÓN VOLUNTARIA
11/1/2025;14/1/2025;14/1/2025;ZONA 9;ELOY ALFARO - DMQ;CHILIBULO;CHILIBULO 1;17;PICHINCHA;1701;QUITO;777600;-0,252509;-78,542697;HOMBRE;ECUADOR;15;ADOLESCENTES;MESTIZO/A;20/1/2025;-0,253598;-78,543628;PICHINCHA;ENCONTRADO;CAUSAS SOCIALES;DROGADICCIÓN;DESAPARICIÓN VOLUNTARIA
11/1/2025;12/1/2025;12/1/2025;ZONA 9;ELOY ALFARO - DMQ;MENA;MENA 3;17;PICHINCHA;1701;QUITO;86400;-0,258524;-78,559697;HOMBRE;ECUADOR;44;ADULTO;MESTIZO/A;12/1/2025;-0,258206;-78,541323;PICHINCHA;ENCONTRADO;CAUSAS PERSONALES;CIRCUNSTANCIAL;DESAPARICIÓN VOLUNTARIA
11/1/2025;13/1/2025;13/1/2025;ZONA 9;ELOY ALFARO - DMQ;MAGDALENA;MAGDALENA 3;17;PICHINCHA;1701;QUITO;259200;-0,244115;-78,52207;HOMBRE;ECUADOR;28;ADULTO;MESTIZO/A;14/1/2025;-0,142187;-78,500228;PICHINCHA;ENCONTRADO;POSIBLE VINCULACIÓN A DELITO;ROBO (ESCOPOLAMINA U OTRA DROGA ALUCINÓGENA ALTAMENTE TÓXICA);DESAPARICIÓN INVOLUNTARIA
10/1/2025;13/1/2025;16/1/2025;ZONA 9;EUGENIO ESPEJO;AEROPUERTO;AEROPUERTO 3;17;PICHINCHA;1701;QUITO;777600;-0,142453;-78,494801;MUJER;VENEZUELA;42;ADULTO;BLANCO/A;19/1/2025;-0,161865;-78,496543;PICHINCHA;ENCONTRADO;CAUSAS FAMILIARES;NO RELACIONADOS A VIOLENCIA;DESAPARICIÓN VOLUNTARIA
10/1/2025;11/1/2025;11/1/2025;ZONA 9;MANUELA SÁENZ;CENTRO HISTÓRICO;CENTRO HISTÓRICO 3;17;PICHINCHA;1701;QUITO;2592000;-0,218822;-78,513549;HOMBRE;COLOMBIA;15;ADOLESCENTES;MESTIZO/A;9/2/2025;-0,094049;-78,45101;PICHINCHA;ENCONTRADO;CAUSAS FAMILIARES;NO RELACIONADOS A VIOLENCIA;DESAPARICIÓN VOLUNTARIA
10/1/2025;11/1/2025;11/1/2025;ZONA 9;LA DELICIA;COLINAS DEL NORTE;COLINAS DEL NORTE 3;17;PICHINCHA;1701;QUITO;86400;-0,093624;-78,506097;HOMBRE;ECUADOR;70;ADULTO MAYOR;MESTIZO/A;11/1/2025;-0,142144;-78,500572;PICHINCHA;ENCONTRADO;CAUSAS PERSONALES;CIRCUNSTANCIAL;DESAPARICIÓN VOLUNTARIA
10/1/2025;16/1/2025;18/1/2025;ZONA 9;ELOY ALFARO - DMQ;MAGDALENA;MAGDALENA 1;17;PICHINCHA;1701;QUITO;777600;-0,24157;-78,52978;HOMBRE;ECUADOR;15;ADOLESCENTES;MESTIZO/A;19/1/2025;-0,231906;-78,533194;PICHINCHA;ENCONTRADO;CAUSAS PERSONALES;CIRCUNSTANCIAL;DESAPARICIÓN VOLUNTARIA
10/1/2025;16/1/2025;16/1/2025;ZONA 9;MANUELA SÁENZ;PANECILLO;PANECILLO 1;17;PICHINCHA;1701;QUITO;1209600;-0,22171;-78,518309;HOMBRE;ECUADOR;45;ADULTO;MESTIZO/A;24/1/2025;-0,221235;-78,517655;PICHINCHA;ENCONTRADO;EXTRAVIADO - DISCAPACIDAD / ENFERMEDADES / TRASTORNOS;DISCAPACIDAD INTELECTUAL;EXTRAVÍO
10/1/2025;15/1/2025;16/1/2025;ZONA 9;EUGENIO ESPEJO;IÑAQUITO;IÑAQUITO 1;17;PICHINCHA;1701;QUITO;2592000;-0,172763;-78,474682;MUJER;ECUADOR;16;ADOLESCENTES;MESTIZO/A;9/2/2025;-0,170206;-78,47986;PICHINCHA;ENCONTRADO;CAUSAS FAMILIARES;NO RELACIONADOS A VIOLENCIA;DESAPARICIÓN VOLUNTARIA
10/1/2025;15/1/2025;16/1/2025;ZONA 9;EUGENIO ESPEJO;IÑAQUITO;IÑAQUITO 1;17;PICHINCHA;1701;QUITO;2592000;-0,172763;-78,474682;MUJER;ECUADOR;14;ADOLESCENTES;MESTIZO/A;9/2/2025;-0,170206;-78,47986;PICHINCHA;ENCONTRADO;CAUSAS FAMILIARES;NO RELACIONADOS A VIOLENCIA;DESAPARICIÓN VOLUNTARIA
10/1/2025;13/1/2025;13/1/2025;ZONA 9;MANUELA SÁENZ;MONJAS COLLACOTO;MONJAS COLLACOTO 3;17;PICHINCHA;1701;QUITO;13737600;-0,230011;-78,48584;MUJER;ECUADOR;15;ADOLESCENTES;MESTIZO/A;18/6/2025;-0,250739;-78,539932;PICHINCHA;ENCONTRADO;CAUSAS FAMILIARES;NO RELACIONADOS A VIOLENCIA;DESAPARICIÓN VOLUNTARIA
9/1/2025;17/2/2025;18/2/2025;ZONA 9;MANUELA SÁENZ;CENTRO HISTÓRICO;CENTRO HISTÓRICO 3;17;PICHINCHA;1701;QUITO;3715200;-0,218822;-78,513549;MUJER;BOLIVIA;30;ADULTO;MESTIZO/A;21/2/2025;-0,218822;-78,513549;PICHINCHA;ENCONTRADO;CAUSAS PERSONALES;CIRCUNSTANCIAL;DESAPARICIÓN VOLUNTARIA
9/1/2025;17/2/2025;18/2/2025;ZONA 9;MANUELA SÁENZ;CENTRO HISTÓRICO;CENTRO HISTÓRICO 3;17;PICHINCHA;1701;QUITO;3715200;-0,218822;-78,513549;HOMBRE;BOLIVIA;2;NIÑOS(AS);MESTIZO/A;21/2/2025;-0,218822;-78,513549;PICHINCHA;ENCONTRADO;CAUSAS PERSONALES;CIRCUNSTANCIAL;DESAPARICIÓN VOLUNTARIA
9/1/2025;16/1/2025;18/1/2025;ZONA 9;QUITUMBE;CHILLOGALLO;CHILLOGALLO 5;17;PICHINCHA;1701;QUITO;2678400;-0,291146;-78,569635;MUJER;ECUADOR;15;ADOLESCENTES;MESTIZO/A;9/2/2025;-0,30741;-78,526331;PICHINCHA;ENCONTRADO;CAUSAS PERSONALES;CIRCUNSTANCIAL;DESAPARICIÓN VOLUNTARIA
9/1/2025;13/1/2025;14/1/2025;ZONA 9;QUITUMBE;CHILLOGALLO;CHILLOGALLO 2;17;PICHINCHA;1701;QUITO;1728000;-0,277096;-78,559468;HOMBRE;ECUADOR;68;ADULTO MAYOR;MESTIZO/A;29/1/2025;-0,264345;-78,549857;PICHINCHA;ENCONTRADO;CAUSAS FAMILIARES;NO RELACIONADOS A VIOLENCIA;DESAPARICIÓN VOLUNTARIA
9/1/2025;12/1/2025;12/1/2025;ZONA 9;LA DELICIA;LA BOTA;LA BOTA 2;17;PICHINCHA;1701;QUITO;345600;-0,117249;-78,457433;HOMBRE;ECUADOR;58;ADULTO;MESTIZO/A;13/1/2025;-0,121498;-78,465905;PICHINCHA;ENCONTRADO;CAUSAS PERSONALES;CIRCUNSTANCIAL;DESAPARICIÓN VOLUNTARIA
9/1/2025;9/1/2025;9/1/2025;ZONA 9;EUGENIO ESPEJO;IÑAQUITO;IÑAQUITO 4;17;PICHINCHA;1701;QUITO;0;-0,187222;-78,490112;MUJER;ECUADOR;20;ADULTO;MESTIZO/A;9/1/2025;-0,245266;-78,52349;PICHINCHA;ENCONTRADO;CAUSAS SOCIALES;ALCOHOLISMO;DESAPARICIÓN VOLUNTARIA
9/1/2025;10/1/2025;10/1/2025;ZONA 9;QUITUMBE;ECUATORIANA;ECUATORIANA 3;17;PICHINCHA;1701;QUITO;345600;-0,310092;-78,558922;HOMBRE;ECUADOR;12;ADOLESCENTES;MESTIZO/A;13/1/2025;-0,304193;-78,558792;PICHINCHA;ENCONTRADO;CAUSAS PERSONALES;CIRCUNSTANCIAL;DESAPARICIÓN VOLUNTARIA
9/1/2025;15/1/2025;16/1/2025;ZONA 9;LA DELICIA;COLINAS DEL NORTE;COLINAS DEL NORTE 1;17;PICHINCHA;1701;QUITO;1123200;-0,10541;-78,513337;HOMBRE;ECUADOR;66;ADULTO MAYOR;MESTIZO/A;22/1/2025;-0,182105;-78,504054;PICHINCHA;FALLECIDO;FALLECIDO;SIN_DATO;DESAPARICIÓN INVOLUNTARIA
8/1/2025;9/1/2025;9/1/2025;ZONA 9;ELOY ALFARO - DMQ;ARGELIA;ARGELIA 5;17;PICHINCHA;1701;QUITO;172800;-0,286097;-78,526381;HOMBRE;ECUADOR;28;ADULTO;MESTIZO/A;10/1/2025;-0,142234;-78,500371;PICHINCHA;ENCONTRADO;CAUSAS PERSONALES;CIRCUNSTANCIAL;DESAPARICIÓN VOLUNTARIA
8/1/2025;9/1/2025;9/1/2025;ZONA 9;EUGENIO ESPEJO;KENNEDY;KENNEDY 4;17;PICHINCHA;1701;QUITO;86400;-0,137184;-78,476445;HOMBRE;ECUADOR;36;ADULTO;MESTIZO/A;9/1/2025;-0,142465;-78,500339;PICHINCHA;ENCONTRADO;CAUSAS PERSONALES;CIRCUNSTANCIAL;DESAPARICIÓN VOLUNTARIA
8/1/2025;20/1/2025;20/1/2025;ZONA 9;MANUELA SÁENZ;CENTRO HISTÓRICO;CENTRO HISTÓRICO 2;17;PICHINCHA;1701;QUITO;2764800;-0,223252;-78,514106;HOMBRE;ECUADOR;76;ADULTO MAYOR;MESTIZO/A;9/2/2025;-0,181991;-78,505476;PICHINCHA;FALLECIDO;FALLECIDO;SIN_DATO;DESAPARICIÓN INVOLUNTARIA
7/1/2025;8/1/2025;9/1/2025;ZONA 9;CALDERÓN;LLANO CHICO;LLANO CHICO 1;17;PICHINCHA;1701;QUITO;172800;-0,135002;-78,438247;MUJER;ECUADOR;12;ADOLESCENTES;MESTIZO/A;9/1/2025;-0,139587;-78,438247;PICHINCHA;ENCONTRADO;CAUSAS PERSONALES;CIRCUNSTANCIAL;DESAPARICIÓN VOLUNTARIA
7/1/2025;9/1/2025;9/1/2025;ZONA 9;CALDERÓN;CALDERÓN;CALDERÓN 2;17;PICHINCHA;1701;QUITO;432000;-0,096049;-78,424033;HOMBRE;ECUADOR;23;ADULTO;MESTIZO/A;12/1/2025;-0,096049;-78,424033;PICHINCHA;ENCONTRADO;CAUSAS SOCIALES;DROGADICCIÓN;DESAPARICIÓN VOLUNTARIA
6/1/2025;7/1/2025;7/1/2025;ZONA 9;TUMBACO;YARUQUÍ;YARUQUÍ 1;17;PICHINCHA;1701;QUITO;172800;-0,167036;-78,318787;MUJER;ECUADOR;17;ADOLESCENTES;MESTIZO/A;8/1/2025;-0,142449;-78,500189;PICHINCHA;ENCONTRADO;CAUSAS PERSONALES;CIRCUNSTANCIAL;DESAPARICIÓN VOLUNTARIA
6/1/2025;8/1/2025;9/1/2025;ZONA 9;QUITUMBE;GUAMANÍ;GUAMANÍ 3;17;PICHINCHA;1701;QUITO;604800;-0,336111;-78,562717;MUJER;ECUADOR;16;ADOLESCENTES;MESTIZO/A;13/1/2025;-0,304193;-78,558792;PICHINCHA;ENCONTRADO;CAUSAS PERSONALES;CIRCUNSTANCIAL;DESAPARICIÓN VOLUNTARIA
6/1/2025;6/1/2025;6/1/2025;ZONA 9;ELOY ALFARO - DMQ;CHIMBACALLE;CHIMBACALLE 4;17;PICHINCHA;1701;QUITO;86400;-0,245832;-78,512839;HOMBRE;ECUADOR;38;ADULTO;MESTIZO/A;7/1/2025;-0,248001;-79,16036;SANTO DOMINGO DE LOS TSACHILAS;ENCONTRADO;POSIBLE VINCULACIÓN A DELITO;SECUESTRO EXTORSIVO;DESAPARICIÓN INVOLUNTARIA
6/1/2025;6/1/2025;7/1/2025;ZONA 9;LA DELICIA;SAN ANTONIO BAJO;SAN ANTONIO BAJO 1;17;PICHINCHA;1701;QUITO;259200;-0,006789;-78,444322;HOMBRE;ECUADOR;32;ADULTO;MESTIZO/A;9/1/2025;0,831188;-77,708672;CARCHI;ENCONTRADO;CAUSAS PERSONALES;CIRCUNSTANCIAL;DESAPARICIÓN VOLUNTARIA
6/1/2025;8/1/2025;8/1/2025;ZONA 9;ELOY ALFARO - DMQ;FERROVIARIA;FERROVIARIA 4;17;PICHINCHA;1701;QUITO;604800;-0,260779;-78,509998;MUJER;ECUADOR;16;ADOLESCENTES;SIN_DATO;13/1/2025;-0,142144;-78,500572;PICHINCHA;ENCONTRADO;CAUSAS FAMILIARES;NO RELACIONADOS A VIOLENCIA;DESAPARICIÓN VOLUNTARIA
6/1/2025;8/1/2025;11/1/2025;ZONA 9;LA DELICIA;COLINAS DEL NORTE;COLINAS DEL NORTE 2;17;PICHINCHA;1701;QUITO;2937600;-0,10015;-78,518674;MUJER;ECUADOR;14;ADOLESCENTES;MESTIZO/A;9/2/2025;-0,10541;-78,513337;PICHINCHA;ENCONTRADO;CAUSAS FAMILIARES;NO RELACIONADOS A VIOLENCIA;DESAPARICIÓN VOLUNTARIA
6/1/2025;8/1/2025;9/1/2025;ZONA 9;QUITUMBE;CHILLOGALLO;CHILLOGALLO 3;17;PICHINCHA;1701;QUITO;1036800;-0,285621;-78,565043;MUJER;ECUADOR;15;ADOLESCENTES;MESTIZO/A;18/1/2025;-0,285621;-78,565043;PICHINCHA;ENCONTRADO;CAUSAS PERSONALES;RELACIÓN AFECTIVA;DESAPARICIÓN VOLUNTARIA
5/1/2025;7/1/2025;8/1/2025;ZONA 9;EUGENIO ESPEJO;JIPIJAPA;JIPIJAPA 2;17;PICHINCHA;1701;QUITO;259200;-0,163472;-78,472774;HOMBRE;ECUADOR;23;ADULTO;MESTIZO/A;8/1/2025;-0,142449;-78,500189;PICHINCHA;ENCONTRADO;CAUSAS FAMILIARES;NO RELACIONADOS A VIOLENCIA;DESAPARICIÓN VOLUNTARIA
5/1/2025;5/1/2025;5/1/2025;ZONA 9;EUGENIO ESPEJO;COCHAPAMBA;COCHAPAMBA 2;17;PICHINCHA;1701;QUITO;86400;-0,148795;-78,506447;HOMBRE;ECUADOR;19;ADULTO;MESTIZO/A;6/1/2025;-0,218822;-78,513549;PICHINCHA;ENCONTRADO;EXTRAVIADO - DISCAPACIDAD / ENFERMEDADES / TRASTORNOS;DISCAPACIDAD INTELECTUAL;EXTRAVÍO
5/1/2025;5/2/2025;10/2/2025;ZONA 9;ELOY ALFARO - DMQ;MAGDALENA;MAGDALENA 1;17;PICHINCHA;1701;QUITO;5270400;-0,24182;-78,527751;HOMBRE;ECUADOR;73;ADULTO MAYOR;MESTIZO/A;7/3/2025;-0,223252;-78,514106;PICHINCHA;ENCONTRADO;CAUSAS PERSONALES;CIRCUNSTANCIAL;DESAPARICIÓN VOLUNTARIA
4/1/2025;9/1/2025;9/1/2025;ZONA 9;LA DELICIA;EL MIRADOR;EL MIRADOR 3;17;PICHINCHA;1701;QUITO;6220800;-0,122409;-78,465248;HOMBRE;SIN_DATO;73;ADULTO MAYOR;MESTIZO/A;17/3/2025;-0,142144;-78,500572;PICHINCHA;ENCONTRADO;CAUSAS PERSONALES;CIRCUNSTANCIAL;DESAPARICIÓN VOLUNTARIA
4/1/2025;13/1/2025;13/1/2025;ZONA 9;TUMBACO;TUMBACO;TUMBACO 2;17;PICHINCHA;1701;QUITO;1382400;-0,210691;-78,395599;MUJER;ECUADOR;14;ADOLESCENTES;MESTIZO/A;20/1/2025;-0,210691;-78,395599;PICHINCHA;ENCONTRADO;CAUSAS PERSONALES;CIRCUNSTANCIAL;DESAPARICIÓN VOLUNTARIA
4/1/2025;20/1/2025;22/1/2025;ZONA 9;QUITUMBE;QUITUMBE;QUITUMBE 2;17;PICHINCHA;1701;QUITO;1728000;-0,298919;-78,528283;HOMBRE;ECUADOR;17;ADOLESCENTES;MESTIZO/A;24/1/2025;-0,298919;-78,528283;PICHINCHA;ENCONTRADO;CAUSAS PERSONALES;CIRCUNSTANCIAL;DESAPARICIÓN VOLUNTARIA
4/1/2025;4/1/2025;4/1/2025;ZONA 9;EUGENIO ESPEJO;SAN ISIDRO DEL INCA;SAN ISIDRO DEL INCA 2;17;PICHINCHA;1701;QUITO;259200;-0,13537;-78,461178;MUJER;ECUADOR;14;ADOLESCENTES;MESTIZO/A;7/1/2025;-0,23584;-78,53457;PICHINCHA;ENCONTRADO;CAUSAS FAMILIARES;NO RELACIONADOS A VIOLENCIA;DESAPARICIÓN VOLUNTARIA
4/1/2025;9/1/2025;10/1/2025;ZONA 9;ELOY ALFARO - DMQ;FERROVIARIA;FERROVIARIA 1;17;PICHINCHA;1701;QUITO;691200;-0,257573;-78,516408;MUJER;ECUADOR;16;ADOLESCENTES;MESTIZO/A;12/1/2025;-0,141977;-78,496392;PICHINCHA;ENCONTRADO;CAUSAS PERSONALES;CIRCUNSTANCIAL;DESAPARICIÓN VOLUNTARIA
2/1/2025;4/1/2025;4/1/2025;ZONA 9;LA DELICIA;MENA DEL HIERRO;MENA DEL HIERRO 1;17;PICHINCHA;1701;QUITO;259200;-0,108104;-78,505737;HOMBRE;ECUADOR;40;ADULTO;MESTIZO/A;5/1/2025;-0,123533;-78,504846;PICHINCHA;ENCONTRADO;CAUSAS SOCIALES;ALCOHOLISMO;DESAPARICIÓN VOLUNTARIA
